,index,year,month,day,publishedAt,headline,summary,source,url,API
0,0,2025,3,22,2025-03-22 23:48:53,Is Tesla (TSLA) Widely Held by Individuals in 2025?,"We recently compiled a list of the 12 Most Widely Held Stocks by Individuals in 2025. In this article, we are going to take a look at where Tesla, Inc. (NASDAQ:TSLA) stands against the other stocks widely held by individuals in 2025. Individual investors, often called retail investors, typically invest their personal capital directly into […]",Yahoo,https://finnhub.io/api/news?id=a968b590896e60cbb864070e8b89d0c218b0a8270d7e917db7818e612c54afaf,finnhub_news
1,1,2025,3,22,2025-03-22 22:00:00,Tesla investors at a loss as Elon Musk drags down stock price: ‘This time it feels different’,"Tesla finds itself in uncharted territory, now that it appears to have lost its aura of infallibility, leaving punters in the dark about its outlook.",Yahoo,https://finnhub.io/api/news?id=109c2d5c15643e5e3bf9bee358aa3592ed4c6032cee0d07e0460734295f6815e,finnhub_news
2,2,2025,3,22,2025-03-22 21:50:45,X Suspends Accounts in Turkey After Government Removal Requests,X has once again implemented restrictions at the behest of the Turkish government.,Yahoo,https://finnhub.io/api/news?id=82b7bdf5b9b152e3068f5b10f06d2a6c5a21943759087c78d860f1baeb83df4b,finnhub_news
3,3,2025,3,22,2025-03-22 21:44:16,Elon Musk Quotes Warren Buffett Metaphor On Stocks: Like Someone Standing And Yelling 'Prices To Buy Or Sell Your House Every Day...',"Tesla Inc. (NASDAQ:TSLA) CEO Elon Musk invoked Berkshire Hathaway Inc. CEO Warren Buffett‘s investment philosophy during an all-hands meeting on Thursday night, advising employees and investors to focus on companies with promising product ...",Yahoo,https://finnhub.io/api/news?id=31ba5d532d9e4c35f34c2b22db4aa698a5f671b29b0630bbe752a2fbf2c943d5,finnhub_news
4,4,2025,3,22,2025-03-22 19:11:58,Tesla Vs. BYD: TSLA Stock Tries To Halt Slide Amid Brand 'Destruction'; Earnings Due For Fast-Charging BYD,"Tesla has sold off as Elon Musk spurs brand ""destruction"" but is trying to steady. BYD earnings are due with the stock near highs.",Yahoo,https://finnhub.io/api/news?id=dd8f492a6360c4c3fc9a4b47d149b0e2bb84a92cc2f3afb49b1605156e15e64f,finnhub_news
5,5,2025,3,22,2025-03-22 18:41:22,Tesla (TSLA) Faces AI & EV Market Challenges as Analyst Lowers Price Target,"We recently published a list of 10 High-Flying AI Stocks to Watch Today. In this article, we are going to take a look at where Tesla, Inc. (NASDAQ:TSLA) stands against other high-flying AI stocks to watch today. The most important conference in the tech world is in full swing, yet investors are skeptical about what’s […]",Yahoo,https://finnhub.io/api/news?id=3302db058cb20d052331b3c5ac311281d3a9888447d5421b1e42202066603bb9,finnhub_news
6,6,2025,3,22,2025-03-22 18:14:28,Anti-Musk protesters gather outside Tesla dealership in Washington,"Roughly 100 peoplewaved signs and danced in protest outside a Tesla dealership inWashington on Saturday, angry at the electric vehicle maker'sbillionaire CEO Elon Musk, who has led efforts to...",Finnhub,https://finnhub.io/api/news?id=2263579dbf0027bb8f2998b818f6c8c491a0029ca5d28de72cb268aa3610c48a,finnhub_news
7,7,2025,3,22,2025-03-22 15:10:13,Trump Trade: Loss of $10B JEDI contract ‘watershed’ moment for Bezos,"Catch up on the top industries and stocks that were impacted, or were predicted to be impacted, by the comments, actions and policies of President Donald Trump with this daily recap compiled by The Fly: WATERSHED MOMENT: Sources detail how former Amazon (AMZN) CEO Jeff Bezos made peace with President Donald Trump, with many pointing to Amazon losing the $10B JEDI contract during Trump’s first term as a watershed moment, The Financial Times’ Anna Nicolaou, Stephen Morris, Rafe Uddin, and Alex Rog",Yahoo,https://finnhub.io/api/news?id=8e9af2f58bad975cc125464cff3fa5e62183748bb64005938d82dd1c61addb04,finnhub_news
8,8,2025,3,22,2025-03-22 15:05:00,"Tesla: Buy, Sell, or Hold?","Shares of Tesla (NASDAQ: TSLA) had a phenomenal run in the last several weeks of 2024, virtually doubling in about two months' time.  Continue reading to find out if Tesla stock is a buy, sell, or hold right now.  Adding fuel to Tesla's stock dip was the company's fourth-quarter financial update.",Yahoo,https://finnhub.io/api/news?id=4be84f23f1cd150af1441a541cffcba1636a176341541a7616d986997ca4a5aa,finnhub_news
9,9,2025,3,22,2025-03-22 15:00:50,This week in Trumponomics: Shilling for Tesla,Donald Trump and his advisers are now Tesla promoters. It reeks of desperation.,Yahoo,https://finnhub.io/api/news?id=ac695adcf028c56ac3b515f69a51e42985a3cf90b982d868233249550c304c80,finnhub_news
10,10,2025,3,22,2025-03-22 14:30:00,Is Tesla facing a brand crisis when Elon Musk 'is the brand'?,"Earlier this week, Wedbush managing director and senior equity analyst Dan Ives warned that Tesla (TSLA) CEO Elon Musk ""needs to change course"" and reassess his commitments to the EV maker over his position as the head of the Department of Government Efficiency (DOGE) in the Trump administration. Ives sits down with the Market Domination team to react to speak more about Tesla's branding, commenting on Musk's own proximity to President Trump. After President Trump's endorsement of Tesla on the White House lawn last week, US Secretary of Commerce Howard Lutnick urged viewers to purchase Tesla stock in a recent interview with Fox News. Also catch Dan Ives explain why Elon Musk is taking a ""huge step forward"" in rebalancing his responsibilities at Tesla, demonstrated in his all-hands meeting on Thursday where he implored Tesla employees to ""hang onto"" and hold off on selling their stock. To watch more expert insights and analysis on the latest market action, check out more Market Domination here.",Yahoo,https://finnhub.io/api/news?id=d2cb8b12db6851b43dca7a5118e5698c807871b220e7757b632ec9b4474b52b7,finnhub_news
11,11,2025,3,22,2025-03-22 14:00:00,"Costco follows Walmart, a weight loss drug panic, and an airline's hotel fail: Business news roundup",Costco is reportedly demanding price cuts from its Chinese suppliers as U.S. tariffs continue to take a toll.,Yahoo,https://finnhub.io/api/news?id=bfe1405b91372ac6b118921e2b89e69f2eb7b996b22a75a205b3ce382a174f17,finnhub_news
12,12,2025,3,22,2025-03-22 13:33:00,Tesla stock mega bull gives Elon Musk an ultimatum,This analyst is raising concerns about a stock he has championed for years.,Yahoo,https://finnhub.io/api/news?id=829506df8fe3fdc0fd4ae37c7eba588ff1c5136eb7a2cb6c4552f1bcd581da95,finnhub_news
13,13,2025,3,22,2025-03-22 11:37:04,Nova Scotia legislators vote unanimously to scrap electric car rebates for Tesla,HALIFAX - Nova Scotia has become the latest province to scrap electrical vehicle rebates for Teslas due to the CEO's association with the U.S. administration and its trade war on Canada. The...,Finnhub,https://finnhub.io/api/news?id=1d6343236af54cc7ddd498ad7edce1b9d09b802977fc2325bdc67ac583af7095,finnhub_news
14,14,2025,3,22,2025-03-22 10:00:00,Musk Political Group Takes on Local Races and New Targets,His America PAC has spent big in Wisconsin and is exploring Nevada. and he has business interests in both states.,Yahoo,https://finnhub.io/api/news?id=9e3fdfd47af0e5aa53ca44903ae286a47791766385c330c028c01af75a14a52b,finnhub_news
15,15,2025,3,22,2025-03-22 09:15:33,"VUG: Mag 7 Now The Lag 7, Better Valuation, Weaker Chart","US large-cap growth stocks, particularly the Russell 1000 Growth Index, are in correction territory, with the Lag 7 stocks all down year-to-date.",SeekingAlpha,https://finnhub.io/api/news?id=9630443a249875083c6b75989594e66addfd14a9fdf30190765424de3deb9337,finnhub_news
16,16,2025,3,22,2025-03-22 07:46:08,What Moved Markets This Week,The U.S. stocks snapped a four-week losing streak on Friday as the S&P 500 barely moved into positive territory. Read more about this week's major events on Wall Street.,SeekingAlpha,https://finnhub.io/api/news?id=d5615eca363cc981a2aab1345ca4476f3b779e2451e0f52a8c7f33be31631712,finnhub_news
17,17,2025,3,22,2025-03-22 05:28:00,Elon Musk’s companies have billions in federal contracts but also deep ties to China. Trump said it makes him ‘susceptible’ as a businessman,Musk’s rocket company SpaceX has $22 billion in contracts with the federal government.,Yahoo,https://finnhub.io/api/news?id=745b54810d39e8cc8675af8acb316239dbceb5c7bb2e40327248fbcb927df7f3,finnhub_news
18,18,2025,3,22,2025-03-22 05:00:00,AP Top Extended Financial Headlines at 11:49 a.m. EDT,"A Trump Cabinet secretary violated the law when he told TV viewers this week to buy Tesla stock, but it's not clear that anything will be done about it",Yahoo,https://finnhub.io/api/news?id=cf61202a9cbe6f4a290850f9ae9ed8e6195ff2e8fb3d68890cc9960ea0f635d8,finnhub_news
19,19,2025,3,22,2025-03-22 05:00:00,AP Top Financial News at 11:49 a.m. EDT,Legal experts say Trump official broke law by saying 'Buy Tesla' stock but don't expect a crackdown,Yahoo,https://finnhub.io/api/news?id=281b2c577ae7d9393a3839eae090aaf2891f690d9d62f3eb4e813aeb24be7467,finnhub_news
20,20,2025,3,22,2025-03-22 04:20:00,BUZZ Investing: Fed's Glimmer Of Hope Amid Market Corrections,,SeekingAlpha,https://finnhub.io/api/news?id=03408afa1952080181545aeb839354c59d0d91de887cdbdfbdbaa304f5c44835,finnhub_news
21,21,2025,3,22,2025-03-22 01:35:00,Big Tech's Market Reset: Why This Pullback Is Different,"Unlike the dot-com bubble, we believe todayâs tech giants, including Nvidia, have more reasonable valuations and sustainable earnings growth, making them fundamentally stronger investments.",SeekingAlpha,https://finnhub.io/api/news?id=8dbdea74858a62bb52c8e9b3b972a4cc25f7184bfefb70b095163285fdebd8d2,finnhub_news
22,22,2025,3,22,2025-03-22 01:00:48,"Elon Musk Says 'Hang On To Your Stock' In Surprise Late-Evening Tesla All-Hands Meeting — Touts 7 Million EVs, Optimus Robot, And AI Supercomputer Dojo (CORRECTED)","On Thursday night, Tesla Inc. (NASDAQ:TSLA) abruptly scheduled an all-hands meeting. The event was set to begin at 9:30 p.m. ET, but it didn't start until 9:58 p.m. ET. What Happened: The presentation started with Tesla CEO Elon Musk praising the ...",Yahoo,https://finnhub.io/api/news?id=849e7c20bcd3e01eeb293939f0ba5d864e38c3d38e0d1e02938511b394351cae,finnhub_news
23,23,2025,3,22,2025-03-22 01:00:12,"Wang Chuanfu, the BYD founder with a battery obsession","From a certain perspective, this might have seemed like a rocky week for electric car maker BYD and its metallurgist-turned-billionaire founder...",Yahoo,https://finnhub.io/api/news?id=ca7f3c79882733601f2acb5ee2614f0ada910a3dacb4e2a2f687e5d5b12ca091,finnhub_news
24,24,2025,3,22,2025-03-22 01:00:00,"To Whoever Keyed The Car, Thank You!'—Cybertruck Owner Says Keying His Truck Backfired, Vows To Help Tesla Sell More Cars","A Tesla Cybertruck owner returned from a trip to find his vehicle had been keyed. Instead of getting angry, he used the incident to promote Tesla (NASDAQ:TSLA), saying the act of vandalism did nothing to hurt the company or its CEO, Elon Musk. ‘This Craziness Has To Stop’ Chris, who goes by “Common Sense American” on social media, posted about the incident, questioning the logic behind keying his truck. “Does this hurt Elon Musk? Keying my car? No,” he said, adding that if he didn’t have a wrap",Yahoo,https://finnhub.io/api/news?id=058ea5932da9990b351e9a66d28e6e09b4ba4c4248278170f1580f0ad6e839ed,finnhub_news
25,25,2025,3,22,2025-03-22 01:00:00,Here’s Why I Bought a Tesla (In Spite of Elon),"When it came time for our car critic to purchase a vehicle for himself, the choice seemed clear. Now, as an Elon backlash rages, Dan Neil wants to explain.",Yahoo,https://finnhub.io/api/news?id=c8143ac50d2ee4bc87ddabade916236d9ebb77be2cfdff2de0b6c9c9f1f3f20a,finnhub_news
26,26,2025,3,21,2025-03-21 21:50:00,A Cautious Half Clap,"After four straight weeks of flogging, US equities finally managed to locate the elusive up button.",SeekingAlpha,https://finnhub.io/api/news?id=f27234fdb311b2dedd82e1016a931d5e28b3274d1fb12f20b72b60e08008142a,finnhub_news
27,27,2025,3,21,2025-03-21 18:43:04,7 Reasons Tesla Could Be Nearing A Bullish Inflection Point After Brutal 2025 Start,"Tesla, Inc. stock's 42% YTD drop has sparked debateâwill projects like FSD, Robotaxi & cheaper EVs in China drive recovery? Click to see why I am bullish on TSLA.",SeekingAlpha,https://finnhub.io/api/news?id=1b3cc05b9b5ff5c0ddd1615a2fcf96ead4ca86d339d195b7bb011d7086b8f91d,finnhub_news
28,28,2025,3,21,2025-03-21 18:05:00,"The Score: Nvidia, Tesla, Nike and More Stocks That Defined the Week","The Score: Nvidia, Tesla, Nike and More Stocks That Defined the Week",DowJones,https://finnhub.io/api/news?id=0f817721f33617fcddba5ad9bfff107dc02732c3e63ebf63ed6740ffabff8595,finnhub_news
29,29,2025,3,21,2025-03-21 15:58:00,Lockheed Stock Is Dropping. Boeing Pops on News of New Jet Fighter.,Lockheed Stock Is Dropping. Boeing Pops on News of New Jet Fighter.,MarketWatch,https://finnhub.io/api/news?id=ae1b96cdeef34461c87b52cffbdcd60b8c50d2bb0095b25e1bda4fc6543f7ef2,finnhub_news
30,30,2025,3,21,2025-03-21 15:40:00,How to set up financial plans to protect loved ones from themselves,How to set up financial plans to protect loved ones from themselves,MarketWatch,https://finnhub.io/api/news?id=4fe70775bbd50bd0f231b7e7193622fac8f1c42cda4126375d5d7ac5b561c3b3,finnhub_news
31,31,2025,3,21,2025-03-21 15:36:39,BYD: Racing Ahead Despite Rising Risks,"BYD Company Limited's stock soars 58% YTD, outpacing Tesla & Li Auto. Click for my updated look at BYDDF prospects following its battery-charging and FSD news.",SeekingAlpha,https://finnhub.io/api/news?id=f1dc37fbaa37d9cb8e225b54e506f39d6676fc09607f220767d954ee845e7874,finnhub_news
32,32,2025,3,21,2025-03-21 15:30:15,BYD Makes Tesla-Like Waves In Global Automotive Market,"BYD Company's aggressive global expansion, flexible pricing and innovative technology position it as a strong contender for BEV market dominance. Learn more on TSLA stock here.",SeekingAlpha,https://finnhub.io/api/news?id=1aba61dfaae613e1089f6e1325f39973d3cc677a6a125838ef2d55c6383ee398,finnhub_news
33,33,2025,3,21,2025-03-21 14:55:00,Summer Cuts Coming? Sticky Inflation Will Keep Gold In Spotlight,"No cut baked in for May; summer rate cuts coming? Financials, gold, oil see gains.",SeekingAlpha,https://finnhub.io/api/news?id=128002fd804faf64cb2233e6c98b1ad30c2a95fe08132682a554d4ffe39a2e23,finnhub_news
34,34,2025,3,21,2025-03-21 14:27:00,"Tesla Stock Is Up: All-Hands Meeting, Musk at the Pentagon, Trade-Ins, and Price Targets","Tesla Stock Is Up: All-Hands Meeting, Musk at the Pentagon, Trade-Ins, and Price Targets",MarketWatch,https://finnhub.io/api/news?id=15d98b7ea441165b7ca49c1e07a5625999e9e3365c2b8749644ed7edf846a305,finnhub_news
35,35,2025,3,21,2025-03-21 13:05:00,The Davenport Core Leaders Fund Q4 2024 Commentary,The Davenport Core Leaders Fund closed out the fourth quarter and the full-year of 2024 achieving another strong year of growth. Click here to read the full commentary.,SeekingAlpha,https://finnhub.io/api/news?id=4c66bda2d3b36426048dedd8ee7f193473d415af05a44d152a74e57254002c0a,finnhub_news
36,36,2025,3,21,2025-03-21 12:47:00,"Tesla’s stock is having its worst stretch ever, and the bad news keeps coming","Tesla’s stock is having its worst stretch ever, and the bad news keeps coming",MarketWatch,https://finnhub.io/api/news?id=c4bef30a98349b288a05420f5ed2bab6edb5c6849131c58e0868264938543102,finnhub_news
37,37,2025,3,21,2025-03-21 12:06:06,"Trump brands Tesla arsonists 'terrorists,' suggests sending them to El Salvador prisons","Washington, Mar 21 .- US President Donald Trump on Friday called those responsible for burning Tesla vehicles and attacking its dealerships sick terrorist thugs and suggested sending them to El...",Finnhub,https://finnhub.io/api/news?id=7ea566a6b95ac81a99f64591a69e0421a1e06aa94f56fb95a30a230ab34945b4,finnhub_news
38,38,2025,3,21,2025-03-21 11:45:57,"Elon Musk holds Pentagon meeting, wants leakers prosecuted",Billionaire Elon Muskheld a meeting for more than an hour at the Pentagon on Fridaymorning as the close ally of President Donald Trump called forthe prosecutions of any Pentagon officials leaking...,Finnhub,https://finnhub.io/api/news?id=0672ee1eef594f3aab5f8f128cecedd773f56149c783f77f5671e1700d32522b,finnhub_news
39,39,2025,3,21,2025-03-21 11:26:50,Tesla's Empire Crumbles As BYD Strikes The Fatal Blow (Rating Upgrade),Discover how BYD Company Limited overtook Tesla in the EV race with innovations in self-driving and charging. Click for why BYYDF stock is a top pick vs. TSLA.,SeekingAlpha,https://finnhub.io/api/news?id=b997287996b7bbff5a01e8d12386471368db88908608e73b18c192dfd54d0328,finnhub_news
40,40,2025,3,21,2025-03-21 11:09:43,"Big Tech ETF on pace for weekly loss after big drops for Nvidia, Meta and Tesla","Big Tech ETF on pace for weekly loss after big drops for Nvidia, Meta and Tesla",MarketWatch,https://finnhub.io/api/news?id=2d5cea3f07b3b4b3722699bdcb58722b48f6507d38fcfd1f219ad187806556c9,finnhub_news
41,41,2025,3,21,2025-03-21 11:07:56,Elon Musk's Potential Margin Call - The Facts,"Tesla, Inc. shares drop over 50%, but Elon Musk's minimal borrowing and lack of a $12.5B loan debunk margin call fears. Click for my TSLA update.",SeekingAlpha,https://finnhub.io/api/news?id=75b238e36f45e967684b1b1c4ba1d44fba9b631942c70f639aa17934fcc18b1b,finnhub_news
42,42,2025,3,21,2025-03-21 11:00:00,Large cryptocurrencies fall as Sui drops,Large cryptocurrencies fall as Sui drops,MarketWatch,https://finnhub.io/api/news?id=e79a1217d33ee569d92391eb5e5121b2fd25f5a630c5c686b4ee8cf0f5d56fbf,finnhub_news
43,43,2025,3,21,2025-03-21 10:58:16,"Tesla: The Sentiment Shift Could Be Permanent, Killing The ZigZag Trade","Tesla, Inc. faces risks as innovation stagnates, competition rises, and market share declines. Click to see why TSLA stock overvaluation could make investing risky.",SeekingAlpha,https://finnhub.io/api/news?id=b2962631603c16662c06b364aabc0e43e08b703d243be7ec492538898cd8f6bb,finnhub_news
44,44,2025,3,21,2025-03-21 10:41:41,"Dow Jones Sells Off 400 Points As Nvidia Slides; FedEx, Nike Plunge On Earnings","Dow Jones Sells Off 400 Points As Nvidia Slides; FedEx, Nike Plunge On Earnings",DowJones,https://finnhub.io/api/news?id=2919d5e4cf45cc8a3c388d04b579df70baf2d000b29c8d555e534007b73a392c,finnhub_news
45,45,2025,3,21,2025-03-21 10:36:56,'Hang Onto Your Stock' Is Musk's Message In Last-Minute Tesla Conference,'Hang Onto Your Stock' Is Musk's Message In Last-Minute Tesla Conference,DowJones,https://finnhub.io/api/news?id=7fc05dcce79f5b7598fd7c14a5bc67c53040b75eba4d93e102f918b806114e17,finnhub_news
46,46,2025,3,21,2025-03-21 10:33:00,Meet the Former Tesla Die-Hards Now Selling Their Shares,Meet the Former Tesla Die-Hards Now Selling Their Shares,DowJones,https://finnhub.io/api/news?id=437509197d21306c543d01ed14d66150cb7b3fb7fb338c66c9c6907b5a776934,finnhub_news
47,47,2025,3,21,2025-03-21 10:27:39,Tesla: Buying The Dip Is A Mistake,"Tesla, Inc.'s stock is down 50%, but is it really the best robotics bet? Explore why rivals & Mag 7 stocks might offer smarter exposure. Click for my TSLA update.",SeekingAlpha,https://finnhub.io/api/news?id=7bbe1af836def3076342bfda9d350fd709b84907a717f93b09b6077b4f208e94,finnhub_news
48,48,2025,3,21,2025-03-21 10:18:00,Elon Musk urges Tesla employees to hang on to their stock as he lays out ‘sustainable abundance’ vision,Elon Musk urges Tesla employees to hang on to their stock as he lays out ‘sustainable abundance’ vision,MarketWatch,https://finnhub.io/api/news?id=cada870a9ac24aafb040f4e1005bed8b4977c36fdaeca5c09819a33d7c39b540,finnhub_news
49,49,2025,3,21,2025-03-21 10:04:33,"Tesla: Back To Pre-Election Levels, But Risks Still Loom.","Tesla deals with delays in projects like FSD and Optimus, affecting long-term growth. Find out why TSLA stock is a hold amid rising competition and expenses.",SeekingAlpha,https://finnhub.io/api/news?id=32351b2d34b88f6d6de37461d0cfef563406e1eb381390af6b4b4f477163a8d0,finnhub_news
50,50,2025,3,21,2025-03-21 10:01:03,Hegseth Cancels Defense Contracts. IT Government Contractors Sell Off.,Hegseth Cancels Defense Contracts. IT Government Contractors Sell Off.,DowJones,https://finnhub.io/api/news?id=ee0048abf354b388afdc308b39294165044029ba4aecca2358f8916ae8fa6cc8,finnhub_news
51,51,2025,3,21,2025-03-21 10:01:00,Musk Tells Tesla Workers: Don’t Sell Your Shares,Musk Tells Tesla Workers: Don’t Sell Your Shares,DowJones,https://finnhub.io/api/news?id=c4a3272413d69aec9902aa5fda7b8c3780496b7af7aa3d664db02488f866c56b,finnhub_news
52,52,2025,3,21,2025-03-21 09:35:00,"Tesla Stock Today: All-Hands Meeting, Trade Ins, and an Analyst Price Target Cut","Tesla Stock Today: All-Hands Meeting, Trade Ins, and an Analyst Price Target Cut",MarketWatch,https://finnhub.io/api/news?id=a22fe13688c8fb165989572c57ca5eba7a00c0057db0e314f90ae1b5934ec74e,finnhub_news
53,53,2025,3,21,2025-03-21 09:25:14,"Nasdaq 100 Index Outperforms The S&P 500, But Has Its Pros And Cons","Nasdaq 100 Index Outperforms The S&P 500, But Has Its Pros And Cons",DowJones,https://finnhub.io/api/news?id=449979f4e2d41c2696531c1316b2785b4c82dd51a2b5c2b87be3c2375c9994c6,finnhub_news
54,54,2025,3,21,2025-03-21 09:15:00,Tesla Faces Unprecedented Reputational Fallout,Tesla is down nearly 50% and experts are avoiding it. Read here for our analysis of TSLA stock and why we think you should avoid it.,SeekingAlpha,https://finnhub.io/api/news?id=ff2412ec3b9f8005d34cb874eb9a7a7f858039bb66bf97b614aeb666f1f44ca7,finnhub_news
55,55,2025,3,21,2025-03-21 08:55:00,Artisan Select Equity Fund Q4 2024 Commentary,The non-Magnificent Seven share prices have lagged terribly over the past several years. But how have these companies done from an earnings perspective? Find out. ,SeekingAlpha,https://finnhub.io/api/news?id=b8ae97d119aebc7c089932c07790851c6034d92998e733633976c431871ddb9e,finnhub_news
56,56,2025,3,21,2025-03-21 08:01:33,"Tesla misses $1.4 billion in cash flow, investors worry",Copyright © BusinessAMBE 2023Key takeawaysA Financial Times investigation found that $1.4 billion was missing from Tesla's cash flow statements.Tesla reported that it had spent $6.3 billion on...,Finnhub,https://finnhub.io/api/news?id=145e4ea5e3deab3c4538aa75ade400390d8a6d03f81b488e7a52f602535c2928,finnhub_news
57,57,2025,3,21,2025-03-21 08:00:00,"Tesla: A Buying Opportunity For Believers, More To Drop For Detractors","Tesla faces near-term challenges in orders, which could impact its FY25 performance. Click here to read why we rate TSLA stock a conditional Hold.",SeekingAlpha,https://finnhub.io/api/news?id=c4f976a6e594c0022569b24a8a837b89b5bac1d68d983f68ef20fcb7c981598f,finnhub_news
58,58,2025,3,21,2025-03-21 07:33:20,"Tesla Workers in Germany Demand Better Working Conditions, Union Says","By Dominic Chopping Around a quarter of workers at Tesla's German factory have signed a petition demanding longer breaks and more staffing, the IG Metall union said in a statement Thursday. ...",Finnhub,https://finnhub.io/api/news?id=57106b69305b4ed68d5c7186cd8921777be14b547fe5b8b5460e202016ae562a,finnhub_news
59,59,2025,3,21,2025-03-21 07:30:00,SCHG Vs. VUG: Both Are An Equally Great Way To Capture The Tech Rebound,"SCHG and VUG ETFs are top choices amid AI spending is expected to grow significantly, with higher valuations. Click here for a detailed analysis.",SeekingAlpha,https://finnhub.io/api/news?id=17b43a7ae99a578504fe2722e26d005e08937efa301e9313af0c56a7f094d4d6,finnhub_news
60,60,2025,3,21,2025-03-21 06:30:00,"From Ford to Musk, the Perils of Trying to Build a Global Auto Empire","From Ford to Musk, the Perils of Trying to Build a Global Auto Empire",DowJones,https://finnhub.io/api/news?id=76f2663fa3c6b7b5e1b2af087c6072fa7122c8d91297c9de64447e7c572f8252,finnhub_news
61,61,2025,3,21,2025-03-21 04:47:53,ARKK's Best Setup In Years: A Case For Outperformance,"ARKK is shifting top holdings, led by Palantir, which is driving growth and outperformance vs. QQQ ETF. Read here for more on ARKK ETF.",SeekingAlpha,https://finnhub.io/api/news?id=e6ddf8270adda29eda506b3fdbc8ffba53aa331099212176d91c183c36ed3e69,finnhub_news
62,62,2025,3,21,2025-03-21 03:02:00,"Tesla Aims to Build 5,000 Humanoid Robots This Year; Musk Urges Staff to Not Sell Shares","Tesla Aims to Build 5,000 Humanoid Robots This Year; Musk Urges Staff to Not Sell Shares",MarketWatch,https://finnhub.io/api/news?id=8fd754565622e5b09d6d5097dab87d350d9b6494d204489cbc174fd156423627,finnhub_news
63,28,2025,3,21,2025-03-21 00:00:00,Elon Musk's surprise Tesla all-hands left some workers feeling comforted and some feeling cynical,"Elon Musk held a last-minute all-hands event at Tesla's Texas Gigafactory. Some workers felt perplexed, while others were reassured.",Business Insider,https://www.businessinsider.com/elon-musk-surprise-tesla-all-hands-employee-reaction-2025-3,api_news_org
64,78,2025,3,21,2025-03-21 00:00:00,Trump suggests Tesla vandals should be sent to prison in El Salvador,"President Donald Trump seemed to issue a warning to individuals who participate in Tesla vandalisms, as reports of destruction of vehicles surge across the country.",ABC News,https://abcnews.go.com/Politics/trump-suggests-tesla-vandals-prison-el-salvador/story?id=120019715,api_news_org
65,72,2025,3,21,2025-03-21 00:00:00,Tesla ha llamado a revisión a casi todos los Cybertruck vendidos y hay un buen motivo: se les caen piezas en marcha,"El aterrizaje del Tesla Cybertruck está comprando todas las papeletas para convertirse en una de las llegadas al mercado más estrambóticas vistas hasta ahora. El todoterreno eléctrico ha pasado por situaciones de todo tipo, tanto para bien como para mal. Pero…",Xataka.com,https://www.xataka.com/movilidad/tesla-ha-llamado-a-revision-a-casi-todos-cybertruck-vendidos-hay-buen-motivo-se-les-caen-piezas-marcha,api_news_org
66,71,2025,3,21,2025-03-21 00:00:00,"Elon Musk ha intentado frenar a los sindicatos en Tesla: en Alemania, más de 3.000 empleados han respondido","La única gigafactoría que Tesla tiene en Europa está pasando por un profundo conflicto laboral que tiene en pie de guerra a sindicatos y directiva de la factoría de Tesla en Berlín.
<!-- BREAK 1 -->
La compañía duda de la veracidad de las bajas por enfermedad…",Xataka.com,https://www.xataka.com/empresas-y-economia/elon-musk-ha-intentado-frenar-a-sindicatos-tesla-alemania-3-000-empleados-han-respondido,api_news_org
67,40,2025,3,21,2025-03-21 00:00:00,"Tesla 'armageddon,' a 'legion' of Optimus robots, and no mention of DOGE: 5 takeaways from Elon Musk's livestream","""So what I am saying is, 'Hang on to your stock,'"" Musk told employees in the Texas Gigafactory.",Business Insider,https://www.businessinsider.com/5-big-takeaways-elon-musk-tesla-all-hands-meeting-2025-3,api_news_org
68,37,2025,3,21,2025-03-21 00:00:00,"Tesla springs last-minute public all hands on staffers, confusion ensues","Tesla notified employees of an all-hands shortly before the event, according to a memo viewed by Business Insider.",Business Insider,https://www.businessinsider.com/tesla-springs-last-minute-public-all-hands-on-staffers-2025-3,api_news_org
69,38,2025,3,21,2025-03-21 00:00:00,Elon Musk calls Jimmy Kimmel an 'unfunny jerk' after his jokes about Tesla and DOGE,Jimmy Kimmel poked fun at Elon Musk over two nights following the Tesla arson and vandalism attacks — and the Tesla CEO was listening.,Business Insider,https://www.businessinsider.com/elon-musk-jimmy-kimmel-unfunny-jerk-tesla-recall-doge-cuts-2025-3,api_news_org
70,63,2025,3,20,2025-03-20 21:01:45,Tracking Philippe Laffont's Coatue Management Portfolio - Q4 2024 Update,"Coatue Management's 13F portfolio increased from $26.92B to $29.68B. Read here for latest updates like new stakes, top holdings, and major changes in tech giants.",SeekingAlpha,https://finnhub.io/api/news?id=6d8832482796059cc517c0cf653abbd3075425615bd6e0e849beddef24fd9037,finnhub_news
71,64,2025,3,20,2025-03-20 19:30:00,"Lutnick’s Pitch to Buy Tesla Stock Is Unprecedented and Alarming, Historians Say","Lutnick’s Pitch to Buy Tesla Stock Is Unprecedented and Alarming, Historians Say",MarketWatch,https://finnhub.io/api/news?id=b80105c67d06bdfb4d6d490a014205aeea18a799b3401244865bd67921d09cd6,finnhub_news
72,65,2025,3,20,2025-03-20 17:18:00,Tesla Cybertruck Recall: What to Know,Tesla Cybertruck Recall: What to Know,MarketWatch,https://finnhub.io/api/news?id=1d51bc4bff7f1ea9249f401b70614adce0523841b32ad2c0a85d099915152b20,finnhub_news
73,66,2025,3,20,2025-03-20 16:40:50,"Tesla: Don't Let The Chart Fool You, This Cyclical Business Is Hugely Overvalued","Tesla, Inc.'s stock is overvalued, driven by hype over fundamentals. Explore its risks, volatile performance, and whether it's a sell for new investors.",SeekingAlpha,https://finnhub.io/api/news?id=0696df31a07d4cbf54582a8e70f878cf92dca9c65ce7afcf849a92f1ac7c440b,finnhub_news
74,67,2025,3,20,2025-03-20 15:36:00,Tesla Recalls Most Cybertrucks,Tesla Recalls Most Cybertrucks,DowJones,https://finnhub.io/api/news?id=9c8de2a5f8ea74037b7f38a19fdc92cf4f130d816dc08d006a99fb66f8ccb23a,finnhub_news
75,68,2025,3,20,2025-03-20 15:09:00,Betting Against Tesla and Elon Musk Is Easy With These ETFs. The Risks Outweigh the Rewards.,Betting Against Tesla and Elon Musk Is Easy With These ETFs. The Risks Outweigh the Rewards.,MarketWatch,https://finnhub.io/api/news?id=a0f6880fdfa4272411ef45fe832307d9e0caa95a3d32431c36bc5eeebf59858c,finnhub_news
76,69,2025,3,20,2025-03-20 12:08:04,BYD: The Anti-Tesla Keeps Winning,BYD Company Limited impresses with technological advancements and a strong market position. Read why BYDDY stock is a top EV pick for long-term growth.,SeekingAlpha,https://finnhub.io/api/news?id=d0e824c4a532b8f8f9a40cd1cfb32fbe6e5d3661789a84f00f4bdac254c963f4,finnhub_news
77,70,2025,3,20,2025-03-20 11:33:29,X sues Modi's government over content removal in new India censorship fight,"India's IT ministry hasunlawfully expanded censorship powers to allow the easierremoval of online content and empowered countless governmentofficials to execute such orders, Elon Musk's X has...",Finnhub,https://finnhub.io/api/news?id=9e59fb545b1944a03ec1b2277c3b52226d1eb960a49c2f0b57acbe6c341958cb,finnhub_news
78,71,2025,3,20,2025-03-20 11:00:00,Large cryptocurrencies mixed as Sui rises,Large cryptocurrencies mixed as Sui rises,MarketWatch,https://finnhub.io/api/news?id=f9e9fc2e988752cb0522ef2a7a46eee21d4d2480998c24cf328ac8147df8007c,finnhub_news
79,72,2025,3,20,2025-03-20 10:20:00,Invesco American Franchise Fund Q4 2024 Commentary,"The fund outperformed its benchmark and peers for the final quarter and full year 2024, driven by positive stock selection.",SeekingAlpha,https://finnhub.io/api/news?id=0cd13fc08d4ce6b9816bba245a2003d62ea169e7a9e1c8f3ac7b61ca90aa6b57,finnhub_news
80,73,2025,3,20,2025-03-20 10:12:18,Why Shorting Tesla Works Now (Rating Downgrade),"Tesla, Inc.'s dominance fades as competition surges, margins shrink, and unit sales decline in a growing market. Click here for the TSLA stock update and why we are bearish.",SeekingAlpha,https://finnhub.io/api/news?id=d47b67a3bf97ddf9524d3d391e2837f57288fbd666f4db265fc588d5a3e0f889,finnhub_news
81,74,2025,3,20,2025-03-20 10:02:50,"Union petition at Tesla's German plant demands longer breaks, more staff for Model Y ramp-up","Around 3,000 workers at Tesla's German plant signed a union petition for longer breaks and more staff, even as the company said most workers were satisfied with their jobs, in a sign of ongoing strife...",Finnhub,https://finnhub.io/api/news?id=9850172e0c52a5dbf85d35ea264e5eeae5fba3e65763a3739461416164a2678f,finnhub_news
82,75,2025,3,20,2025-03-20 10:00:08,NVDX: How To Bet Strongly On Nvidia's AI Firepower,Explore the potential of T-REX 2X Long NVIDIA ETF (NVDX) with strategic risk management.,SeekingAlpha,https://finnhub.io/api/news?id=387473400efa24d4ef3fadb359b467e406165973c564de34a48b685ee9652d0d,finnhub_news
83,76,2025,3,20,2025-03-20 09:36:25,Tesla Plans To Soon Introduce Long-Awaited Battery Innovation In Cybertrucks - The Information,March 20 - * TESLA PLANS TO SOON INTRODUCE LONG-AWAITED BATTERYINNOVATION INCYBERTRUCKS - THE INFORMATION * TESLA PLANS INNOVATION IN CYBERTRUCK BATTERIES THIS...,Finnhub,https://finnhub.io/api/news?id=476d3e43c3309bdec081cb4ba2748de137a6b3e8c43980bf4fe62166b8adc153,finnhub_news
84,77,2025,3,20,2025-03-20 09:27:00,"Tesla has a big Musk problem, and Wall Street’s biggest bull is not happy","Tesla has a big Musk problem, and Wall Street’s biggest bull is not happy",MarketWatch,https://finnhub.io/api/news?id=a7f7f7f295202fc72649612e8bc5848c6e5f558bdccbaef9730c6cabececca12,finnhub_news
85,78,2025,3,20,2025-03-20 09:20:12,"Elon Musk And DOGE Have Turned Tesla Into A Political Symbol And That's A 'Bad Thing,' Analyst Says","Elon Musk And DOGE Have Turned Tesla Into A Political Symbol And That's A 'Bad Thing,' Analyst Says",DowJones,https://finnhub.io/api/news?id=1183fb4dfb035bb41b88f05fd86ec4cd4921f88c4d39ac69e2f8f41d7561e1f1,finnhub_news
86,79,2025,3,20,2025-03-20 09:12:22,"Dow Jones Futures Fall Ahead Of Jobless Claims; Apple, Nvidia, Tesla Drop","Dow Jones Futures Fall Ahead Of Jobless Claims; Apple, Nvidia, Tesla Drop",DowJones,https://finnhub.io/api/news?id=755115cd4076634261417ff7b53c9f24641db6ebb60ae946d2e7db5532db2ad5,finnhub_news
87,80,2025,3,20,2025-03-20 08:59:00,"Tesla’s Trump Bump May Have Been Real, Data Show. The Stock Is Dropping.","Tesla’s Trump Bump May Have Been Real, Data Show. The Stock Is Dropping.",MarketWatch,https://finnhub.io/api/news?id=bc404927996cbde621730bae107a331bef2303945c73d079b4232cbae78cb178,finnhub_news
88,81,2025,3,20,2025-03-20 08:00:00,Is the U.S. heading for a recession?,"NEW YORK, March 20 - This was originally published inthe On The Money newsletter, where we share U.S. personalfinance tips and insights every other week. Sign up here toreceive it for free. ...",Finnhub,https://finnhub.io/api/news?id=ebe77f03906ec0727d4da7c650ca9140271034ca5394821f1a0b0bfc15ca07ed,finnhub_news
89,82,2025,3,20,2025-03-20 07:55:00,"These Stocks Are Moving the Most Today: Nvidia, Tesla, Rivian, PDD, Accenture, Five Below, Micron, and More","These Stocks Are Moving the Most Today: Nvidia, Tesla, Rivian, PDD, Accenture, Five Below, Micron, and More",MarketWatch,https://finnhub.io/api/news?id=111f8a1707490c4beb0fde0e5b55c1c25054f6a53fb9c967dcb95b993c8933a1,finnhub_news
90,83,2025,3,20,2025-03-20 07:45:36,"Tesla Recalls More Than 46,000 Cybertrucks for Exterior Panel Issue","By Colin Kellaher Tesla is recalling more than 46,000 Cybertrucks over the potential for an exterior panel to fall off. The National Highway Traffic Safety Administration said a cosmetic...",Finnhub,https://finnhub.io/api/news?id=2cbbb4f139e92be3eefa6962fb27802103072a789ed71717ef62e34a0ade7155,finnhub_news
91,84,2025,3,20,2025-03-20 06:19:44,"Tesla to recall over 46,000 Cybertrucks over exterior panel issue","Tesla said on Thursday itis recalling 46,096 Cybertruck vehicles in the U.S. over anexterior panel that can detach while driving, after more thansix call-backs for the pickups last year. ...",Finnhub,https://finnhub.io/api/news?id=fee09c26b93c992118fe0f8121441c068180d39ff78b710ff219c9e043881217,finnhub_news
92,85,2025,3,20,2025-03-20 06:14:16,"Tesla to recall over 46,000 Cybertrucks, NHTSA says","Tesla is recalling 46,096 Cybertruck vehicles in the U.S. over an exterior panel that can detach while driving, the U.S. National Highway Traffic Safety Administration said on Thursday. ...",Finnhub,https://finnhub.io/api/news?id=1d0d3c2ea1bf5f3a33cb7eefa87cd76ba87dc405d2595058a138ad2456881d8d,finnhub_news
93,86,2025,3,20,2025-03-20 06:14:01,"Tesla Is Recalling 46,096 U.S. Vehicles - NHTSA","Tesla Inc: * TESLA, INC. IS RECALLING 46,096 U.S. VEHICLES - NHTSA * TESLA, INC. IS RECALLING SOME U.S. VEHICLES AS A DETACHEDPANELCAN BECOME A ROAD HAZARD, INCREASING...",Finnhub,https://finnhub.io/api/news?id=b78d5b22565793dbd0874ab3883b56a94b7142148dab3cf702b546da0516edd5,finnhub_news
94,87,2025,3,20,2025-03-20 03:21:09,Baillie Gifford cuts Tesla stake to record low,BAILLIE Gifford has slashed its stake in Tesla to a record low as a major shareholder has called on Elon Musk to step down as boss.The Edinburgh-based investment manager first invested in Musk's...,Finnhub,https://finnhub.io/api/news?id=1f2af496b598f281957c8db9b9280e05460e5df2209adc2d791725c01a395cda,finnhub_news
95,36,2025,3,20,2025-03-20 00:00:00,Commerce Secretary Howard Lutnick hawks Tesla stock on TV: 'It'll never be this cheap again',"""It's unbelievable that this guy's stock is this cheap. It'll never be this cheap again,"" Lutnick said of Elon Musk's EV company, Tesla.",Business Insider,https://www.businessinsider.com/commerce-secretary-howard-lutnick-hawks-tesla-stock-on-tv-2025-3,api_news_org
96,5,2025,3,20,2025-03-20 00:00:00,US attorney general re-announces ‘severe’ charges against alleged Tesla arsonists,"As reports of vandalism and even a supposed doxing website targeting Tesla locations and vehicles continue to appear, Attorney General Pam Bondi issued a new warning about old crimes. In a Department of Justice press release, she “announced charges against th…",The Verge,https://www.theverge.com/news/633445/pam-bondi-announces-old-tesla-vandalism-arrests,api_news_org
97,81,2025,3,20,2025-03-20 00:00:00,How to Get Caught Blowing Up a Tesla,"In this day and age, technology like automated license plate readers make it trivial to hunt down vandals.",Gizmodo.com,https://gizmodo.com/how-to-get-caught-blowing-up-a-tesla-2000578797,api_news_org
98,14,2025,3,20,2025-03-20 00:00:00,3 people face federal charges for Tesla attacks. Are such acts domestic terrorism?,"Attorney General Pamela Bondi says the accused are part of a ""wave of domestic terrorism."" Experts say this is a common stance of the federal government and can be used to seek stiffer penalties.",NPR,https://www.npr.org/2025/03/20/nx-s1-5333315/tesla-attacks-ag-bondi-domestic-terrorism-trump-musk,api_news_org
99,61,2025,3,20,2025-03-20 00:00:00,Regulators Recall Nearly All Tesla Cybertrucks,Videos posted on social media showing people ripping the panels off of Cybertrucks with their hands have gone viral in recent days.,Time,https://time.com/7270257/tesla-cybertrucks-recalled/,api_news_org
100,52,2025,3,20,2025-03-20 00:00:00,"Tesla Reportedly Can't Find $1.4 Billion, But We're Sure It's Fine",,Yahoo Entertainment,https://consent.yahoo.com/v2/collectConsent?sessionId=1_cc-session_c77246a0-30e9-4882-8cfb-c0c7d8d1ceb0,api_news_org
101,84,2025,3,20,2025-03-20 00:00:00,Tesla Recalls Most Cybertrucks Because the Trim Is Just Glued On,"The manufacturer is recalling 46,000 of the vehicles due to a faulty exterior panel, marking the eighth time it's been recalled.",Gizmodo.com,https://gizmodo.com/tesla-recalls-most-cybertrucks-because-the-trim-is-just-glued-on-2000578623,api_news_org
102,59,2025,3,20,2025-03-20 00:00:00,3 people face federal charges in Tesla arson attacks in U.S. as 80 more vehicles at Canada dealership are damaged,,Yahoo Entertainment,https://consent.yahoo.com/v2/collectConsent?sessionId=1_cc-session_afc1eab1-21cf-486f-b810-f1c47021e2c2,api_news_org
103,3,2025,3,20,2025-03-20 00:00:00,How the Tesla brand turned so toxic,"Today we’re talking about the protests against Tesla, which have been branded on social media under the hashtag Tesla Takedown. The protests are, of course, a reaction to Elon Musk, who has managed to install himself as basically a not-so-shadow president who…",The Verge,https://www.theverge.com/decoder-podcast-with-nilay-patel/633200/tesla-takedown-protest-elon-musk-toxic,api_news_org
104,65,2025,3,20,2025-03-20 00:00:00,Xiaomi quiere revolucionar el mercado chino del coche eléctrico y su próximo objetivo no es Tesla. Son sus matrículas,"Aunque se han convertido en una referencia en los últimos años, China lleva años invirtiendo en todo tipo de medidas para fomentar el uso del coche eléctrico. En los últimos meses hemos explicado cómo dominan con mano de hierro la cadena de suministro de bate…",Xataka.com,https://www.xataka.com/movilidad/su-ultima-intervencion-lei-jun-se-ha-centrado-algo-insignificante-como-prioritario-cambiar-matricula-sus-coches,api_news_org
105,68,2025,3,20,2025-03-20 00:00:00,"Casualidad o no, Tesla se ha desplomado en bolsa al mismo tiempo que su gran rival se ha disparado: BYD","Como un balancín. Como los vasos comunicantes que dicen ser el Barça y el Madrid. Como, el más chino, concepto del Ying y el Yang. O como el, más español, dicho de ""las dos caras de la misma moneda"".
<!-- BREAK 1 -->
BYD y Tesla parecen encontrarse en puntos …",Xataka.com,https://www.xataka.com/movilidad/ultimo-byd-no-solo-recarga-sus-coches-electricos-sus-acciones-estan-maximos-justo-cuando-tesla-se-desploma,api_news_org
106,76,2025,3,20,2025-03-20 00:00:00,"3 charged in recent Tesla arson attacks, AG Bondi announces","The defendants were charged after recent attacks in Salem, Oregon; Loveland, Colorado; and Charleston, South Carolina.",ABC News,https://abcnews.go.com/US/3-charged-recent-tesla-arson-attacks-ag-bondi/story?id=119993109,api_news_org
107,88,2025,3,19,2025-03-19 23:57:22,"Dow Jones Futures Rise: Look For This Signal After Powell Rally; Tesla, Boeing Jump","Dow Jones Futures Rise: Look For This Signal After Powell Rally; Tesla, Boeing Jump",DowJones,https://finnhub.io/api/news?id=502b35d3960d3165f1846faf4bd391081d1c9c004b219912d6301d85ae49fd3d,finnhub_news
108,89,2025,3,19,2025-03-19 23:34:00,Bondi’s Campaign Against Domestic Terrorism Starts With Tesla Foes,Bondi’s Campaign Against Domestic Terrorism Starts With Tesla Foes,DowJones,https://finnhub.io/api/news?id=70c5b576d08a3177ad8ec77f213e2ea8b967a4d231e1e2e1c6e4a9f1f95cc2a6,finnhub_news
109,90,2025,3,19,2025-03-19 22:48:00,BlackRock Advantage Large Cap Core V.I. Fund Q4 2024 Commentary,BlackRock Advantage Large Cap Core V.I. Fund posted a return of 1.83% (Class I shares) for the fourth quarter of 2024. Read more here.,SeekingAlpha,https://finnhub.io/api/news?id=88b9e83ec40291e85d337a6332101fd723b5ce7094d35e318fc3c558596d127e,finnhub_news
110,91,2025,3,19,2025-03-19 22:00:00,"Fed Stays Put, Stocks Step Up",An unconcerned Federal Reserve prompted investors to set aside recent worries about upheaval and load up on cheap stocks.,SeekingAlpha,https://finnhub.io/api/news?id=25f06b5ad417be7ff1b7b8bd8217c76f16d142d7269772c1f590b8ea42e92308,finnhub_news
111,92,2025,3,19,2025-03-19 18:28:33,Tesla: I Regret Forgetting About Charles Munger's Cautions,Tesla's market share is under pressure as competitors like BYD innovate with cost efficiency and technology. Click for our TSLA stock update.,SeekingAlpha,https://finnhub.io/api/news?id=f410899f3f2f260cb27d1aa2d9e2bb27c574ed1429b347b776dac3f397edd893,finnhub_news
112,93,2025,3,19,2025-03-19 17:39:33,"Stock Market Today: Nasdaq Jumps On Subtle Fed Policy Shift; Dow Up 383 Points, Aims To Retake Key Chart Level (Live Coverage)","Stock Market Today: Nasdaq Jumps On Subtle Fed Policy Shift; Dow Up 383 Points, Aims To Retake Key Chart Level (Live Coverage)",DowJones,https://finnhub.io/api/news?id=e270d327e3cab83cfcf33a848c7162cbf52f74e3bf5fd1bdfb3f2ab0831576eb,finnhub_news
113,94,2025,3,19,2025-03-19 17:21:00,"Here’s who should be buying Tesla’s stock right now, and why, says analyst","Here’s who should be buying Tesla’s stock right now, and why, says analyst",MarketWatch,https://finnhub.io/api/news?id=e261c51e1a9787feab192601ee72799722d851502eb33482f68d4a76b4cb918e,finnhub_news
114,95,2025,3,19,2025-03-19 14:41:00,The Lag 7,"While a decline of 8% sounds relatively modest, individual stocks in the index, especially the ten largest, have seen much larger declines. Click to read.",SeekingAlpha,https://finnhub.io/api/news?id=a21efd2cc65d72528575d5ae12850dcda1afe0e148f7aeff6a08ab32efe16668,finnhub_news
115,96,2025,3,19,2025-03-19 11:32:27,Big Tech stocks attempt rebound ahead of Fed policy decision,Big Tech stocks attempt rebound ahead of Fed policy decision,MarketWatch,https://finnhub.io/api/news?id=ec1b7848b9daa2a70fedf2710799e941ff299281e55de1850a832cd0d04483d3,finnhub_news
116,97,2025,3,19,2025-03-19 11:00:00,Most big cryptocurrencies rise as XRP jumps,Most big cryptocurrencies rise as XRP jumps,MarketWatch,https://finnhub.io/api/news?id=654528075dfe43e2c3069694eb218e82c3f9b1d5dccce5f2968b5d08d0eb7312,finnhub_news
117,98,2025,3,19,2025-03-19 10:30:50,"Tesla Stock Has Corrected, But The Key Problems Facing It Remain Unchanged","Tesla, Inc.'s stock correction happened mainly for political reasons and the company's overvaluation. Find out why I'm neutral on TSLA.",SeekingAlpha,https://finnhub.io/api/news?id=42285a8e63e13b2ec463b8b68d0ef6f815455272cf4596768ae284a65f9a4424,finnhub_news
118,99,2025,3,19,2025-03-19 10:23:52,"Dow Jones Futures Climb Ahead Of Fed Decision, Powell; Nvidia Rallies On New AI Chips","Dow Jones Futures Climb Ahead Of Fed Decision, Powell; Nvidia Rallies On New AI Chips",DowJones,https://finnhub.io/api/news?id=733a958b8de8424cfa9fe21c9203d7cdd294a1562308ff9b788a99c371fb7fe5,finnhub_news
119,100,2025,3,19,2025-03-19 10:11:00,"Tesla: Even After Dip, Valuation Is Still High","Tesla, Inc.'s stock decline reflects fair value amid ambitious goals, brand risks, and tariffs. Click here for my updated look at TSLA stock prospects.",SeekingAlpha,https://finnhub.io/api/news?id=ab85a7c9a89e7b50ecd237976023734996c080eab76467a3872a6fe3689a87eb,finnhub_news
120,101,2025,3,19,2025-03-19 09:56:05,The Latest: Trump and Zelenskyy to speak following Trump’s call with Putin,Ukrainian President Volodymyr Zelenskyy said he would speak with U.S. President Donald Trump on Wednesday and expected to hear more about the American leader’s phone call with Russian President...,Finnhub,https://finnhub.io/api/news?id=353cd4a9d54b6beb47cba530ec926331850a57bccb9646f1071e5a18dfd3bf46,finnhub_news
121,102,2025,3,19,2025-03-19 09:37:12,Tesla Stock Rises On Ride-Hailing Permit But This Nvidia Partnership Could Be A Roadblock,Tesla Stock Rises On Ride-Hailing Permit But This Nvidia Partnership Could Be A Roadblock,DowJones,https://finnhub.io/api/news?id=2738ee239b1a3074dede010027dfe9fd3e37521ff142c0486d20a4cb54787dea,finnhub_news
122,103,2025,3,19,2025-03-19 09:30:00,"BYD's Ultra-Fast EV Chargers Are Great, But The Stock Isn't Cheap",BYD's (BYDDF) latest earnings show strong YoY growth in vehicle sales and margins. Read why I maintain my hold rating on the stock.,SeekingAlpha,https://finnhub.io/api/news?id=08dc476017b8ac0484e2172257d3afdb683a8e00262befb244f715f47d40131b,finnhub_news
123,104,2025,3,19,2025-03-19 09:14:41,"Dow Jones Futures Rise, Fed Rate Outlook Due; Tesla Rebounds On Taxi Permit","Dow Jones Futures Rise, Fed Rate Outlook Due; Tesla Rebounds On Taxi Permit",DowJones,https://finnhub.io/api/news?id=334d7ae49237d365f79cf2c9e58e7afd3143427c804c4cdc759696b7409dd6be,finnhub_news
124,105,2025,3,19,2025-03-19 08:59:00,Investing Politics: Globalization Backlash And Government Disruption,,SeekingAlpha,https://finnhub.io/api/news?id=7076f5a671324341e5d562f7d6fcf435d74e30c9b932ec228779a60b589f0fe2,finnhub_news
125,106,2025,3,19,2025-03-19 08:30:00,"S&P 500 Futures Climb in Premarket Trading; HealthEquity, McCormick Vtg Lag","S&P 500 Futures Climb in Premarket Trading; HealthEquity, McCormick Vtg Lag",MarketWatch,https://finnhub.io/api/news?id=8ae17f96462842bca605920a137fb8696a25699b20fe1391c25d0a6bff1a88b7,finnhub_news
126,107,2025,3,19,2025-03-19 08:26:00,"These Stocks Are Moving the Most Today: Nvidia, Tesla, Autodesk, General Mills, Signet, HealthEquity, and More","These Stocks Are Moving the Most Today: Nvidia, Tesla, Autodesk, General Mills, Signet, HealthEquity, and More",MarketWatch,https://finnhub.io/api/news?id=2a0985dadcf68508687f639d547c84ae4d29208bda6e7afefebcd028c017b92d,finnhub_news
127,108,2025,3,19,2025-03-19 08:25:00,Tesla Stock Rising. ‘Material Catalysts’ Are a Good Reason to Buy.,Tesla Stock Rising. ‘Material Catalysts’ Are a Good Reason to Buy.,MarketWatch,https://finnhub.io/api/news?id=bd4fbef5815b22cf66fa1a1aeb2eafbdfd1653ee73c607d0ab16f2c8bc14afab,finnhub_news
128,109,2025,3,19,2025-03-19 08:05:00,"Nvidia Was Once a Hot Stock, Why It’s Now Leaving the Market Cold. And 5 Other Things to Know Today.","Nvidia Was Once a Hot Stock, Why It’s Now Leaving the Market Cold. And 5 Other Things to Know Today.",MarketWatch,https://finnhub.io/api/news?id=4081dd92a1d43a45a7b5ce889f41acb6a8c698fbb53ca3d04ce624eaaf9b79b0,finnhub_news
129,110,2025,3,19,2025-03-19 07:25:43,"Nvidia shares inch higher while Autodesk faces activist, and other movers","Nvidia shares inch higher while Autodesk faces activist, and other movers",MarketWatch,https://finnhub.io/api/news?id=4caa1a2c8206ef5e2760afabf3a91548e1739a5efa07f72e3b06cc965f85b887,finnhub_news
130,111,2025,3,19,2025-03-19 07:01:22,Short sellers gain $16 billion from Musk's drop in Tesla shares,Copyright © BusinessAMBE 2023Key takeawaysShort sellers made $16 billion in profits from Tesla's stock decline.Hedge funds engaged in short selling strategies against Tesla shares realized...,Finnhub,https://finnhub.io/api/news?id=fc4f76bfc074cc6a9390a1425864e01c1daba296c3289813eb39e36066e61aa0,finnhub_news
131,112,2025,3,19,2025-03-19 03:21:08,It'll take more than a PR stunt to turn Tesla around,"TESLA will need a lot more than a PR stunt on the White House driveway to reverse its current despairing fortunes, as anti- Elon Musk and anti-American trade war sentiment reverberates around the...",Finnhub,https://finnhub.io/api/news?id=544eb5838e2442f6b16f0db843c692aa92ce9d6b8083b8d4115c5e3f730e1577,finnhub_news
132,113,2025,3,19,2025-03-19 02:30:00,Tesla Stock Is Down for 8 Straight Weeks. The Market Is Overreacting.,Tesla Stock Is Down for 8 Straight Weeks. The Market Is Overreacting.,MarketWatch,https://finnhub.io/api/news?id=04b775dedb2a5ab1a10aa47f366523007f94ef14a40b6370501cf93a523602c4,finnhub_news
133,114,2025,3,19,2025-03-19 01:43:05,AG Bondi calls attacks on Tesla facilities 'domestic terrorism' after two more dealerships targeted,"Attorney General Pam Bondi called a spate of recent attacks targeting Tesla facilities and vehicles domestic terrorism Tuesday evening, after two dealerships were the victims of arson overnight.Tesla...",Finnhub,https://finnhub.io/api/news?id=f46118d0b37a9165de670631d62479d400a61e5e9f9b62f2659bb5857dde2a0e,finnhub_news
134,115,2025,3,19,2025-03-19 01:25:05,Delaware's status as corporate capital might be on the line in a fight over shareholder lawsuits,"HARRISBURG, Pa. — Delaware is trying to protect its status as the corporate capital of the world amid fallout from a judge's rejection of billionaire Elon Musk ’s landmark Tesla compensation...",Finnhub,https://finnhub.io/api/news?id=b80cc132e879f7349d7dd3cfd4fc8652447ee8444bbad4fe2357e139dfa20e25,finnhub_news
135,116,2025,3,19,2025-03-19 01:04:05,Violent attacks on Tesla dealerships spike as Musk takes prominent role in Trump White House,SEATTLE — Cybertrucks set ablaze. Bullets and Molotov cocktails aimed at Tesla showrooms. Attacks on property carrying the logo of Elon Musk's electric-car company are cropping up across the...,Finnhub,https://finnhub.io/api/news?id=de76dce8c8a06447ec2c995ee9c7ebfe3da661d39d84399a45785997bd072891,finnhub_news
136,117,2025,3,19,2025-03-19 00:35:00,Wall Street's Enthusiasm Matches A DMV Waiting Room,"The S&P 500 loitered near its worst levels in todayâs session, as megatech doubled down on skepticism.",SeekingAlpha,https://finnhub.io/api/news?id=ee754683ac0da74d318121a7c4b0ad825f095983877dc9ea5e115ed78b04cc84,finnhub_news
137,22,2025,3,19,2025-03-19 00:00:00,A website doxxed Tesla owners — but some had already sold their cars,BI spoke to eight Tesla owners who had their personal data exposed on a public site aimed at doxxing Tesla owners and DOGE employees.,Business Insider,https://www.businessinsider.com/site-doxxing-tesla-owners-doge-employees-2025-3,api_news_org
138,42,2025,3,19,2025-03-19 00:00:00,Elon Musk says he's shocked at the level of Tesla hate and vandalism happening: 'I've never done anything harmful',"Elon Musk said the Tesla vandalism shocked him, adding that neither he nor his company have done ""anything harmful.""",Business Insider,https://www.businessinsider.com/elon-musk-responds-tesla-vandalism-protests-2025-3,api_news_org
139,97,2025,3,19,2025-03-19 00:00:00,Tesla Just Got Banned--And That's Only the Beginning,"Protests, plunging sales, and an FBI investigation--Tesla's latest crisis is spiraling fast. Here's what investors need to know.",Yahoo Entertainment,https://finance.yahoo.com/news/tesla-just-got-banned-thats-170306002.html,api_news_org
140,70,2025,3,19,2025-03-19 00:00:00,"Elon Musk calificó al Tesla de 25.000 dólares como una ""idea absurda"". Ahora lo necesita para competir en China",El mercado del coche eléctrico se aprieta. Y la marca que más ha hecho por popularizar la tecnología enfrenta un futuro incierto. El riesgo de que Tesla se quede atrás empieza a ser evidente sin un coche de 25.000 euros en su gama. Era la oportunidad para abr…,Xataka.com,https://www.xataka.com/movilidad/elon-musk-aseguro-que-tesla-25-000-dolares-no-tiene-sentido-necesita-que-nunca-china-mejor-prueba,api_news_org
141,34,2025,3,19,2025-03-19 00:00:00,DoJ says attacks on Tesla stores are 'domestic terrorism' as more incidents emerge,"Attorney General Pam Bondi said several suspects had been charged over attacks on Tesla property. Elon Musk said the violence was ""insane and deeply wrong.""",Business Insider,https://www.businessinsider.com/tesla-attacks-vandalism-violence-domestic-terrorism-doj-elon-musk-2025-3,api_news_org
142,75,2025,3,19,2025-03-19 00:00:00,El nuevo sistema de carga ultrarrápida de BYD ha hecho millonarios a muchos inversores: los que apostaban en corto por Tesla,"La industria de los coches eléctricos está viviendo una efervescencia de innovación que, a los que ya peinamos alguna cana, nos recuerda a lo que sucedió hace más de una década con los smartphones. Cada nueva presentación es una sacudida al mercado y un dolor…",Xataka.com,https://www.xataka.com/empresas-y-economia/nuevo-sistema-carga-ultrarrapida-byd-ha-hecho-millonarios-a-muchos-inversores-que-apostaban-corto-tesla,api_news_org
143,45,2025,3,19,2025-03-19 00:00:00,Tesla Fans Furious at Video of Tesla Crashing Into Wall Painted Like Road,,Yahoo Entertainment,https://consent.yahoo.com/v2/collectConsent?sessionId=1_cc-session_8c183548-85c4-4f66-8234-8b6ac9a5b94f,api_news_org
144,80,2025,3,19,2025-03-19 00:00:00,Auto Show in Canada Boots Tesla Over Safety Concerns,"Elon Musk told Fox News ""they basically want to kill me"" when discussing opposition to Tesla.",Gizmodo.com,https://gizmodo.com/auto-show-in-canada-boots-tesla-over-safety-concerns-2000578218,api_news_org
145,27,2025,3,19,2025-03-19 00:00:00,Elon Musk's slice of SpaceX is now worth $43 billion more than his Tesla stake,The value gap between Elon Musk's stakes in Tesla and SpaceX has widened following the slide in the EV maker's stock this year.,Business Insider,https://www.businessinsider.com/elon-musk-spacex-tesla-stock-stakes-value-net-worth-2025-3,api_news_org
146,90,2025,3,19,2025-03-19 00:00:00,Tesla loses ground as Chinese EVs dominate global markets,"Tesla was once an EV leader, but now struggles to keep up as Chinese automakers outpace it in sales, pricing, and innovation, especially in emerging markets",Restofworld.org,https://restofworld.org/2025/tesla-loses-ground-chinese-ev-dominate-global-markets/,api_news_org
147,62,2025,3,19,2025-03-19 00:00:00,Trump Administration Vows Crackdown on Anti-Tesla Attacks,Attacks on property carrying the logo of Elon Musk’s electric-car company are cropping up across the U.S. and overseas.,Time,https://time.com/7269362/tesla-attacks-musk-protests-trump-administration-crackdown/,api_news_org
148,118,2025,3,18,2025-03-18 21:21:00,Elon Musk and DOGE Lost A Big Case Today. What It Means for Tesla Stock and 3 More Things to Know.,Elon Musk and DOGE Lost A Big Case Today. What It Means for Tesla Stock and 3 More Things to Know.,MarketWatch,https://finnhub.io/api/news?id=422cb0f75e4290fd29adade23b7a82d3a836bc841b0afeb556efac1d2ab2706d,finnhub_news
149,119,2025,3,18,2025-03-18 20:36:05,"Vancouver International Auto Show removes Tesla, citing safety concerns at event",VANCOUVER - The Vancouver International Auto Show says it has removed Tesla from participating in this week's event over safety concerns.  Executive Director Eric Nicholl says the show asked...,Finnhub,https://finnhub.io/api/news?id=09c84aef30cc9336898e20baa6bbe79a4cb195c09865c0e0e60da24f361715c7,finnhub_news
150,120,2025,3,18,2025-03-18 20:24:53,"Trump, Asked If Tesla Cars Being Lit On Fire Is An Act Of Domest…","TRUMP, ASKED IF TESLA CARS BEING LIT ON FIRE IS AN ACT OF DOMESTIC TERRORISM, SAYS 'I THINK SO' -FOX NEWS INTERVIEW ...",Finnhub,https://finnhub.io/api/news?id=d5dbc4508956fbe529092dd866e3191cdf52d7f7ed217ea95fd41104d4a162cf,finnhub_news
151,121,2025,3,18,2025-03-18 20:07:43,US attorney general calls attacks against Tesla property 'domestic terrorism',"U.S. Attorney General Pam Bondi on Tuesday condemned recent violent attacks on Tesla property, adding the Department of Justice has already charged several perpetrators. The swarm of...",Finnhub,https://finnhub.io/api/news?id=bbe46f7bac5cf67bdf43de6c4d5f07b85b2cd1d268c3708bbc40ef5ed9b8a770,finnhub_news
152,122,2025,3,18,2025-03-18 19:41:28,Tesla: Musk Chaos Offers Buy Opportunity,Tesla's stock faces challenges from Musk's politics and rising EV competition. Click for my view of TSLA stock amidst the political controversies of its CEO.,SeekingAlpha,https://finnhub.io/api/news?id=fd272a54b2d6170c519bd3514a76c7ac69cfe8c04f91def3fcd1364acf1d0389,finnhub_news
153,123,2025,3,18,2025-03-18 18:13:30,"Musk Is Completely Neglecting Tesla, Ross Gerber Says","Ross Gerber, Gerber Kawasaki Wealth and Investment Management co-founder, president and CEO, says he's not buying Tesla on the dip and Elon Musk should appoint a new CEO. Speaking on Bloomberg The...",Finnhub,https://finnhub.io/api/news?id=f8cfb2b1856235168452628a08089b901f39f785000aedbde6b7600fc5e0b0ca,finnhub_news
154,124,2025,3,18,2025-03-18 18:05:56,Tesla gets first in a series of permits it needs to run robotaxis in California,"Tesla hasbeen granted the first in a series of approvals from Californiathat would be required for the electric car maker to eventuallylaunch a promised robotaxi service in the state, according to...",Finnhub,https://finnhub.io/api/news?id=e9856c33603aa70917beeb67c12d71d6114f7d4db48aab92cfcebe0c21db4490,finnhub_news
155,125,2025,3,18,2025-03-18 17:36:16,"Tesla Stock Is Oversold On European Sales Fears, Time To Hop In","Tesla, Inc. stock is undervalued, with growth catalysts like Robotaxis and the New Model Y. Click for more on TSLA and why it is a bargain at current levels.",SeekingAlpha,https://finnhub.io/api/news?id=e8b9aa811a70f9a32da9d8fee7f0d6d627ccdf43ff34aa4561e0d2e09fd5430c,finnhub_news
156,126,2025,3,18,2025-03-18 17:04:00,Stock market today: Back down goes Wall Street as Big Tech resumes its slide,"NEW YORK — U.S. stocks went back to falling, and Big Tech again led the way. The S&P 500 lost 1.1% Tuesday for its latest swerve in a scary, weekslong ride. The Dow Jones Industrial Average dropped...",Finnhub,https://finnhub.io/api/news?id=0918c27c15f3343216165329c0d0f18ff2f483159cf44c8fdc583b0f767aa47c,finnhub_news
157,127,2025,3,18,2025-03-18 14:39:41,Tesla: Ignore The Noise And Buy The Dip,"Tesla, Inc.'s stock shows upside with a $473 target via P/E and DCF analysis. Tesla's innovation remains a key strength. Click for my updated look at TSLA stock.",SeekingAlpha,https://finnhub.io/api/news?id=19e0589f64c408eb04fc42a270b3c9de50220afe8fe768ffe42dd84d388284a7,finnhub_news
158,128,2025,3,18,2025-03-18 14:37:27,All 11 sectors of the S&P 500 trading in negative territory on Tuesday afternoon,All 11 sectors of the S&P 500 trading in negative territory on Tuesday afternoon,MarketWatch,https://finnhub.io/api/news?id=b7e8acb8c1d9423ea3078327be1ff010df476157f68249c257e319ef286098d1,finnhub_news
159,129,2025,3,18,2025-03-18 13:17:24,Stock Market Today: Dow Jones Slides 300 Points As Nasdaq Also Suffers; Robinhood Gives Up Gains (Live Coverage),Stock Market Today: Dow Jones Slides 300 Points As Nasdaq Also Suffers; Robinhood Gives Up Gains (Live Coverage),DowJones,https://finnhub.io/api/news?id=aa9dac1d87d568cb4895f326b5f625f07cf822302d05f975439db41f3e4367f2,finnhub_news
160,130,2025,3,18,2025-03-18 12:41:22,"Automakers, tech industry urge Trump to speed self-driving car deployment","Major automakers andtech groups on Tuesday called on the Trump administration totake steps to speed deployment of self-driving cars, citing anumber of regulatory hurdles. The Alliance...",Finnhub,https://finnhub.io/api/news?id=1ef1a4c63aba1b3f3eeb5ef349ccde93b2559022cb2e61cd596130dc17ecc53c,finnhub_news
161,131,2025,3,18,2025-03-18 11:57:39,Tesla Chairman Robyn Denholm under fire as stock plummets,"While Tesla suffers a slump in its share price, Chairman Robyn Denholm continues to prosper financially. Her role at the head of the board, where she was placed by Elon Musk in 2018, is now being...",Finnhub,https://finnhub.io/api/news?id=ce1d425d4ffea3d0f82fa08ec28969ae3a7a6c15399195986183c0ec9503dc45,finnhub_news
162,132,2025,3,18,2025-03-18 11:50:51,To the Lone Star State: Corporate migration to Texas takes off,"An increasing number of companiesare relocating their headquarters to Texas, drawn by lowertaxes, business-friendly regulations and a growing talent pool. The moves are expected to reshape the...",Finnhub,https://finnhub.io/api/news?id=816bf14cc7e94c0aa1a51198bb9342ff2dda5b642fc4465cf2d440d18451778d,finnhub_news
163,133,2025,3,18,2025-03-18 11:32:56,"Wall Street lower with Fed meeting, Trump-Putin call in focus",Wall Street's main indexes fell onTuesday as markets awaited the Fed's outlook on monetary policyand developments related to U.S. President Donald Trump's callwith his Russian counterpart Vladimir...,Finnhub,https://finnhub.io/api/news?id=e960c129c4303e9fd0b55d2fda5bc86d11c98bc694fe13ece7aa44e77027529d,finnhub_news
164,134,2025,3,18,2025-03-18 11:06:07,'Fund Research Not Tesla Trucks' - The HIV Casualties of Trump's War on Science,There were empty seats in San Francisco last week at an  annual international science conference that has delivered some of the world's most groundbreaking HIV research.  It was a throwback to...,Finnhub,https://finnhub.io/api/news?id=2a1912ff666f5669c89cd9205c54db3846395b71bb98a84d395406e15ba3bf01,finnhub_news
165,135,2025,3,18,2025-03-18 11:00:00,Most large cryptocurrencies fall as Dogecoin declines,Most large cryptocurrencies fall as Dogecoin declines,MarketWatch,https://finnhub.io/api/news?id=400432a21bf278cee8a3caf65d9265d568571e2dcb369722885b9184c57626e2,finnhub_news
166,136,2025,3,18,2025-03-18 10:46:37,Tesla's Electric Dream Collapses As Carmaker Possibly Enters A BlackBerry Moment,"Tesla's brand faces a new reality that's partisan, disruptive, and under siege by protests and boycotts. Check out why I am downgrading TSLA stock.",SeekingAlpha,https://finnhub.io/api/news?id=d1798f0e6ac4a4da55af2208d504860d613f30442570697c77ab669d2c1c54b6,finnhub_news
167,137,2025,3,18,2025-03-18 10:44:50,"Top House Democrats seek DOGE details, questioning if it operates 'outside the bounds' of US law",WASHINGTON — Top Democrats on the House Judiciary and House Oversight committees have filed a lengthy Freedom of Information Act request questioning whether the Trump administration’s DOGE...,Finnhub,https://finnhub.io/api/news?id=9f7e10b43fb7c32c5f4857f052705c79074103cabe6cd300ca5e14951aa7b189,finnhub_news
168,138,2025,3,18,2025-03-18 10:37:57,Stock market today: US stocks fall as Wall Street waits for the Fed,"NEW YORK — U.S. stocks are falling as Wall Street waits to hear from the Federal Reserve, which will make its latest announcement on interest rates Wednesday. The S&P 500 was down 0.5% in early...",Finnhub,https://finnhub.io/api/news?id=099b3ed25fb69918be7f4a57dff1a5619c5fa9e7b5d3ba2cedcd86f917009161,finnhub_news
169,139,2025,3,18,2025-03-18 10:26:47,Dow Jones Futures Fall Ahead Of Fed Meeting; Tesla Tumbles On Price-Target Cut,Dow Jones Futures Fall Ahead Of Fed Meeting; Tesla Tumbles On Price-Target Cut,DowJones,https://finnhub.io/api/news?id=4999efa35285e1868bbfc49e3b3b7a066a5ba08b2cd747b8aed9d728befee538,finnhub_news
170,140,2025,3,18,2025-03-18 10:15:58,"Wall Street set for lower open, Fed meet in focus","U.S. stock indexes were poised fora lower open on Tuesday ahead of the Federal Reserve's upcomingmeeting, with focus on any insights from the central bankregarding the economic repercussions of the...",Finnhub,https://finnhub.io/api/news?id=f93d1ba42287891f36242f7ef65d8e2ef73f1431e26011b15555f222894e5561,finnhub_news
171,141,2025,3,18,2025-03-18 10:15:00,Dividends Come Back Into Vogue: My Favorite Places For Income Extraction,,SeekingAlpha,https://finnhub.io/api/news?id=20f11b18fd52483bdc55f54ee4832c1306d6d5031e2049e295435d628dca1a7c,finnhub_news
172,142,2025,3,18,2025-03-18 09:42:00,Baidu Stock Jumps as Chinese Market Leaves US in Its Dust,Baidu Stock Jumps as Chinese Market Leaves US in Its Dust,MarketWatch,https://finnhub.io/api/news?id=c229d505fb88c08f9f537c13ea05badf698a89c1e892e8d66f526542a3091d85,finnhub_news
173,143,2025,3,18,2025-03-18 09:41:00,BYD Stock Jumps. 5 Minute EV Charge Times Are a Blow to Tesla.,BYD Stock Jumps. 5 Minute EV Charge Times Are a Blow to Tesla.,MarketWatch,https://finnhub.io/api/news?id=85b44ece89a7eaf73c82b744d903d01c484cc4bfdf9887c7d1698dfdd7ce54fc,finnhub_news
174,144,2025,3,18,2025-03-18 09:12:09,"Interview With John McElroy – Part I (January 30, 2025)","Bob: John, welcome back to Plugged In! It has been about a year since we last spoke and I know our readers are eager to hear your updated thoughts regarding some of the key issues/challenges facing...",Finnhub,https://finnhub.io/api/news?id=303fbd3b7b4cfb140bfe714c0e610605036135d8992698c7e695e30988fde930,finnhub_news
175,145,2025,3,18,2025-03-18 08:50:54,Why I'm Choosing Dividend Stocks Over Tech For Maximum Wealth Growth,Tech stocks have outperformed for years. Dividend stocks offer a secret weapon that can crush the market. Check out my simple dividend strategy and its returns.,SeekingAlpha,https://finnhub.io/api/news?id=bc6632eb44005b9146bad8298e9ef34a36fd742fe1d7ff18412216070900ebd7,finnhub_news
176,146,2025,3,18,2025-03-18 08:50:00,Tesla’s stock gets its lowest price target from a bull. It still implies 39% upside.,Tesla’s stock gets its lowest price target from a bull. It still implies 39% upside.,MarketWatch,https://finnhub.io/api/news?id=c342cc7737e6fa4d2193436e3ceffb3f9a3be74dc8ced63a4fb87b194af157b9,finnhub_news
177,147,2025,3,18,2025-03-18 08:20:07,Top House Democrats are seeking DOGE details under the Freedom of Information Act,WASHINGTON — Top Democrats on the House Judiciary and House Oversight committees have filed a lengthy Freedom of Information Act request questioning whether the Trump administration’s DOGE...,Finnhub,https://finnhub.io/api/news?id=ccee73f7e3b50600080e28f8ab704e42482f1ba8092a05385e38c17c8acbf4d2,finnhub_news
178,148,2025,3,18,2025-03-18 07:29:20,"Lucid shares rally on analysts upgrade, and other movers","Lucid shares rally on analysts upgrade, and other movers",MarketWatch,https://finnhub.io/api/news?id=40adecd17a44cad16e1e6ee6d1f327189a6f7400e7c01bcefd8cbd1e7d743ecc,finnhub_news
179,149,2025,3,18,2025-03-18 06:40:00,"Magnificent-7 Q4 2024 Earnings Review: Growth Holds, But Rotation Awaits","Q4 delivered another strong quarter for both top- and bottom-line growth, and it appears that analysts have become more precise in forecasting revenue for the group.",SeekingAlpha,https://finnhub.io/api/news?id=bb685038c5bc00da9272310e5647983cfda625f0b0788f2a3f20b27a60270ec1,finnhub_news
180,150,2025,3,18,2025-03-18 06:16:00,Tesla Stock Dives Further. Wall Street Is Worried About More Than Musk.,Tesla Stock Dives Further. Wall Street Is Worried About More Than Musk.,MarketWatch,https://finnhub.io/api/news?id=4d8de1d0a0bb94868897ea82c081f8809c2fd954ed77661fa48de9ec9f0ca07f,finnhub_news
181,151,2025,3,18,2025-03-18 06:14:00,"These Stocks Are Moving the Most Today: Nvidia, Intel, Alphabet, Tesla, XPeng, and More","These Stocks Are Moving the Most Today: Nvidia, Intel, Alphabet, Tesla, XPeng, and More",MarketWatch,https://finnhub.io/api/news?id=27fb64c480c92efb9140634fef15398ee25644b429345f234e83c63466ffc319,finnhub_news
182,152,2025,3,18,2025-03-18 03:41:10,TRUMP'S TESLA U-TURN BETRAYS A PARANOID PRESIDENT,"LAST week, in a touching, almost paternal act of solidarity with his cost-cutting billionaire ally Elon Musk, President Trump purchased a cherry-red Tesla Model S . He declared it beautiful, though...",Finnhub,https://finnhub.io/api/news?id=5316a36fb7908497c367cc4fc9ef5184cd48c1132d46200a0efe12bb1ce6301e,finnhub_news
183,153,2025,3,18,2025-03-18 03:35:08,"Stock market today: Asian shares mostly rise, cheered by another Wall Street rally","TOKYO — Asian shares mostly rose Tuesday as investors were encouraged by another rally on Wall Street. Japan's benchmark Nikkei 225 gained 1.3% to 37,903.43. The Bank of Japan was expected to...",Finnhub,https://finnhub.io/api/news?id=9567a6781f7dde0da4807d2a276dcd33036c2da1935d463b2bc5c0bb954de4fc,finnhub_news
184,154,2025,3,18,2025-03-18 03:15:52,Why are Chinese automakers like BYD launching fast-charging EV systems?,"China's BYDhas unveiled a megawatt charging system that it sayscan charge an EV as quickly as filling up a fuel tank, and saidit will build a network across China, igniting a new supercharging...",Finnhub,https://finnhub.io/api/news?id=63d6e094b7e32ab6edf15334ef905e730ce13f748c6fef280798bd868f239c7f,finnhub_news
185,155,2025,3,18,2025-03-18 00:15:30,"Dow Jones Futures Fall: Trump Advisor Warns Of Tariff Uncertainty; Nvidia GTC Event, Fed Loom","Dow Jones Futures Fall: Trump Advisor Warns Of Tariff Uncertainty; Nvidia GTC Event, Fed Loom",DowJones,https://finnhub.io/api/news?id=f12eca8aa03b4feac34b06deff9f0946e75efef59ceb4af0dbbfcfa4d92bb814,finnhub_news
186,58,2025,3,18,2025-03-18 00:00:00,Leaked report reveals shocking downfall for Tesla — here's what's driving the drop in sales,"""Tesla sales have been declining worldwide, especially in Europe.""",Yahoo Entertainment,https://autos.yahoo.com/leaked-report-reveals-shocking-downfall-110051133.html,api_news_org
187,55,2025,3,18,2025-03-18 00:00:00,BMW unveils stunning new EV with next-level range capabilities: 'Finally catching up to Tesla',,Yahoo Entertainment,https://consent.yahoo.com/v2/collectConsent?sessionId=1_cc-session_d3385007-76a6-4d1f-9dbe-4ef7d7fb7058,api_news_org
188,15,2025,3,18,2025-03-18 00:00:00,Activists used a Tesla to write 'Don't buy a Tesla' on a beach in Wales,"The UK group Led By Donkeys used a Tesla to etch the slogan in sand on a beach in Wales, urging drivers not to buy a car from Elon Musk's EV maker.",Business Insider,https://www.businessinsider.com/elon-musk-tesla-activisits-protest-message-beach-led-by-donkeys-2025-3,api_news_org
189,66,2025,3,18,2025-03-18 00:00:00,Unos investigadores han desmontado las baterías de Tesla y BYD. Ya saben cuál rinde mejor y es mucho más barata,"Hace unas semanas os contamos que una compañía estaba dando la voz de alarma a los viejos fabricantes: Tesla, BYD y otras compañías chinas son las mejores a la hora de alcanzar el mayor equilibrio entre producción de coches eléctricos y costes asociados a los…",Xataka.com,https://www.xataka.com/movilidad/unos-investigadores-han-desmontado-baterias-tesla-byd-saben-cual-rinde-mejor-mucho-barata,api_news_org
190,35,2025,3,18,2025-03-18 00:00:00,BYD says it can charge an EV in 5 minutes. That's yet another challenge for Tesla.,"BYD's superchargers are four times as powerful as Tesla's current chargers, which Elon Musk's firm says can add 200 miles of range in 15 minutes.",Business Insider,https://www.businessinsider.com/byd-unveils-fast-chargers-400km-range-5-minutes-tesla-challenge-2025-3,api_news_org
191,1,2025,3,18,2025-03-18 00:00:00,Tesla Got a Permit to Operate a Taxi Service in California—but There's a Catch,"The taxi service will initially operate with Tesla employee drivers only, use current-model vehicles, and won't allow for driverless rides.",Wired,https://www.wired.com/story/tesla-got-a-permit-to-operate-a-taxi-service-in-california-but-theres-a-catch/,api_news_org
192,7,2025,3,18,2025-03-18 00:00:00,Tesla Hate Is Making Insurance More Expensive for Owners,"As stock slumps and Americans turn against the automaker, its owners are paying higher insurance premiums.",Gizmodo.com,https://gizmodo.com/tesla-hate-is-making-insurance-more-expensive-for-owners-2000577467,api_news_org
193,89,2025,3,18,2025-03-18 00:00:00,'Dogequest' Site Claims to Dox Tesla Owners Across the U.S.,"The site also has information on Tesla dealerships and members of DOGE. “At DOGEQUEST, we believe in empowering creative expressions of protest that you can execute from the comfort of your own home.”",404media.co,https://www.404media.co/dogequest-site-claims-to-dox-tesla-owners-across-the-u-s/,api_news_org
194,156,2025,3,17,2025-03-17 23:53:46,Tesla Raises China Model Y Price. 3 Reasons Why That May Not Mean Strong Demand.,Tesla Raises China Model Y Price. 3 Reasons Why That May Not Mean Strong Demand.,DowJones,https://finnhub.io/api/news?id=22b1380c293d2ae450c1445e5dcedca612dfce87e94f590cfad99259bf5a5f24,finnhub_news
195,157,2025,3,17,2025-03-17 21:49:15,Toronto slashes Tesla incentives as US trade war simmers,"STORY: :: March 17, 2025 :: Toronto, Canada :: Toronto axes financial incentives for Teslas as trade tensions with the US heat up :: Olivia...",Finnhub,https://finnhub.io/api/news?id=755497f070abf251c3395968d409f9e1425c0d5802d0857f38a3cc6adafd3d66,finnhub_news
196,158,2025,3,17,2025-03-17 21:40:00,"Tesla sales have ‘significantly underperformed’ in all key regions, analyst says","Tesla sales have ‘significantly underperformed’ in all key regions, analyst says",MarketWatch,https://finnhub.io/api/news?id=cac4c5cf925dbb43f834d9a1bff099885b4226b6a6be5057b21a82cde8b179eb,finnhub_news
197,159,2025,3,17,2025-03-17 21:13:10,"Tesla Inc raises price for Long Range All-Wheel variant of refreshed Model Y in China to 313,500 yuan","Tesla Inc: * TESLA INC: RAISES PRICE FOR LONG RANGE ALL-WHEEL VARIANTOFREFRESHED MODEL Y TO 313,500 YUAN IN CHINASource text:Further company coverage: ...",Finnhub,https://finnhub.io/api/news?id=53bb48a2bfc97e26e763b1337328139432554d0fde87d883e2bfb6a347d2269a,finnhub_news
198,160,2025,3,17,2025-03-17 19:59:14,Toronto excludes Tesla from EV incentive due to US trade war,"Toronto is no longerproviding financial incentives for Tesla vehiclespurchased as taxis or ride shares due to trade tensions with theUnited States, the city's mayor, Olivia Chow, said on Monday. ...",Finnhub,https://finnhub.io/api/news?id=f9a7fb5233faa9250ed137a6c6eb404cc21e6f212e19176a1c6b81e5e98e406d,finnhub_news
199,161,2025,3,17,2025-03-17 17:30:32,Stock Market Today: Dow Jones Jumps Ahead Of Fed But Tesla Dives; Warren Buffett Makes These Moves (Live Coverage),Stock Market Today: Dow Jones Jumps Ahead Of Fed But Tesla Dives; Warren Buffett Makes These Moves (Live Coverage),DowJones,https://finnhub.io/api/news?id=cf345ecd73a4c43ac7fb149a42d7be62caadad4fd86d611de3579ad5c19605a0,finnhub_news
200,162,2025,3,17,2025-03-17 17:30:00,"These Stocks Moved the Most Today: Tesla, Intel, Nvidia, Affirm, Micron, Norwegian Cruise, Netflix, and More","These Stocks Moved the Most Today: Tesla, Intel, Nvidia, Affirm, Micron, Norwegian Cruise, Netflix, and More",MarketWatch,https://finnhub.io/api/news?id=e7fdf0b620fd8d0ce535b719bc700181a28f19465bad8adc4e39ca330abdd685,finnhub_news
201,163,2025,3,17,2025-03-17 17:14:00,Tesla Stock Is Plunging Again. It Could Drop for a Ninth Straight Week.,Tesla Stock Is Plunging Again. It Could Drop for a Ninth Straight Week.,MarketWatch,https://finnhub.io/api/news?id=2532478d07105ddb037bc9204126dbdcbfd0e8baa653eda91f472e25b24b5faf,finnhub_news
202,164,2025,3,17,2025-03-17 14:58:24,"Honda, Suzuki to join Tesla's CO2 emissions pool for 2025","Honda and Suzuki will pool carbon emissions with U.S. electric vehicle maker Tesla in 2025 to comply with European Union rules, an EU filing showed on Monday. The pool also includes...",Finnhub,https://finnhub.io/api/news?id=7f093ea6797d31c536c629d729ccf0851ae7715e724fe317d7c184265b7532af,finnhub_news
203,165,2025,3,17,2025-03-17 13:49:19,'Danish Viking blood is boiling.' Danes boycott US goods with fervor as others in Europe do so too,"Ivan Hansen, a retired Danish police officer, loaded up his basket at the supermarket, carefully checking each product to avoid buying anything made in the United States. No more Coca-Cola, no more...",Finnhub,https://finnhub.io/api/news?id=b41d69e0534ae934e9f6c1996d85ff237014d2fc8b46046cdaecec9d590406b2,finnhub_news
204,166,2025,3,17,2025-03-17 11:33:13,"BYD unveils new super-charging EV tech, to build charging network in China","BEIJING, March 17 - BYD on Monday unveiled a new platform for electricvehicles that it said could charge EVs as quickly as ittakes to pump gas and announced for the first time that...",Finnhub,https://finnhub.io/api/news?id=31a4cf2ed5110e21e1345577def9063232f40778660cc225811532a6d5b25f3e,finnhub_news
205,167,2025,3,17,2025-03-17 11:00:00,Most big cryptocurrencies increase as Cardano  climbs,Most big cryptocurrencies increase as Cardano  climbs,MarketWatch,https://finnhub.io/api/news?id=81688b6cb7c7b20e4c73d6456ccb8381bc5f4ff0ec10bb5be56e656d8e44fdc8,finnhub_news
206,168,2025,3,17,2025-03-17 10:37:26,"Spotify, Rubrik Lead Five Growth Stocks Regaining This Key Level","Spotify, Rubrik Lead Five Growth Stocks Regaining This Key Level",DowJones,https://finnhub.io/api/news?id=17322eb902b6e1111b9d7c25276537e3e68d77a765b92689ff083746144e3035,finnhub_news
207,169,2025,3,17,2025-03-17 10:30:00,Uber: Robotaxi Might Be Less Disruptive Than Feared,Explore why Uber's stock may be undervalued amidst fears of disruption by Tesla's robotaxi plans.,SeekingAlpha,https://finnhub.io/api/news?id=88259e4c2e985fd44f41c8de19fbdb817a2156efb6fa3615fc5b224fa8c074b8,finnhub_news
208,170,2025,3,17,2025-03-17 09:45:00,Tesla Energy Is Picking-Up The Slack,Teslaâs auto sales are impacted by the trade war and market shifts. Find out why TSLA stock remains overvalued despite strong Tesla Energy performance.,SeekingAlpha,https://finnhub.io/api/news?id=aab4d17de9701822584737aee35c577169ceec833e4203e882b0c12a81e91afb,finnhub_news
209,171,2025,3,17,2025-03-17 09:00:22,This Billionaire Is The Biggest Loser From $3.3 Trillion Trump Dump,This Billionaire Is The Biggest Loser From $3.3 Trillion Trump Dump,DowJones,https://finnhub.io/api/news?id=053049a919a9532aae32866f1d06b35953e23c874903f9068ccf537fbbbcb9f6,finnhub_news
210,172,2025,3,17,2025-03-17 08:00:01,"As Tesla tanks, Musk's hand-picked board chair is doing just fine",Billionaire entrepreneurElon Musk is drawing political flak as he champions right-wingcauses in Europe and leads President Donald Trump's slashing ofthe U.S. federal workforce. The controversy is...,Finnhub,https://finnhub.io/api/news?id=2def98f6fece7dcd09d4d622256cfeb213af92f5a1b313ea5d266f5ab57c7d0c,finnhub_news
211,173,2025,3,17,2025-03-17 07:59:57,"Nvidia shares gain ahead of annual developers' conference, and other movers","Nvidia shares gain ahead of annual developers' conference, and other movers",MarketWatch,https://finnhub.io/api/news?id=3efe183f5de3f7ee1cc35cbb4b00c87dd2f98fb6bd95f5732e253c7973e0302c,finnhub_news
212,174,2025,3,17,2025-03-17 07:52:49,Tesla launches free trial of assisted driving service in China,"Tesla islaunching a free trial of its Full Self-Driving service inChina from March 17 to April 16, the company said on its Chinesewebsite. The limited-time trial is available to...",Finnhub,https://finnhub.io/api/news?id=8675e0c7a8e4814dfb14863a1360a9d4710490a9e16e3d7a5ea7a6df3e1312a5,finnhub_news
213,175,2025,3,17,2025-03-17 07:50:00,Warren Buffett’s Berkshire Has Been Selling U.S. Stocks. Where It’s Buying Now.,Warren Buffett’s Berkshire Has Been Selling U.S. Stocks. Where It’s Buying Now.,MarketWatch,https://finnhub.io/api/news?id=541a8664466d312ac9fa153e3d833d5cbe776ec76bf871dedb5b95500808db64,finnhub_news
214,176,2025,3,17,2025-03-17 07:36:00,Trump Has Put Markets and World Order in Turmoil. How Fed’s Powell Should React and 5 Other Things to Know Today.,Trump Has Put Markets and World Order in Turmoil. How Fed’s Powell Should React and 5 Other Things to Know Today.,MarketWatch,https://finnhub.io/api/news?id=8cbf149693ddd80ae6282270d3d3a3e4f4a904d26f232d04ae1ff156e16b62d7,finnhub_news
215,177,2025,3,17,2025-03-17 07:04:34,Tesla China: Launches Limited-Time Trial Of Full Self-Driving Fu…,TESLA CHINA: LAUNCHES LIMITED-TIME TRIAL OF FULL SELF-DRIVING FUNCTION FROM MARCH 17 TO APRIL 16 ...,Finnhub,https://finnhub.io/api/news?id=181f4bbfb856890e46f4a0fb9601fd25f38fec463b7d91ef4cd181fa14931bc6,finnhub_news
216,74,2025,3,17,2025-03-17 00:00:00,El padre de Elon Musk creía que su hijo tenía demasiados frentes abiertos: el varapalo de Tesla ha demostrado que tenía razón,"Por si la trayectoria de Elon Musk no fuera lo suficientemente emocionante dirigiendo varias de las empresas más innovadoras, el millonario ha configurado el juego de la vida en modo difícil. Musk pretende pasárselo en modo difícil poniéndose al frente de DOG…",Xataka.com,https://www.xataka.com/empresas-y-economia/padre-elon-musk-creia-que-su-hijo-tenia-demasiados-frentes-abiertos-varapalo-tesla-ha-demostrado-que-tenia-razon,api_news_org
217,83,2025,3,17,2025-03-17 00:00:00,MAGA’s Tesla Embrace Means EV Politics Will Never Be the Same Again,Teslas were once a green status symbol. Donald Trump's second term is changing that.,Gizmodo.com,https://gizmodo.com/magas-tesla-embrace-means-ev-politics-will-never-be-the-same-again-2000576747,api_news_org
218,91,2025,3,17,2025-03-17 00:00:00,heise+ | Tesla Model Y Juniper im Test: Facelift macht das E-SUV leiser,Tesla hat das Model Y überarbeitet: Der deutlichste Unterschied ist die bessere Dämmung. Ein Test zeigt: An ein paar Dingen sollte die Marke arbeiten.,heise online,https://www.heise.de/tests/Tesla-Model-Y-Juniper-im-Test-Facelift-macht-das-E-SUV-leiser-10315810.html?wt_mc=rss.red.ho.ho.atom.beitrag_plus.beitrag_plus,api_news_org
219,69,2025,3,17,2025-03-17 00:00:00,"Los agentes de IA son prometedores. Pero como en el FSD de Tesla, mejor no quitar las manos del volante","Los agentes de IA son una de las grandes tendencias de la IA este año. Hay muchas expectativas puestas en estos modelos de IA capaces de completar una tarea de principio a fin por nosotros y casi si nuestra intervención. Y sin embargo, una cosa parece clara: …",Xataka.com,https://www.xataka.com/robotica-e-ia/agentes-ia-prometedores-como-fsd-tesla-mejor-no-quitar-manos-volante,api_news_org
220,54,2025,3,17,2025-03-17 00:00:00,"Tesla beware: Rival BYD unveils ultra-fast chargers, giving its stock a jolt",,Yahoo Entertainment,https://consent.yahoo.com/v2/collectConsent?sessionId=1_cc-session_51243a8f-df83-44e0-9edc-7d2a6a190bab,api_news_org
221,57,2025,3,17,2025-03-17 00:00:00,Tesla (NasdaqGS:TSLA) Climbs 13% On Rumors Of Potential Deal With Nissan,"Tesla (NasdaqGS:TSLA) recently experienced a 12.5% increase in its share price over the past week, a move potentially influenced by rumors of Tesla's...",Yahoo Entertainment,https://finance.yahoo.com/news/tesla-nasdaqgs-tsla-climbs-13-172906614.html,api_news_org
222,178,2025,3,16,2025-03-16 21:14:13,"We Could Have A Clear Shot To 6,000, But Be Proactive","A potential rally to 6,000 is possible if retail sales are positive and the FOMC Meeting is dovish. Read why investors should focus on Fab 5.",SeekingAlpha,https://finnhub.io/api/news?id=b5f3213ea2e6b78a475e250056dd5914c14e4a6af8b101c64d67240d28c31552,finnhub_news
223,179,2025,3,16,2025-03-16 17:41:00,Problems Continue to Mount for Tesla. Is It Time to Sell the Stock?,"For instance, Tesla delivered only 1,429 vehicles in February in Germany -- which used to be its biggest European market -- compared to the more than 6,000 it delivered the prior year.  Consider that Model 3 sales are down 40% year to date in Germany, but Tesla was in the middle of a model changeover around this time last year, which would suggest easier comparisons for this year.  Recently, the company announced that it's bringing back highly subsidized financing, with its loans for new Model 3 orders offering annual percentage rates (APRs) of 0% or 0.99%.",Yahoo,https://finnhub.io/api/news?id=4d7e37c81e7577b4c0c27d06bf928e2f622a741a80adaceb631412e204c507d9,finnhub_news
224,180,2025,3,16,2025-03-16 17:18:00,Tesla and SpaceX Crossed Over on Saturday. Maybe That Can Help the Stock.,SpaceX successfully delivered four astronauts to the International Space Station on Saturday. That is some positive press for Elon Musk. He could use some right now.,Yahoo,https://finnhub.io/api/news?id=42d3bf6d1cdcd93a3df464f97e9c22faa5ce86af9d141c8a627c28b4833fa8a2,finnhub_news
225,181,2025,3,16,2025-03-16 17:17:30,Tesla (TSLA)’s AI Future in Focus as Analysts Debate Stock Outlook,"We recently published a list of 12 AI Stocks on Wall Street’s Radar Today. In this article, we are going to take a look at where Tesla, Inc. (NASDAQ:TSLA) stands against other AI stocks that are on Wall Street’s radar today. According to a new L.E.K. Consulting report, investor sentiment today heavily ties a company’s […]",Yahoo,https://finnhub.io/api/news?id=9f2323c074392df4d5076e689c07339c561dc23a9a2bf1b5e8da09dc13f87499,finnhub_news
226,182,2025,3,16,2025-03-16 15:53:00,The Reason Tesla Doesn’t Pay Income Taxes,The Reason Tesla Doesn’t Pay Income Taxes,DowJones,https://finnhub.io/api/news?id=e4bedc497545934290a362160991bfc166a2901fba6f1343a51f6f93afa12ec6,finnhub_news
227,183,2025,3,16,2025-03-16 15:12:41,"Is Tesla, Inc. (TSLA) the Best Growth Stock to Invest in for the Next 10 Years?","We recently published a list of 10 Best Growth Stocks to Invest in for the Next 10 Years. In this article, we are going to take a look at where Tesla, Inc. (NASDAQ:TSLA) stands against other best growth stocks to invest in for the next 10 years. On March 8, Ben Snider, Goldman Sachs senior […]",Yahoo,https://finnhub.io/api/news?id=2ae25a14b029ab9f5f35c099cce1bd6b8929abc7025db59bbffdd1a493b65962,finnhub_news
228,184,2025,3,16,2025-03-16 13:30:57,13 things that should bother you about the stock market right now,The markets slog presses on.,Yahoo,https://finnhub.io/api/news?id=59dd82e12be3534204d2425617516fbe830983b4e4efa749866cb77a372d6810,finnhub_news
229,185,2025,3,16,2025-03-16 12:22:00,Hedge funds cut their stakes in all of the Magnificent 7 stocks last quarter — except for one,"Deregulation, AI and China were top of mind for hedge funds looking to profit in the Trump era.",Yahoo,https://finnhub.io/api/news?id=4f02ccf6919126884eaa76f331730840f4114d14a1a96879112b20696cc481d9,finnhub_news
230,186,2025,3,16,2025-03-16 10:00:00,Wall St Week Ahead-Fed on tap for tariff-jolted market as investors look for calm,"A U.S. stock marketrocked by President Donald Trump's back-and-forth on foreignimport tariffs faces a Federal Reserve meeting in the comingweek, as investors look for hints about further interest...",Finnhub,https://finnhub.io/api/news?id=a27bc41c897583ea516c0866c0f04ae4928c844b3c5c3b77717720d1b5215f8f,finnhub_news
231,187,2025,3,16,2025-03-16 07:59:15,Total Return Breakouts: Top Value Stocks As The Largest Market Skew Since 1998 Unwinds,"The current market shows extreme skew, reminiscent of the 2000 dot-com bubble. Check out my top stock picks for these uncertain times.",SeekingAlpha,https://finnhub.io/api/news?id=58e648569847ae48af82039eaa4df9265c7776d52d05ea0e96a2fb9ea2a444f1,finnhub_news
232,188,2025,3,16,2025-03-16 07:25:37,IYC: Consumer Discretionary Dashboard For March,iShares US Consumer Discretionary ETF sees consumer services as top pick. Learn why IYC is a solid choice with lower volatility and 10 undervalued stocks.,SeekingAlpha,https://finnhub.io/api/news?id=92f0bb55e7a98a6c854a80b03c4e48791dea92e169baccabe175bbd55e768a10,finnhub_news
233,189,2025,3,16,2025-03-16 06:38:07,Tesla: Sell The Dip Before Things Get Worse,"Tesla's competitive advantage has eroded, with stagnant deliveries, flat revenues, and declining operating margins. See why I downgrade TSLA to strong sell.",SeekingAlpha,https://finnhub.io/api/news?id=c688e487f93f9d80085422bdebd631d903924777d165a73b3051ae91e9d64bf2,finnhub_news
234,190,2025,3,16,2025-03-16 03:48:10,Is Tesla Inc. (NASDAQ:TSLA) the Best QQQ Stock to Invest in Now?,"We recently published a list of 12 Best QQQ Stocks to Invest in Now. In this article, we are going to take a look at where Tesla Inc. (NASDAQ:TSLA) stands against other best QQQ stocks to invest in now. Lunch’ to analyze the market’s reaction to the tariff announcements. McCartney referred to the situation as […]",Yahoo,https://finnhub.io/api/news?id=432080547f8ab353aefc5af49b4b7ccbaba0944f6d9fd419f86cfc38590ae0f0,finnhub_news
235,43,2025,3,16,2025-03-16 00:00:00,"I bought a Tesla for its safety and technology. Strangers have mocked me for supporting Elon Musk, but that won't stop me from buying another one.",Mitchell Feldman bought his Tesla in 2022 and loved the car's safety features and high tech system. He didn't realize it would come with scrutiny.,Business Insider,https://www.businessinsider.com/tesla-owner-confronted-about-musk-shocked-2025-3,api_news_org
236,64,2025,3,16,2025-03-16 00:00:00,La ambición política de Musk ha convertido a Tesla en un pararrayos ideológico. Y toda la empresa lo está pagando,"La acción de Tesla tocó su máximo histórico a finales de 2024, justo a tiempo para las navidades. Desde entonces solo ha hecho que recibir carbón, una paradoja para el líder de la transición eléctrica. De 480 dólares a 240. La mitad.
<!-- BREAK 1 -->
Un 50% d…",Xataka.com,https://www.xataka.com/empresas-y-economia/ambicion-politica-musk-ha-convertido-a-tesla-pararrayos-ideologico-toda-empresa-esta-pagando,api_news_org
237,20,2025,3,15,2025-03-15 00:00:00,Kim Kardashian posts photo shoot with a Tesla Cybertruck and Optimus robot,"One photo showed Kim Kardashian posing in the bed of a Cybertruck, while another featured her cuddling with an Optimus robot near the beach.",Business Insider,https://www.businessinsider.com/kim-kardashian-tesla-cybertruck-optimus-robot-2025-3,api_news_org
238,50,2025,3,15,2025-03-15 00:00:00,I rented a Tesla in metro Detroit: Reactions I got driving Elon Musk's controversial brand,"During trips around parts of the metro area, the rented Tesla appeared to draw little notice aside from one possible minor incident.",Detroit Free Press,https://www.freep.com/story/money/cars/2025/03/15/tesla-elon-musk-donald-trump/82408154007/,api_news_org
239,56,2025,3,15,2025-03-15 00:00:00,"Tesla stock bleeds, recession fears — and Bitcoin $200,000: Markets news roundup",,Yahoo Entertainment,https://consent.yahoo.com/v2/collectConsent?sessionId=1_cc-session_727f1cc2-6c7b-4c70-af7c-70304b3d6233,api_news_org
240,63,2025,3,15,2025-03-15 00:00:00,"El Tesla Roadster es un castillo en el aire, así que dos ex-ingenieros de Tesla han decidido crear el suyo","Llevamos oyendo hablar del Tesla Roadster desde 2017. Han pasado casi diez años y el superdeportivo de Tesla no hace más que retrasarse, habiéndose prometido que empezaría a fabricarse en 2022, 2024, y actualmente sin noticias de ningún tipo sobre su salto a …",Xataka.com,https://www.xataka.com/movilidad/tesla-roadster-castillo-aire-asi-que-dos-ex-ingenieros-tesla-han-decidido-crear-suyo,api_news_org
241,77,2025,3,14,2025-03-14 00:00:00,"Tesla, in a letter, tells Trump administration it's worried about tariffs","In a letter to Trump officials, Tesla raised concerns about the president's tariffs -- but it's unclear if CEO Elon Musk was personally involved in sending the letter.",ABC News,https://abcnews.go.com/US/tesla-letter-tells-trump-administration-worried-tariffs/story?id=119796605,api_news_org
242,16,2025,3,14,2025-03-14 00:00:00,"Tesla sales are slumping in the US, too","New Tesla registrations in the US fell 11% in January from a year earlier, per data from S&P Global — even as the company's EV rivals surged.",Business Insider,https://www.businessinsider.com/us-latest-place-tesla-sales-plunging-elon-musk-2025-3,api_news_org
243,26,2025,3,14,2025-03-14 00:00:00,Ex-astronaut Mark Kelly debuted his Chevy SUV after dumping Tesla,Sen. Mark Kelly of Arizona said he could no longer stand the association with Elon Musk.,Business Insider,https://www.businessinsider.com/mark-kelly-sold-tesla-elon-musk-doge-backlash-chevy-2025-3,api_news_org
244,33,2025,3,14,2025-03-14 00:00:00,Tesla more than tripled the workers testing its self-driving technology in California,The increase in capability comes as Elon Musk's electric-vehicle maker aims to release its much-hyped Robotaxi in some cities by the end of 2025.,Business Insider,https://www.businessinsider.com/tesla-autonomous-driving-california-robotaxi-2025-3,api_news_org
245,41,2025,3,14,2025-03-14 00:00:00,"A veteran Tesla engineering manager has joined DOGE, and he's set to attend a NASA layoffs meeting",Alexander Simonpour is at least the fourth Tesla employee to be connected with the White House's headcount-slashing initiative.,Business Insider,https://www.businessinsider.com/tesla-employee-alexander-simonpour-nasa-doge-team-2025-3,api_news_org
246,67,2025,3,14,2025-03-14 00:00:00,"La semana terrible de Elon Musk: Tesla sumida en el caos, X caída, Starship explotando y otras sucesivas desdichas","Todos somos susceptibles de tener un mal día, pero cuando eres alguien con tantos frentes abiertos como Elon Musk, una serie de infortunios encadenados pueden convertir un mal día en una semana terrible en la que el universo entero conspira contra ti.
<!-- BR…",Xataka.com,https://www.xataka.com/empresas-y-economia/semana-terrible-elon-musk-tesla-sumida-caos-x-caida-starship-explotando-otras-sucesivas-desdichas,api_news_org
247,99,2025,3,14,2025-03-14 00:00:00,Elon Musk’s Tesla reportedly halts Cybertruck deliveries as owners complain of metal sides falling off,,Yahoo Entertainment,https://consent.yahoo.com/v2/collectConsent?sessionId=1_cc-session_f94a9c31-93b5-4977-9d12-01cb60499b6c,api_news_org
248,86,2025,3,13,2025-03-13 00:00:00,Tesla Needs a Better Story,The car company’s fortunes are riding on Elon Musk’s future.,The Atlantic,https://www.theatlantic.com/ideas/archive/2025/03/tesla-stock-elon-musk/682026/,api_news_org
249,6,2025,3,13,2025-03-13 00:00:00,Tesla Cybertruck deliveries reportedly on hold because the trim is flying off,America’s favorite low poly electric truck is facing a new set of problems that don’t have anything to do with people spray painting swastikas or crude comments about Elon Musk on them. Deliveries of the Tesla Cybertruck are on hold while the company addresse…,The Verge,https://www.theverge.com/news/629352/tesla-cybertruck-deliveries-on-hold-loose-trim,api_news_org
250,24,2025,3,13,2025-03-13 00:00:00,Read the letter Tesla wrote warning the Trump administration about harm from a trade war,Tesla said Trump's tariffs could increase costs to manufacture and lead other countries to counter with tariffs on cars and parts.,Business Insider,https://www.businessinsider.com/tesla-trump-trade-war-costly-tariffs-2025-3,api_news_org
251,46,2025,3,13,2025-03-13 00:00:00,"Marjorie Taylor Greene Wants Tesla Protests Investigated, Presumably Because They're Hurting The Value Of Her Tesla Stock",,Yahoo Entertainment,https://consent.yahoo.com/v2/collectConsent?sessionId=1_cc-session_047f1e09-477d-4813-93a6-36794d69b3f0,api_news_org
252,95,2025,3,13,2025-03-13 00:00:00,Has Tesla stock hit bottom? Here’s what the options market is saying.,Signs are appearing that investors could begin to build a long position in Tesla.,MarketWatch,https://www.marketwatch.com/story/has-tesla-stock-hit-bottom-heres-what-the-options-market-is-saying-36a98f2f,api_news_org
253,0,2025,3,12,2025-03-12 00:00:00,"Donald Trump Bought a $90,000 Tesla With 37 Recall Notices Against It",Here's hoping Elon Musk won't have to personally fix President Trump's new EV anytime soon.,Wired,https://www.wired.com/story/donald-trump-bought-a-dollar90000-tesla-with-37-recall-notices-against-it/,api_news_org
254,82,2025,3,12,2025-03-12 00:00:00,Trump Says He Will Designate Attacks on Tesla Dealerships as ‘Domestic Terrorism’,The president wants to protect his campaign underwriter's car business.,Gizmodo.com,https://gizmodo.com/trump-says-he-will-designate-attacks-on-tesla-dealerships-as-domestic-terrorism-2000574677,api_news_org
255,85,2025,3,12,2025-03-12 00:00:00,"Donald Trump, Tesla Salesman","In promoting Elon Musk’s car company, Donald Trump showed just how far he’ll go for his allies.",The Atlantic,https://www.theatlantic.com/newsletters/archive/2025/03/donald-trump-tesla-salesman/682024/,api_news_org
256,60,2025,3,12,2025-03-12 00:00:00,"Elon Musk confidant James Murdoch becomes the latest Tesla insider to sell, cashing in $13 million amid the historic single-day plunge",,Yahoo Entertainment,https://consent.yahoo.com/v2/collectConsent?sessionId=1_cc-session_7af97d69-a40a-4b60-8aa8-ba7fe5ad944f,api_news_org
257,51,2025,3,12,2025-03-12 00:00:00,People Zoomed Into Donald Trump's Tesla Sales Pitch And Can't Believe What They're Seeing,,Yahoo Entertainment,https://consent.yahoo.com/v2/collectConsent?sessionId=1_cc-session_0a4a6dcb-de8d-4719-a75c-45b6cb35c086,api_news_org
258,9,2025,3,12,2025-03-12 00:00:00,Musk Plans to Give Trump Groups $100 Million After Tesla Ad at the White House,The billionaire oligarch effectively controls the federal government right now.,Gizmodo.com,https://gizmodo.com/musk-plans-to-give-trump-groups-100-million-after-tesla-ad-at-the-white-house-2000575040,api_news_org
259,21,2025,3,12,2025-03-12 00:00:00,Add Australia to the list of countries where Tesla sales are sliding,"Tesla sales dropped 71% year over year in Australia in February, joining a number of recent countries with slumping Tesla sales.",Business Insider,https://www.businessinsider.com/tesla-sales-fall-australia-elon-musk-protests-2025-3,api_news_org
260,13,2025,3,12,2025-03-12 00:00:00,Sen. Mark Kelly is looking into selling his Tesla over Elon Musk. Other big names have already pulled the trigger.,"""It's kind of cheaply built on the inside, but I love the performance,"" the Arizona Senator told reporters this week about his Tesla.",Business Insider,https://www.businessinsider.com/celebrities-politicians-who-sold-tesla-over-elon-musk-trump,api_news_org
261,44,2025,3,12,2025-03-12 00:00:00,"Ex-Tesla, Polestar execs unveil new ultralight electric sports cars","With their heavy battery packs, EVs are hardly known for being lightweight. That is, perhaps, until now.  British startup Longbow — founded by former Tesla, Lucid, and Polestar execs — emerged from stealth today with plans for two new ultralight EVs. The comp…",The Next Web,https://thenextweb.com/news/ex-tesla-polestar-execs-unveil-ultralight-ev-sports-cars,api_news_org
262,19,2025,3,11,2025-03-11 00:00:00,Trump says he's buying a Tesla to show support for Elon Musk,"Amid backlash and protests against Tesla, Donald Trump announces his intention to purchase a Tesla, showing support for Elon Musk and his ventures.",Business Insider,https://www.businessinsider.com/donald-trump-buy-tesla-support-elon-musk-stock-protests-2025-3,api_news_org
263,25,2025,3,11,2025-03-11 00:00:00,Vandalize a Tesla dealership? Trump says he'll label that domestic terrorism.,"President Donald Trump responded to a question about Tesla dealership attacks, saying they should be considered domestic terrorism.",Business Insider,https://www.businessinsider.com/trump-tesla-vandalism-domestic-terrorism-elon-musk-2025-3,api_news_org
264,12,2025,3,11,2025-03-11 00:00:00,Ron Baron's firm sold some Tesla shares — but he plans to keep his,"Investor Ron Baron said his firm trimmed its Tesla stake because he has to ""deal with the critiques of my clientele for how large the positions are.""",Business Insider,https://www.businessinsider.com/baron-capital-sells-some-tesla-stock-shares-2025-3,api_news_org
265,17,2025,3,11,2025-03-11 00:00:00,Donald Trump reviews Tesla Model S: 'Everything's computer',"At the White House on Tuesday, Donald Trump and Elon Musk flitted about among a fleet of Teslas. ""Everything's computer,"" Trump marveled.",Business Insider,https://www.businessinsider.com/donald-trump-tesla-model-s-review-everythings-computer-2025-3,api_news_org
266,29,2025,3,11,2025-03-11 00:00:00,Tesla shareholders fear Elon Musk's focus on DOGE is tanking stock prices,Tesla shareholders are frustrated with Elon Musk as he focuses more on DOGE and Tesla's stock price crashes.,Business Insider,https://www.businessinsider.com/tesla-shareholders-fear-elon-musks-focus-on-doge-tanking-stock-2025-3,api_news_org
267,11,2025,3,11,2025-03-11 00:00:00,It's crunch time for Tesla,"Tesla's lower-cost vehicle is supposed to begin production by June at the latest. Analysts tell BI the launch is ""crucial"" and a ""necessity.""",Business Insider,https://www.businessinsider.com/tesla-low-cost-cheaper-car-production-deadline-2025-3,api_news_org
268,2,2025,3,11,2025-03-11 00:00:00,Is Tesla cooked?,"Tesla stock plunged 15 percent on Monday, its steepest drop in five years. The price is down over 50 percent since its December highs. Tesla owners, disgusted with Elon Muskâs slash-and-burn tactics for the Trump administration, are selling their vehicles a…",The Verge,https://www.theverge.com/tesla/627894/tesla-stock-sales-protest-musk-trump-doge,api_news_org
269,94,2025,3,11,2025-03-11 00:00:00,Se cae el mayor mito de Elon Musk y Tesla: no fundó las empresas que más millonario lo han hecho,"Mientras que los creadores de Apple han jugado con el mito de que crearon su revolución de jovencitos en un garaje experimentando, Elon Musk basa su figura como hombre multimillonario en su sacrificio: que trabaja muchísimas horas al día y duerme en sofás en …",Genbeta.com,https://www.genbeta.com/a-fondo/se-cae-mayor-mito-elon-musk-tesla-no-fundo-empresas-que-millonario-han-hecho,api_news_org
270,79,2025,3,11,2025-03-11 00:00:00,Steal My Tesla,,Stealmytesla.com,http://stealmytesla.com/,api_news_org
271,73,2025,3,11,2025-03-11 00:00:00,Tesla tiene un grave problema: sus acciones están cayendo en picado desde el comienzo del año y cada día van a peor,"Cuando escribimos estas líneas, una acción de Tesla cuesta 222 dólares. La cifra ya es inferior a la registrada el 5 de noviembre de 2024, día en el que se celebraron las elecciones de Estados Unidos. Y está muy cerca de igualar los 213 dólares que costaba un…",Xataka.com,https://www.xataka.com/movilidad/luna-miel-tesla-ha-terminado-sus-acciones-se-han-comido-todo-beneficio-ganado-elecciones-estados-unidos,api_news_org
272,39,2025,3,11,2025-03-11 00:00:00,President Trump wants to buy a Tesla. We have some advice for him on which to choose.,"Which Tesla is best for POTUS? Donald trump may want the fastest model on the market, the most expensive, or the most controversial.",Business Insider,https://www.businessinsider.com/what-tesla-trump-should-buy-depending-what-he-wants-2025-3,api_news_org
273,48,2025,3,11,2025-03-11 00:00:00,Musk launches appeal to restore $56 billion Tesla payday,,Yahoo Entertainment,https://consent.yahoo.com/v2/collectConsent?sessionId=1_cc-session_d6adf866-579c-405c-b727-899e51054cb6,api_news_org
274,31,2025,3,11,2025-03-11 00:00:00,Tesla owners offloading their cars over Elon Musk backlash are in for a nasty surprise,"Resale values have collapsed in recent years, with the average price of a used Tesla now $10,000 less than that of a non-Tesla electric car.",Business Insider,https://www.businessinsider.com/tesla-sale-big-losses-second-hand-value-plunge-elon-musk-2025-3,api_news_org
275,92,2025,3,11,2025-03-11 00:00:00,"US-Aktienmarkt: Tesla-Anteile stürzen ab, Big Tech mit starken Verlusten","An den US-Börsen ging es am Montag steil nach unten, besonders groß waren die Verluste bei Tesla. Unter den ""Magnificent Seven"" kam keiner ungeschoren davon.",heise online,https://www.heise.de/news/US-Aktienmarkt-Tesla-Anteile-stuerzen-ab-Big-Tech-mit-starken-Verlusten-10311230.html,api_news_org
276,30,2025,3,11,2025-03-11 00:00:00,A photographer took a shot of Trump's notes — and they read like a Tesla sales pitch,President Donald Trump checked out Teslas at a White House event Tuesday with Elon Musk. He carried a note with jotted down Tesla prices.,Business Insider,https://www.businessinsider.com/photo-trumps-notes-shows-tesla-prices-2025-3,api_news_org
277,93,2025,3,10,2025-03-10 00:00:00,Apple Maps EV Routing adds Tesla Supercharger (NACS) support for Ford drivers,"Apple is rolling out a notable update to Apple Maps EV Routing for Ford drivers. Starting today, Ford Mustang Mach-E and F-150 Lightning drivers can use Apple Maps EV Routing via CarPlay to plan road trips that include Tesla Superchargers – or any station tha…",9to5Mac,https://9to5mac.com/2025/03/10/apple-maps-ev-routing-adds-tesla-supercharger-nacs-support-for-ford-drivers/,api_news_org
278,18,2025,3,10,2025-03-10 00:00:00,We're getting rid of our Tesla — and Elon Musk's politics have nothing to do with it,After tons of research we bought a Tesla Model Y. We didn't realize how expensive it'd be to insure it. Now we want to sell it.,Business Insider,https://www.businessinsider.com/we-are-selling-our-tesla-model-y-2025-3,api_news_org
279,98,2025,3,10,2025-03-10 00:00:00,"Is Tesla, Inc. (TSLA) The Best EV Stock to Buy According to Billionaires?",,Yahoo Entertainment,https://consent.yahoo.com/v2/collectConsent?sessionId=1_cc-session_da1dfd40-72c1-41d5-a0a6-b896b5be1ba0,api_news_org
280,96,2025,3,10,2025-03-10 00:00:00,Elon Musk Freaking Out as Tesla Craters,,Yahoo Entertainment,https://consent.yahoo.com/v2/collectConsent?sessionId=1_cc-session_bccb119c-e234-4f92-a183-b3fa494c1da1,api_news_org
281,23,2025,3,10,2025-03-10 00:00:00,Elon Musk's net worth dropped $29 billion in one day as Tesla stock tanks,Elon Musk's net worth fell by $29 billion on Monday. Tesla's stock free fall has some investors concerned about the CEO's focus.,Business Insider,https://www.businessinsider.com/elon-musk-net-worth-drops-billion-tesla-stock-2025-3,api_news_org
282,32,2025,3,10,2025-03-10 00:00:00,Elon Musk said he's running his businesses with 'great difficulty' as Tesla stock falls 15%,Elon Musk said in an interview that running his businesses while working with the White House has not been easy. Tesla stock declined 15% on Monday.,Business Insider,https://www.businessinsider.com/elon-musk-running-companies-great-difficulty-doge-2025-3,api_news_org
283,10,2025,3,10,2025-03-10 00:00:00,Apple Maps EV Routing for Ford Vehicles Now Supports Tesla Chargers,"Ford Mustang Mach-E and Ford F-150 Lightning customers that use the Apple Maps EV Routing feature in CarPlay can now be automatically routed to EV chargers that use the North American Charging Standard (NACS), Ford announced today.





NACS chargers include …",MacRumors,https://www.macrumors.com/2025/03/10/ford-apple-maps-ev-routing-nacs/,api_news_org
284,88,2025,3,10,2025-03-10 00:00:00,Kia Trolls Tesla with Anti-Elon Ads,"Kia's marketing department in Norway and Finland set their sights on the world's most controversial CEO, Elon Musk, and it got people talking.",InsideEVs ,https://insideevs.com/news/753045/tesla-kia-anti-elon-ads/,api_news_org
285,8,2025,3,10,2025-03-10 00:00:00,Lawmakers Demand Answers From Rubio Over the $400 Million Armored Tesla Contract,A Senator and a Congressman have sent letters to the Secretary of State demanding he answer questions about a scandal that probably doesn’t exist.,Gizmodo.com,https://gizmodo.com/lawmakers-demand-answers-from-rubio-over-the-400-million-armored-tesla-contract-2000573841,api_news_org
286,53,2025,3,10,2025-03-10 00:00:00,Elon Musk Searching for Mysterious Billionaire Who’s Making Everyone Hate Tesla,,Yahoo Entertainment,https://consent.yahoo.com/v2/collectConsent?sessionId=1_cc-session_f5496743-27a8-46e4-ae1b-a6271628e770,api_news_org
287,4,2025,3,10,2025-03-10 00:00:00,Ford’s Tesla Supercharger adapters are now on sale for $200,"Ford is making some changes to how it handles its EV charging accessories. The company was the first to announce its plans to adopt Tesla’s North American Charging Standard (NACS) connector for its EVs, and was also first to distribute NACS adapters to its EV…",The Verge,https://www.theverge.com/news/627230/ford-nacs-adapter-tesla-supercharger-price,api_news_org
288,87,2025,3,10,2025-03-10 00:00:00,Tesla Showroom Set on Fire,Authorities in France are investigating a suspected arson attack that left a dozen Tesla vehicles burnt at a dealership | Trending,Hindustan Times,https://www.hindustantimes.com/trending/tesla-showroom-set-on-fire-12-cars-destroyed-in-suspected-arson-attack-in-france-101741243979863.html,api_news_org
289,47,2025,3,10,2025-03-10 00:00:00,Musk Melts Down as Tesla Stock Price Plunges,,Yahoo Entertainment,https://consent.yahoo.com/v2/collectConsent?sessionId=1_cc-session_a42ceb12-76ff-4d1a-8fd5-8e85f7d1a6c1,api_news_org
290,49,2025,3,9,2025-03-09 00:00:00,Tesla Is Flailing in China and the Rapid Rise of BYD Is to Blame,,Yahoo Entertainment,https://consent.yahoo.com/v2/collectConsent?sessionId=1_cc-session_380db15c-b157-4ef3-9926-4979b55777bd,api_news_org
