,Date,Year,Month,Day,Open,High,Low,Close,Volume,Dividends,Stock Splits
0,2020-07-13 00:00:00-04:00,2020,7,13,205.49022766452694,206.75490787235915,197.84470746926797,198.3908233642578,38135600,0.0,0.0
1,2020-07-14 00:00:00-04:00,2020,7,14,197.49019051020417,200.09618452631085,193.56203368055372,199.6171417236328,37591800,0.0,0.0
2,2020-07-15 00:00:00-04:00,2020,7,15,200.7764543960133,202.47227032572638,196.43632696748918,199.32015991210938,32179400,0.0,0.0
3,2020-07-16 00:00:00-04:00,2020,7,16,196.79078061823034,197.07820922824786,193.8302995592707,195.37281799316406,29940700,0.0,0.0
4,2020-07-17 00:00:00-04:00,2020,7,17,195.8997563460039,196.44585751522288,192.94885105600204,194.37640380859375,31635300,0.0,0.0
5,2020-07-20 00:00:00-04:00,2020,7,20,196.40755546562454,203.40158353531893,194.50095978623176,202.73092651367188,36884800,0.0,0.0
6,2020-07-21 00:00:00-04:00,2020,7,21,204.70458556764095,204.97284838282866,199.31055862517906,200.00038146972656,37990400,0.0,0.0
7,2020-07-22 00:00:00-04:00,2020,7,22,200.43149741397403,203.40156851523614,199.65545044485876,202.87461853027344,49605700,0.0,0.0
8,2020-07-23 00:00:00-04:00,2020,7,23,198.50578178831807,202.07943741473576,193.67702159409754,194.05067443847656,67457000,0.0,0.0
9,2020-07-24 00:00:00-04:00,2020,7,24,192.01955073187074,194.3572823797303,189.2315175967975,192.8626708984375,39827000,0.0,0.0
10,2020-07-27 00:00:00-04:00,2020,7,27,193.02550720665892,195.4207212092042,192.4410744052688,195.30575561523438,30160900,0.0,0.0
11,2020-07-28 00:00:00-04:00,2020,7,28,195.0758584701724,196.12016852717332,193.28424262749832,193.55250549316406,23251400,0.0,0.0
12,2020-07-29 00:00:00-04:00,2020,7,29,194.0123315708133,196.07220973733158,193.54286436977003,195.50694274902344,19632600,0.0,0.0
13,2020-07-30 00:00:00-04:00,2020,7,30,192.5751954494533,195.89017788318162,191.20514013089678,195.3536376953125,25079600,0.0,0.0
14,2020-07-31 00:00:00-04:00,2020,7,31,195.83274233836838,196.5034141302799,190.66866017987502,196.41717529296875,51044000,0.0,0.0
15,2020-08-03 00:00:00-04:00,2020,8,3,202.6542875887838,208.5177672855925,201.6195532977186,207.4638671875,78983000,0.0,0.0
16,2020-08-04 00:00:00-04:00,2020,8,4,205.19318712810264,205.76804432439195,201.4949762006801,204.35006713867188,49280100,0.0,0.0
17,2020-08-05 00:00:00-04:00,2020,8,5,205.89261028578034,205.9884247031007,202.70219778204324,204.0147705078125,28806400,0.0,0.0
18,2020-08-06 00:00:00-04:00,2020,8,6,203.43992709157922,207.30101154094825,202.68304577244257,207.2818603515625,32656800,0.0,0.0
19,2020-08-07 00:00:00-04:00,2020,8,7,205.8447085853178,206.6590726195856,202.08899995716098,203.57403564453125,27820400,0.0,0.0
20,2020-08-10 00:00:00-04:00,2020,8,10,202.7979828765569,202.9991872906506,197.70097494382514,199.52133178710938,36716500,0.0,0.0
21,2020-08-11 00:00:00-04:00,2020,8,11,198.4770314224895,198.9464840457062,194.62552292567963,194.85546875,36446500,0.0,0.0
22,2020-08-12 00:00:00-04:00,2020,8,12,196.68539329251882,201.46624586718303,196.16803348282602,200.42193603515625,28013100,0.0,0.0
23,2020-08-13 00:00:00-04:00,2020,8,13,200.66144219118792,202.49138912091325,199.42550363100096,199.95245361328125,22588900,0.0,0.0
24,2020-08-14 00:00:00-04:00,2020,8,14,200.00992684021358,200.8051395719377,198.81231994651307,200.14405822753906,17958900,0.0,0.0
25,2020-08-17 00:00:00-04:00,2020,8,17,200.8147563394942,202.3381090011182,200.16325050116794,201.46624755859375,20184800,0.0,0.0
26,2020-08-18 00:00:00-04:00,2020,8,18,201.70575023579792,203.45904855150602,200.4410849082599,202.62551879882812,21336200,0.0,0.0
27,2020-08-19 00:00:00-04:00,2020,8,19,203.1153521518743,203.70119775008826,200.96404715991875,201.39622497558594,27627600,0.51,0.0
28,2020-08-20 00:00:00-04:00,2020,8,20,201.24253011907706,206.48632892012674,200.63748712036835,206.0829620361328,26981500,0.0,0.0
29,2020-08-21 00:00:00-04:00,2020,8,21,205.39149643815162,207.6868557841031,204.42149605209858,204.5847625732422,36249300,0.0,0.0
30,2020-08-24 00:00:00-04:00,2020,8,24,206.28467404070597,206.98577783077045,204.01812544971222,205.22824096679688,25460100,0.0,0.0
31,2020-08-25 00:00:00-04:00,2020,8,25,204.66159869274037,208.032603228624,204.66159869274037,207.8981475830078,23043700,0.0,0.0
32,2020-08-26 00:00:00-04:00,2020,8,26,209.25230434048552,213.29558685143772,208.75289140749118,212.39280700683594,39600800,0.0,0.0
33,2020-08-27 00:00:00-04:00,2020,8,27,214.06391898104908,221.99683117871206,210.71211201268858,217.60780334472656,57602200,0.0,0.0
34,2020-08-28 00:00:00-04:00,2020,8,28,219.14443155423294,221.5070259544178,217.60779777645126,219.8455352783203,26292900,0.0,0.0
35,2020-08-31 00:00:00-04:00,2020,8,31,218.0111720750018,219.64385193055338,215.42768932110053,216.59938049316406,28774200,0.0,0.0
36,2020-09-01 00:00:00-04:00,2020,9,1,216.5801610879219,218.44334254996568,215.54292559396254,218.27047729492188,25725500,0.0,0.0
37,2020-09-02 00:00:00-04:00,2020,9,2,218.9427344651928,223.63909728560728,218.34729021557558,222.4770050048828,34080800,0.0,0.0
38,2020-09-03 00:00:00-04:00,2020,9,3,220.19129093318827,220.22970055127237,206.44794563306343,208.69528198242188,58400300,0.0,0.0
39,2020-09-04 00:00:00-04:00,2020,9,4,206.58238418606985,209.71328803798121,197.06480108183683,205.7660369873047,59664100,0.0,0.0
40,2020-09-08 00:00:00-04:00,2020,9,8,198.32294873345126,201.71316552248584,194.19321854077597,194.635009765625,52924300,0.0,0.0
41,2020-09-09 00:00:00-04:00,2020,9,9,199.3793936773701,206.3326924284308,198.5150233767593,202.9232635498047,45679000,0.0,0.0
42,2020-09-10 00:00:00-04:00,2020,9,10,204.94972624563192,206.23667571967312,196.0276004945869,197.23770141601562,35461500,0.0,0.0
43,2020-09-11 00:00:00-04:00,2020,9,11,198.99521605660559,200.36859801651732,193.27123051236325,195.95074462890625,33620100,0.0,0.0
44,2020-09-14 00:00:00-04:00,2020,9,14,196.1524244365995,200.91600807805682,195.95073365631603,197.27609252929688,30375800,0.0,0.0
45,2020-09-15 00:00:00-04:00,2020,9,15,200.16691959839233,201.4730664903299,198.7359157965903,200.51266479492188,21823900,0.0,0.0
46,2020-09-16 00:00:00-04:00,2020,9,16,202.27975704572395,202.30856791804624,196.53656024131783,196.93032836914062,26328100,0.0,0.0
47,2020-09-17 00:00:00-04:00,2020,9,17,192.12831231186047,196.2388293306999,192.04187969876673,194.87506103515625,34011300,0.0,0.0
48,2020-09-18 00:00:00-04:00,2020,9,18,194.7694511786119,195.58578376166412,188.47881764601027,192.4548797607422,55225300,0.0,0.0
49,2020-09-21 00:00:00-04:00,2020,9,21,189.38163451990854,194.68305659370847,188.603711401574,194.519775390625,39839700,0.0,0.0
50,2020-09-22 00:00:00-04:00,2020,9,22,196.93993375550366,199.85956258892355,194.07794132323744,199.20648193359375,33517100,0.0,0.0
51,2020-09-23 00:00:00-04:00,2020,9,23,199.6674908934274,199.85958294103887,192.1091348351066,192.64695739746094,30803800,0.0,0.0
52,2020-09-24 00:00:00-04:00,2020,9,24,191.93627447628725,197.4297730540802,191.312004614749,195.14401245117188,31202500,0.0,0.0
53,2020-09-25 00:00:00-04:00,2020,9,25,195.48974878566517,200.76234419545656,194.51973378987617,199.59066772460938,29437300,0.0,0.0
54,2020-09-28 00:00:00-04:00,2020,9,28,202.52949555123575,204.15257661161684,199.82115598560364,201.14651489257812,32004900,0.0,0.0
55,2020-09-29 00:00:00-04:00,2020,9,29,201.06010719002484,201.75159760507617,198.62067859954726,199.0528564453125,24221900,0.0,0.0
56,2020-09-30 00:00:00-04:00,2020,9,30,199.50426171522722,203.58596936327348,198.3613812290433,202.00131225585938,33829100,0.0,0.0
57,2020-10-01 00:00:00-04:00,2020,10,1,205.03613320542445,205.51633398281396,202.95206359010166,204.0469207763672,27158400,0.0,0.0
58,2020-10-02 00:00:00-04:00,2020,10,2,199.76354745713493,202.6351537274752,197.40095289977685,198.0252227783203,33154800,0.0,0.0
59,2020-10-05 00:00:00-04:00,2020,10,5,199.01444348604974,202.07812728517993,198.78394180004324,202.04931640625,21331600,0.0,0.0
60,2020-10-06 00:00:00-04:00,2020,10,6,200.55105864789076,201.8571906871355,196.70945244898837,197.75628662109375,28554300,0.0,0.0
61,2020-10-07 00:00:00-04:00,2020,10,7,198.86074075676342,201.78996838805088,198.53420774988274,201.52105712890625,25681100,0.0,0.0
62,2020-10-08 00:00:00-04:00,2020,10,8,202.17414363529622,202.82722436981922,200.07087635691752,202.2413787841797,19925800,0.0,0.0
63,2020-10-09 00:00:00-04:00,2020,10,9,202.86564081583657,207.31230524101485,202.86564081583657,207.2642822265625,26458000,0.0,0.0
64,2020-10-12 00:00:00-04:00,2020,10,12,210.1262854993607,214.99552924534586,208.22469420040088,212.6329345703125,40461400,0.0,0.0
65,2020-10-13 00:00:00-04:00,2020,10,13,213.9006090823553,216.29201393457785,211.70128158649564,214.03506469726562,28950800,0.0,0.0
66,2020-10-14 00:00:00-04:00,2020,10,14,214.1695316679288,215.34122265480005,210.45278260153768,212.11427307128906,23421700,0.0,0.0
67,2020-10-15 00:00:00-04:00,2020,10,15,208.50318163632085,211.63408540270825,207.45633281301943,210.96180725097656,22733100,0.0,0.0
68,2020-10-16 00:00:00-04:00,2020,10,16,211.43239462990644,213.48765335352311,210.6352742422161,210.96180725097656,26057900,0.0,0.0
69,2020-10-19 00:00:00-04:00,2020,10,19,211.6917309808641,213.49729078125034,205.25704282497009,205.73724365234375,27625800,0.0,0.0
70,2020-10-20 00:00:00-04:00,2020,10,20,207.25467820553234,208.76250116987134,204.65198329601157,206.15020751953125,22753500,0.0,0.0
71,2020-10-21 00:00:00-04:00,2020,10,21,204.68079858489867,208.33032785047115,204.68079858489867,206.29428100585938,22724900,0.0,0.0
72,2020-10-22 00:00:00-04:00,2020,10,22,205.45872995999608,207.50439028353233,203.3170382585862,206.38072204589844,22351500,0.0,0.0
73,2020-10-23 00:00:00-04:00,2020,10,23,206.51518442025505,207.71568659200213,204.719237860783,207.66766357421875,18879600,0.0,0.0
74,2020-10-26 00:00:00-04:00,2020,10,26,205.38188756074356,207.773278160453,199.85957837314115,201.76116943359375,37111600,0.0,0.0
75,2020-10-27 00:00:00-04:00,2020,10,27,203.21137857142563,206.169417367795,202.0012777861424,204.80564880371094,36700300,0.0,0.0
76,2020-10-28 00:00:00-04:00,2020,10,28,199.44659934305423,200.57026746118032,194.09717002917722,194.65419006347656,51195600,0.0,0.0
77,2020-10-29 00:00:00-04:00,2020,10,29,195.9891786053807,199.1488936963982,195.31688570321097,196.61343383789062,31432600,0.0,0.0
78,2020-10-30 00:00:00-04:00,2020,10,30,195.44174246823854,196.20045334971277,191.71537924916166,194.45252990722656,36953700,0.0,0.0
79,2020-11-02 00:00:00-05:00,2020,11,2,196.2004176902149,197.15122045911184,192.1955451589961,194.3180389404297,30842200,0.0,0.0
80,2020-11-03 00:00:00-05:00,2020,11,3,195.81626288712982,199.8787571628411,195.07674962266472,198.25567626953125,27512000,0.0,0.0
81,2020-11-04 00:00:00-05:00,2020,11,4,205.5451571893595,209.6748870535973,204.0085087476915,207.82130432128906,42311800,0.0,0.0
82,2020-11-05 00:00:00-05:00,2020,11,5,213.24755712532675,215.24519413983083,212.39280031833573,214.44805908203125,36080100,0.0,0.0
83,2020-11-06 00:00:00-05:00,2020,11,6,213.45887580060662,215.4757252251983,209.3963807274589,214.86106872558594,25231900,0.0,0.0
84,2020-11-09 00:00:00-05:00,2020,11,9,215.5525596748849,219.08683089312086,209.25232687398287,209.74212646484375,44395000,0.0,0.0
85,2020-11-10 00:00:00-05:00,2020,11,10,206.00614961539188,207.92695287520905,201.4154309967941,202.6543426513672,44045100,0.0,0.0
86,2020-11-11 00:00:00-05:00,2020,11,11,203.97968632855515,209.40594926972497,203.79720768779484,207.97496032714844,29440800,0.0,0.0
87,2020-11-12 00:00:00-05:00,2020,11,12,208.60885058483515,210.43360787323175,205.96774602530164,206.908935546875,21593900,0.0,0.0
88,2020-11-13 00:00:00-05:00,2020,11,13,207.79253006723377,208.81055361106783,205.6796490784843,207.93658447265625,18621100,0.0,0.0
89,2020-11-16 00:00:00-05:00,2020,11,16,206.3614881256041,209.11785069637364,206.02535635667695,208.62803649902344,24953300,0.0,0.0
90,2020-11-17 00:00:00-05:00,2020,11,17,207.54280102913202,209.0602227298947,205.60278560591848,205.96774291992188,24154100,0.0,0.0
91,2020-11-18 00:00:00-05:00,2020,11,18,205.72702136115265,207.19065796477045,203.10788836222977,203.25233459472656,28372800,0.56,0.0
92,2020-11-19 00:00:00-05:00,2020,11,19,203.54117642474924,205.12998185111996,202.14493655516927,204.5426025390625,24792700,0.0,0.0
93,2020-11-20 00:00:00-05:00,2020,11,20,204.33076618227778,205.3803410647477,202.21235398389004,202.587890625,22843100,0.0,0.0
94,2020-11-23 00:00:00-05:00,2020,11,23,203.1271290016807,204.41743292643147,200.4405998035543,202.3182830810547,25683500,0.0,0.0
95,2020-11-24 00:00:00-05:00,2020,11,24,201.8175889891121,206.3047816996419,201.11466432534726,205.9292449951172,33979700,0.0,0.0
96,2020-11-25 00:00:00-05:00,2020,11,25,207.13287926496642,207.3061971073512,204.5811575214122,205.93885803222656,21012900,0.0,0.0
97,2020-11-27 00:00:00-05:00,2020,11,27,206.88253021746993,208.2498693180052,206.10255583344318,207.24842834472656,14512200,0.0,0.0
98,2020-11-30 00:00:00-05:00,2020,11,30,206.16031025318807,206.79582361196043,203.02119486061437,206.1314239501953,33064800,0.0,0.0
99,2020-12-01 00:00:00-05:00,2020,12,1,206.55510866026424,209.26091499887167,205.43813725180692,208.19207763671875,30904500,0.0,0.0
100,2020-12-02 00:00:00-05:00,2020,12,2,206.91135935519708,207.47947617162268,204.90849265496811,207.3831787109375,23724500,0.0,0.0
101,2020-12-03 00:00:00-05:00,2020,12,3,206.6514402975896,208.35580603635609,205.72703430741302,206.295166015625,25120900,0.0,0.0
102,2020-12-04 00:00:00-05:00,2020,12,4,206.27589789373448,207.39288414897732,205.27445687422906,206.41070556640625,24666000,0.0,0.0
103,2020-12-07 00:00:00-05:00,2020,12,7,206.42031202584383,207.54692205805162,205.09149784815247,206.34327697753906,24620000,0.0,0.0
104,2020-12-08 00:00:00-05:00,2020,12,8,206.03512389881018,208.90460927264132,204.99517292529603,207.9994659423828,23284100,0.0,0.0
105,2020-12-09 00:00:00-05:00,2020,12,9,207.18100061683145,207.24839709342632,203.3774855292624,203.9456024169922,32440600,0.0,0.0
106,2020-12-10 00:00:00-05:00,2020,12,10,203.9167493894469,205.1781671467647,202.55903414364354,202.71310424804688,26733300,0.0,0.0
107,2020-12-11 00:00:00-05:00,2020,12,11,202.26051866363272,205.40925825216428,201.35537522834764,205.35147094726562,30979400,0.0,0.0
108,2020-12-14 00:00:00-05:00,2020,12,14,205.1974082570739,208.1920776453613,204.9855655587694,206.25660705566406,28798400,0.0,0.0
109,2020-12-15 00:00:00-05:00,2020,12,15,207.19061983242744,207.43134881601668,204.3692831973686,206.18919372558594,27000600,0.0,0.0
110,2020-12-16 00:00:00-05:00,2020,12,16,206.7862304214941,211.94746125395747,206.75734411421567,211.1482391357422,35023300,0.0,0.0
111,2020-12-17 00:00:00-05:00,2020,12,17,211.71632926671745,212.69850766848936,209.83864606695616,211.28302001953125,32515800,0.0,0.0
112,2020-12-18 00:00:00-05:00,2020,12,18,210.48377990722656,211.54299325855985,208.0090937215557,210.48377990722656,63354900,0.0,0.0
113,2020-12-21 00:00:00-05:00,2020,12,21,209.4823594895829,215.6931641802954,209.2223680794521,214.33544921875,37181900,0.0,0.0
114,2020-12-22 00:00:00-05:00,2020,12,22,214.43179186870694,217.26276759594012,213.62294585890714,215.63543701171875,22612200,0.0,0.0
115,2020-12-23 00:00:00-05:00,2020,12,23,214.83619087921457,215.26950014371707,212.61185725422715,212.82369995117188,18699600,0.0,0.0
116,2020-12-24 00:00:00-05:00,2020,12,24,213.20886763421802,215.31765611091257,212.9970249301617,214.4895477294922,10550600,0.0,0.0
117,2020-12-28 00:00:00-05:00,2020,12,28,216.12651812611801,217.6479273443034,214.74955514031,216.61761474609375,17933500,0.0,0.0
118,2020-12-29 00:00:00-05:00,2020,12,29,217.91751805737886,218.75525027736376,215.2887614859926,215.83761596679688,17403200,0.0,0.0
119,2020-12-30 00:00:00-05:00,2020,12,30,216.8775680183136,217.26274323665223,213.25700912352386,213.45921325683594,20272300,0.0,0.0
120,2020-12-31 00:00:00-05:00,2020,12,31,213.47848272434652,214.73027651255782,211.53338821321609,214.17178344726562,20942100,0.0,0.0
121,2021-01-04 00:00:00-05:00,2021,1,4,214.27768184031174,214.73025350519663,206.84396964667044,209.61717224121094,37130100,0.0,0.0
122,2021-01-05 00:00:00-05:00,2021,1,5,209.20313130142958,210.41641490220238,207.70098464612286,209.81939697265625,23823000,0.0,0.0
123,2021-01-06 00:00:00-05:00,2021,1,6,204.30188646544542,208.46169064840845,204.0804198989151,204.37892150878906,35930700,0.0,0.0
124,2021-01-07 00:00:00-05:00,2021,1,7,206.102567878631,211.2060264517753,205.78481847645037,210.19496154785156,27694500,0.0,0.0
125,2021-01-08 00:00:00-05:00,2021,1,8,210.57048821815363,212.40003764583292,208.98168251129223,211.4756317138672,22956200,0.0,0.0
126,2021-01-11 00:00:00-05:00,2021,1,11,210.36824456255022,210.79192992294145,208.69276555362057,209.42459106445312,23031300,0.0,0.0
127,2021-01-12 00:00:00-05:00,2021,1,12,208.47131889954403,209.04907439029543,205.40925300018603,206.95953369140625,23249300,0.0,0.0
128,2021-01-13 00:00:00-05:00,2021,1,13,206.08331817720293,208.7216990201183,205.9966445572241,208.31727600097656,20087100,0.0,0.0
129,2021-01-14 00:00:00-05:00,2021,1,14,207.90320332267183,209.39572610602872,204.85076127426112,205.12037658691406,29480800,0.0,0.0
130,2021-01-15 00:00:00-05:00,2021,1,15,205.60186142550404,206.55513901499322,204.16711106582417,204.7641143798828,31746500,0.0,0.0
131,2021-01-19 00:00:00-05:00,2021,1,19,205.82328221244262,208.93349658518767,204.7448210611844,208.4135284423828,30480900,0.0,0.0
132,2021-01-20 00:00:00-05:00,2021,1,20,209.62683690044295,217.41682480407795,209.23203776396883,216.02059936523438,37777300,0.0,0.0
133,2021-01-21 00:00:00-05:00,2021,1,21,216.3672210917985,217.90789256064295,214.17177379910098,216.62721252441406,30709400,0.0,0.0
134,2021-01-22 00:00:00-05:00,2021,1,22,218.65897690601358,221.53810116533532,217.42644554585343,217.5708770751953,30172700,0.0,0.0
135,2021-01-25 00:00:00-05:00,2021,1,25,220.62329785785354,221.25882591143244,215.90501557798177,221.01809692382812,33152100,0.0,0.0
136,2021-01-26 00:00:00-05:00,2021,1,26,223.2617227009555,225.49568036427337,221.5477332554915,223.71429443359375,49169600,0.0,0.0
137,2021-01-27 00:00:00-05:00,2021,1,27,229.17401545429064,231.523532921582,221.60549486039383,224.2631378173828,69870600,0.0,0.0
138,2021-01-28 00:00:00-05:00,2021,1,28,226.87264547692646,233.6419439643718,226.37192502937796,230.06951904296875,49111200,0.0,0.0
139,2021-01-29 00:00:00-05:00,2021,1,29,227.2385520115361,229.19327031508718,222.7706223615719,223.35800170898438,42503100,0.0,0.0
140,2021-02-01 00:00:00-05:00,2021,2,1,226.34303639518623,233.5071339058897,223.81056257108708,230.7628173828125,33314200,0.0,0.0
141,2021-02-02 00:00:00-05:00,2021,2,2,232.35161847748856,233.32415828415557,229.83840729484163,230.62799072265625,25916300,0.0,0.0
142,2021-02-03 00:00:00-05:00,2021,2,3,230.68579162060908,236.00107732593798,230.38727532055444,233.98858642578125,27158100,0.0,0.0
143,2021-02-04 00:00:00-05:00,2021,2,4,233.6611977887063,234.21969082636647,231.45611194234698,233.03529357910156,25296100,0.0,0.0
144,2021-02-05 00:00:00-05:00,2021,2,5,233.2471632851658,234.2582281309034,231.50428749132757,233.21827697753906,18054800,0.0,0.0
145,2021-02-08 00:00:00-05:00,2021,2,8,234.13301678653715,234.64336108513822,231.879796899174,233.47824096679688,22211900,0.0,0.0
146,2021-02-09 00:00:00-05:00,2021,2,9,232.90052253614107,235.6833495984732,232.42870303009505,234.73007202148438,23565000,0.0,0.0
147,2021-02-10 00:00:00-05:00,2021,2,10,235.9144269891913,236.80030797228451,231.95684152422675,233.81527709960938,22186700,0.0,0.0
148,2021-02-11 00:00:00-05:00,2021,2,11,235.70254846711774,236.05882264179044,233.1700749952194,235.42330932617188,15751100,0.0,0.0
149,2021-02-12 00:00:00-05:00,2021,2,12,234.88406670889748,236.2032714733992,233.72857057597207,235.90476989746094,16561100,0.0,0.0
150,2021-02-16 00:00:00-05:00,2021,2,16,235.94332356948152,237.00253712416128,233.91157007309272,234.6626434326172,26728500,0.0,0.0
151,2021-02-17 00:00:00-05:00,2021,2,17,232.90607856108954,235.79181898578886,232.53932303148682,235.68565368652344,21653500,0.56,0.0
152,2021-02-18 00:00:00-05:00,2021,2,18,233.36934079625917,235.42506564401617,232.4621127262459,235.28994750976562,16925600,0.0,0.0
153,2021-02-19 00:00:00-05:00,2021,2,19,235.25133831806946,235.35750361366337,231.80580395569913,232.56826782226562,25262600,0.0,0.0
154,2021-02-22 00:00:00-05:00,2021,2,22,229.14206955928293,229.63428250537643,224.29709366399373,226.33352661132812,36446900,0.0,0.0
155,2021-02-23 00:00:00-05:00,2021,2,23,222.29925374576283,226.64235552974006,220.75503388741765,225.13674926757812,30228700,0.0,0.0
156,2021-02-24 00:00:00-05:00,2021,2,24,221.9904157335927,226.99946241478764,221.01563591612486,226.37213134765625,26339700,0.0,0.0
157,2021-02-25 00:00:00-05:00,2021,2,25,223.9882566459571,226.4107372101652,219.93469758471608,221.00599670410156,39542200,0.0,0.0
158,2021-02-26 00:00:00-05:00,2021,2,26,223.45740147107503,227.16351129635703,221.53678013146413,224.27777099609375,37819200,0.0,0.0
159,2021-03-01 00:00:00-05:00,2021,3,1,227.67505510194286,229.190322220639,225.02093718023963,228.67880249023438,25324000,0.0,0.0
160,2021-03-02 00:00:00-05:00,2021,3,2,228.74635509378146,229.02625214088684,225.3104811452354,225.71583557128906,22812500,0.0,0.0
161,2021-03-03 00:00:00-05:00,2021,3,3,224.0654449168302,225.43593301334528,219.3362809171999,219.62582397460938,34029500,0.0,0.0
162,2021-03-04 00:00:00-05:00,2021,3,4,218.8344135694477,224.38393217022352,216.44087146531615,218.8247528076172,44727800,0.0,0.0
163,2021-03-05 00:00:00-05:00,2021,3,5,221.5175138259382,225.1367655747364,218.5642067552026,223.52499389648438,41872800,0.0,0.0
164,2021-03-08 00:00:00-05:00,2021,3,8,223.30302070423056,225.23328846078326,219.2108624854744,219.4617919921875,35267400,0.0,0.0
165,2021-03-09 00:00:00-05:00,2021,3,9,224.7603831994635,227.17321790496518,223.59256472221995,225.62899780273438,33080500,0.0,0.0
166,2021-03-10 00:00:00-05:00,2021,3,10,228.73670546315466,228.73670546315466,223.94963544287995,224.31639099121094,29746800,0.0,0.0
167,2021-03-11 00:00:00-05:00,2021,3,11,226.76784403921818,230.83104908863842,226.14049823339934,228.8621826171875,29907600,0.0,0.0
168,2021-03-12 00:00:00-05:00,2021,3,12,225.85093547083036,227.59783986643797,225.0981323508544,227.5302734375,22653700,0.0,0.0
169,2021-03-15 00:00:00-04:00,2021,3,15,226.76784103788017,226.9898176853591,223.72766077324133,226.62306213378906,26034900,0.0,0.0
170,2021-03-16 00:00:00-04:00,2021,3,16,228.04177203290484,231.68997596199938,227.71363013440376,229.4219207763672,28092200,0.0,0.0
171,2021-03-17 00:00:00-04:00,2021,3,17,227.91634581988245,230.23267582514157,225.09815683124123,228.7753143310547,29562100,0.0,0.0
172,2021-03-18 00:00:00-04:00,2021,3,18,224.45151711937265,226.02468994660006,222.29927284060432,222.67567443847656,34833000,0.0,0.0
173,2021-03-19 00:00:00-04:00,2021,3,19,222.96524147234817,224.364682705661,221.35346959930237,222.318603515625,46430700,0.0,0.0
174,2021-03-22 00:00:00-04:00,2021,3,22,222.24136581989566,228.6401929449053,222.11589371244168,227.76193237304688,30127000,0.0,0.0
175,2021-03-23 00:00:00-04:00,2021,3,23,229.2096197683418,232.64549356474453,228.80426536023757,229.29647827148438,31638400,0.0,0.0
176,2021-03-24 00:00:00-04:00,2021,3,24,229.55709660364425,229.7018607932665,227.11530909352163,227.25042724609375,25620100,0.0,0.0
177,2021-03-25 00:00:00-04:00,2021,3,25,227.09595311398633,228.6787717271108,223.49600868614775,224.23915100097656,34061900,0.0,0.0
178,2021-03-26 00:00:00-04:00,2021,3,26,223.47673028476513,228.45682413692484,223.47673028476513,228.23483276367188,25479900,0.0,0.0
179,2021-03-29 00:00:00-04:00,2021,3,29,228.34099241678047,228.54367698586992,223.79522066068677,227.03807067871094,25227500,0.0,0.0
180,2021-03-30 00:00:00-04:00,2021,3,30,225.38769886994126,225.69654875990918,223.0424307659374,223.7662811279297,24792000,0.0,0.0
181,2021-03-31 00:00:00-04:00,2021,3,31,224.78933806497363,230.7635192059559,224.2874643182065,227.54962158203125,43623500,0.0,0.0
182,2021-04-01 00:00:00-04:00,2021,4,1,230.15545323053863,234.37308312806474,229.75009881096892,233.90017700195312,30338000,0.0,0.0
183,2021-04-05 00:00:00-04:00,2021,4,5,234.2958580748924,241.24483268507507,234.23795240760288,240.3858642578125,36910600,0.0,0.0
184,2021-04-06 00:00:00-04:00,2021,4,6,238.97681039219964,240.70439362829285,238.27226675447417,239.2180938720703,22931900,0.0,0.0
185,2021-04-07 00:00:00-04:00,2021,4,7,239.1698395403096,242.18105272337678,238.57146120951424,241.1869659423828,22719800,0.0,0.0
186,2021-04-08 00:00:00-04:00,2021,4,8,243.9568144768414,245.2790427436006,243.21365751095138,244.42007446289062,23625200,0.0,0.0
187,2021-04-09 00:00:00-04:00,2021,4,9,244.05337980246674,247.0646072789531,243.63837933645223,246.9294891357422,24326800,0.0,0.0
188,2021-04-12 00:00:00-04:00,2021,4,12,245.82922342921694,248.6860258030344,245.74235019955128,246.9873809814453,27148700,0.0,0.0
189,2021-04-13 00:00:00-04:00,2021,4,13,248.29030612769103,250.15300710764706,247.87527625025893,249.47740173339844,23837500,0.0,0.0
190,2021-04-14 00:00:00-04:00,2021,4,14,248.50262935753858,249.80553625655904,246.26351216164986,246.6785125732422,23070900,0.0,0.0
191,2021-04-15 00:00:00-04:00,2021,4,15,248.93694240815205,250.86720991853863,248.74393332924026,250.45220947265625,25627500,0.0,0.0
192,2021-04-16 00:00:00-04:00,2021,4,16,250.4232470797926,251.89990049073447,248.61845173903515,251.64895629882812,24878600,0.0,0.0
193,2021-04-19 00:00:00-04:00,2021,4,19,251.11817532705464,252.36320622338988,248.83081284664505,249.71871948242188,23209300,0.0,0.0
194,2021-04-20 00:00:00-04:00,2021,4,20,248.83077095596653,251.1277938131743,247.8849293519568,249.25543212890625,19722900,0.0,0.0
195,2021-04-21 00:00:00-04:00,2021,4,21,249.91179398462032,251.59111767693693,248.28071520966049,251.49459838867188,24030400,0.0,0.0
196,2021-04-22 00:00:00-04:00,2021,4,22,251.1374769798626,252.65274423012988,246.72682283583012,248.2034912109375,25606200,0.0,0.0
197,2021-04-23 00:00:00-04:00,2021,4,23,248.88867077943797,252.3921106472037,248.29992393613864,252.04464721679688,21462600,0.0,0.0
198,2021-04-26 00:00:00-04:00,2021,4,26,252.53685933229818,253.28966235625984,251.0988197046952,252.43067932128906,19763300,0.0,0.0
199,2021-04-27 00:00:00-04:00,2021,4,27,252.459719495277,254.01360043254778,251.05063220979886,252.8361358642578,31014200,0.0,0.0
200,2021-04-28 00:00:00-04:00,2021,4,28,247.15144095800966,247.59542369534182,244.13058229538743,245.6844482421875,46903100,0.0,0.0
201,2021-04-29 00:00:00-04:00,2021,4,29,246.55305825880825,247.17074322966292,240.31828815853044,243.70590209960938,40589000,0.0,0.0
202,2021-04-30 00:00:00-04:00,2021,4,30,241.03252179901702,244.25606517378202,240.89740365536738,243.38743591308594,30945100,0.0,0.0
203,2021-05-03 00:00:00-04:00,2021,5,3,244.56489758590888,245.48178647191602,242.36439371303774,243.07859802246094,19626600,0.0,0.0
204,2021-05-04 00:00:00-04:00,2021,5,4,242.2196305734956,242.45126798676034,237.19127700382506,239.15049743652344,32756100,0.0,0.0
205,2021-05-05 00:00:00-04:00,2021,5,5,240.37623427424475,240.8008955244394,237.24921002603656,237.8765411376953,21901300,0.0,0.0
206,2021-05-06 00:00:00-04:00,2021,5,6,237.85723506591287,241.14834503823036,236.1586047867041,241.0228729248047,26491100,0.0,0.0
207,2021-05-07 00:00:00-04:00,2021,5,7,243.3584957193326,245.4335423442591,242.41266866465028,243.65769958496094,27032900,0.0,0.0
208,2021-05-10 00:00:00-04:00,2021,5,10,242.12308271255597,242.95309827027836,238.50383139576158,238.56173706054688,29299900,0.0,0.0
209,2021-05-11 00:00:00-04:00,2021,5,11,236.02344939541925,238.00197642673814,234.11248879198368,237.64486694335938,33641600,0.0,0.0
210,2021-05-12 00:00:00-04:00,2021,5,12,233.7264492906363,235.85940145666098,229.76940956850882,230.66697692871094,36684400,0.0,0.0
211,2021-05-13 00:00:00-04:00,2021,5,13,233.3693622947048,237.03687378235696,233.00260672790753,234.5564727783203,29624300,0.0,0.0
212,2021-05-14 00:00:00-04:00,2021,5,14,237.01758412439983,240.49205731653723,236.93072560812067,239.4979705810547,23901100,0.0,0.0
213,2021-05-17 00:00:00-04:00,2021,5,17,237.95372823274968,237.99232710284414,235.0293741579172,236.63148498535156,24970200,0.0,0.0
214,2021-05-18 00:00:00-04:00,2021,5,18,237.68350018460333,237.81861832476685,234.43098933096988,234.60472106933594,20168000,0.0,0.0
215,2021-05-19 00:00:00-04:00,2021,5,19,231.4994866163232,235.29154533892452,230.8126675990261,235.1851348876953,25739800,0.56,0.0
216,2021-05-20 00:00:00-04:00,2021,5,20,235.99771295656814,239.85747908264446,235.90097082235815,238.43545532226562,21800700,0.0,0.0
217,2021-05-21 00:00:00-04:00,2021,5,21,239.48987585473117,240.22506584022102,236.75223895552327,237.16819763183594,21863100,0.0,0.0
218,2021-05-24 00:00:00-04:00,2021,5,24,239.70268954127087,242.96271041697577,239.43182928749044,242.59510803222656,21411500,0.0,0.0
219,2021-05-25 00:00:00-04:00,2021,5,25,243.55278085132517,244.5007916572759,242.63378972999098,243.50440979003906,17704300,0.0,0.0
220,2021-05-26 00:00:00-04:00,2021,5,26,243.2239282771189,244.68465499083965,242.56612891100883,243.281982421875,17771600,0.0,0.0
221,2021-05-27 00:00:00-04:00,2021,5,27,242.9723901943247,243.2722701493951,241.11505632611494,241.173095703125,24426200,0.0,0.0
222,2021-05-28 00:00:00-04:00,2021,5,28,242.807946487655,243.85269958248085,241.41494236122048,241.53102111816406,18270200,0.0,0.0
223,2021-06-01 00:00:00-04:00,2021,6,1,243.03043902441425,243.08847840368188,238.89981241823648,239.325439453125,23213300,0.0,0.0
224,2021-06-02 00:00:00-04:00,2021,6,2,240.03162651736798,241.13441901461294,237.81635845240393,239.2287139892578,19406700,0.0,0.0
225,2021-06-03 00:00:00-04:00,2021,6,3,237.21658469268877,238.30002574663683,235.06903920305788,237.6905975341797,25307700,0.0,0.0
226,2021-06-04 00:00:00-04:00,2021,6,4,239.67370569685207,243.4367448861745,239.43186509404015,242.6048126220703,25281100,0.0,0.0
227,2021-06-07 00:00:00-04:00,2021,6,7,241.82126043169774,245.7971206803455,241.656810586958,245.52626037597656,23079200,0.0,0.0
228,2021-06-08 00:00:00-04:00,2021,6,8,246.83218619035304,247.6544501102256,244.2686670500775,244.32672119140625,22455000,0.0,0.0
229,2021-06-09 00:00:00-04:00,2021,6,9,245.52626696989583,247.1901316047214,244.94585834242315,245.31344604492188,17937600,0.0,0.0
230,2021-06-10 00:00:00-04:00,2021,6,10,245.9905831313682,249.0571202295339,245.39082315479712,248.84429931640625,24563600,0.0,0.0
231,2021-06-11 00:00:00-04:00,2021,6,11,249.56982664049914,250.05350786087087,248.2348617488238,249.47311401367188,18999700,0.0,0.0
232,2021-06-14 00:00:00-04:00,2021,6,14,249.48275045554263,251.4658610360134,248.41864593938234,251.40782165527344,19150500,0.0,0.0
233,2021-06-15 00:00:00-04:00,2021,6,15,251.291734237546,251.50455515844905,249.26995024974664,249.92774963378906,18038900,0.0,0.0
234,2021-06-16 00:00:00-04:00,2021,6,16,250.93378234700253,252.07526281054376,246.1163220795132,248.97972106933594,27220000,0.0,0.0
235,2021-06-17 00:00:00-04:00,2021,6,17,247.71243465446503,253.2070446216364,247.65439528676288,252.38478088378906,27565500,0.0,0.0
236,2021-06-18 00:00:00-04:00,2021,6,18,251.15632915614597,253.73917048423962,250.30504543758488,250.9628448486328,37202200,0.0,0.0
237,2021-06-21 00:00:00-04:00,2021,6,21,251.34009426995223,254.91931727206614,249.50211169896875,254.05838012695312,26696100,0.0,0.0
238,2021-06-22 00:00:00-04:00,2021,6,22,254.14541140900315,257.11522060060247,253.83584840394232,256.8443603515625,24694100,0.0,0.0
239,2021-06-23 00:00:00-04:00,2021,6,23,257.3086234421673,258.1212040254014,255.79954099879708,256.61212158203125,19518700,0.0,0.0
240,2021-06-24 00:00:00-04:00,2021,6,24,257.47316949097063,259.10801424243357,256.8056871002997,257.9858703613281,21446900,0.0,0.0
241,2021-06-25 00:00:00-04:00,2021,6,25,257.5409216930038,258.5276207872366,256.1188976775025,256.3703918457031,25611100,0.0,0.0
242,2021-06-28 00:00:00-04:00,2021,6,28,257.50222011018576,260.12376415677653,257.2313597974926,259.94964599609375,19590000,0.0,0.0
243,2021-06-29 00:00:00-04:00,2021,6,29,260.0947191278828,262.7839853710794,259.23378195844055,262.5421447753906,19937800,0.0,0.0
244,2021-06-30 00:00:00-04:00,2021,6,30,261.85530334514743,262.503419554068,260.8008819807484,262.0584411621094,21656500,0.0,0.0
245,2021-07-01 00:00:00-04:00,2021,7,1,260.8105550251696,262.9677837431567,260.80090147610525,262.7356262207031,16725300,0.0,0.0
246,2021-07-02 00:00:00-04:00,2021,7,2,263.9158178662931,268.9267480285578,263.60625481216545,268.5881652832031,26458000,0.0,0.0
247,2021-07-06 00:00:00-04:00,2021,7,6,268.95581982561964,270.2520821541563,265.3475467356974,268.597900390625,31565600,0.0,0.0
248,2021-07-07 00:00:00-04:00,2021,7,7,270.28106129192366,271.5289671123021,268.10449579016444,270.79376220703125,23260000,0.0,0.0
249,2021-07-08 00:00:00-04:00,2021,7,8,267.8626752532348,269.63296519274246,265.8989305231192,268.36572265625,24618600,0.0,0.0
250,2021-07-09 00:00:00-04:00,2021,7,9,266.721137351801,268.9750785451048,266.3341983320282,268.8686828613281,23916700,0.0,0.0
251,2021-07-12 00:00:00-04:00,2021,7,12,270.04886399300807,270.6389408273715,267.55305271970633,268.2689208984375,18931700,0.0,0.0
252,2021-07-13 00:00:00-04:00,2021,7,13,268.46241397623965,273.6184723184139,268.33668165702954,271.80950927734375,26120100,0.0,0.0
253,2021-07-14 00:00:00-04:00,2021,7,14,273.13479976078486,274.402042236857,271.3935295989676,273.2895812988281,23113700,0.0,0.0
254,2021-07-15 00:00:00-04:00,2021,7,15,272.7961918128015,273.2895560746804,270.6970024536931,271.85784912109375,22604200,0.0,0.0
255,2021-07-16 00:00:00-04:00,2021,7,16,272.8638698018338,274.8276139370805,270.33903904420094,271.5869445800781,26186800,0.0,0.0
256,2021-07-19 00:00:00-04:00,2021,7,19,269.82634363461955,271.21934762770826,265.49257967527933,267.9690246582031,32935600,0.0,0.0
257,2021-07-20 00:00:00-04:00,2021,7,20,268.9557989233247,271.79984707977076,267.2435778991628,270.2037048339844,26259700,0.0,0.0
258,2021-07-21 00:00:00-04:00,2021,7,21,269.79732315685095,272.3318075052571,268.23988411891924,272.2157287597656,24364300,0.0,0.0
259,2021-07-22 00:00:00-04:00,2021,7,22,274.5761049598019,277.07191616470243,274.16982933582995,276.8010559082031,23384100,0.0,0.0
260,2021-07-23 00:00:00-04:00,2021,7,23,277.99093009923706,280.5254148814267,277.1493295288291,280.21588134765625,22768100,0.0,0.0
261,2021-07-26 00:00:00-04:00,2021,7,26,279.56770204369064,280.23518438607294,277.2847412077284,279.6160583496094,23176100,0.0,0.0
262,2021-07-27 00:00:00-04:00,2021,7,27,279.9836498416218,280.1287482752824,273.71516133505776,277.18798828125,33604100,0.0,0.0
263,2021-07-28 00:00:00-04:00,2021,7,28,279.5580315244061,280.68017537470826,274.5664383371537,276.8784484863281,33566900,0.0,0.0
264,2021-07-29 00:00:00-04:00,2021,7,29,276.89776835360453,279.2000952932535,276.74298684690376,277.1492919921875,18168300,0.0,0.0
265,2021-07-30 00:00:00-04:00,2021,7,30,275.8627907992205,277.3041515488227,274.64390454185576,275.61126708984375,20944800,0.0,0.0
266,2021-08-02 00:00:00-04:00,2021,8,2,277.0138561017704,277.41047819028364,274.47937158051684,275.5241394042969,16267400,0.0,0.0
267,2021-08-03 00:00:00-04:00,2021,8,3,276.1045861238973,277.8555096866815,274.7309185417036,277.74908447265625,17879000,0.0,0.0
268,2021-08-04 00:00:00-04:00,2021,8,4,276.8783922608802,278.20367366621304,275.3596266193683,277.158935546875,16191300,0.0,0.0
269,2021-08-05 00:00:00-04:00,2021,8,5,277.51691846775424,280.1771649568676,276.762377008068,280.07073974609375,13900200,0.0,0.0
270,2021-08-06 00:00:00-04:00,2021,8,6,279.09368838290385,280.05136755042815,278.23272182181637,280.0126647949219,16589300,0.0,0.0
271,2021-08-09 00:00:00-04:00,2021,8,9,280.2932231032673,282.03446341401013,278.4165379017834,278.9195556640625,16117600,0.0,0.0
272,2021-08-10 00:00:00-04:00,2021,8,10,279.3742390862678,279.8095639589579,275.8917581909728,277.0912780761719,18616600,0.0,0.0
273,2021-08-11 00:00:00-04:00,2021,8,11,277.8361804592524,279.238867918626,276.53023515596675,277.5846862792969,13955900,0.0,0.0
274,2021-08-12 00:00:00-04:00,2021,8,12,277.27505238840786,280.50603883012514,276.99450906385545,280.35125732421875,14561300,0.0,0.0
275,2021-08-13 00:00:00-04:00,2021,8,13,280.03210735363274,283.34047057422725,279.8579596671062,283.2921142578125,18249000,0.0,0.0
276,2021-08-16 00:00:00-04:00,2021,8,16,283.6209400034158,285.19774519194135,280.5543886861445,284.98492431640625,22507600,0.0,0.0
277,2021-08-17 00:00:00-04:00,2021,8,17,282.84704310258843,283.8530785182627,281.57977148193436,283.5144958496094,20075300,0.0,0.0
278,2021-08-18 00:00:00-04:00,2021,8,18,283.0493007029757,285.74371478122373,281.33377277566484,281.7796325683594,21813000,0.56,0.0
279,2021-08-19 00:00:00-04:00,2021,8,19,279.80248920189575,288.3121898941997,279.754040316295,287.63372802734375,29850500,0.0,0.0
280,2021-08-20 00:00:00-04:00,2021,8,20,290.492942333406,296.4245297530549,288.88404287348874,294.9900817871094,40817600,0.0,0.0
281,2021-08-23 00:00:00-04:00,2021,8,23,293.91422411673074,295.99802885849795,292.5573300693989,295.2711181640625,22830200,0.0,0.0
282,2021-08-24 00:00:00-04:00,2021,8,24,295.6297277308702,296.24033745706305,292.70271126631314,293.3036193847656,18175800,0.0,0.0
283,2021-08-25 00:00:00-04:00,2021,8,25,294.9319124080589,295.2129928490699,291.17138560708065,292.7124328613281,20006100,0.0,0.0
284,2021-08-26 00:00:00-04:00,2021,8,26,291.7237949064107,293.11946582740853,289.7466190833908,289.8822937011719,17666100,0.0,0.0
285,2021-08-27 00:00:00-04:00,2021,8,27,289.7853828134745,291.6075104848054,287.691876313099,290.492919921875,22605700,0.0,0.0
286,2021-08-30 00:00:00-04:00,2021,8,30,291.8498441090429,294.8544147543633,291.79169360955285,294.2438049316406,16348100,0.0,0.0
287,2021-08-31 00:00:00-04:00,2021,8,31,295.0482076794564,295.1257318031816,292.21808912531776,292.5863952636719,26285300,0.0,0.0
288,2021-09-01 00:00:00-04:00,2021,9,1,293.54589386073576,295.79447785628054,292.20837356031564,292.53790283203125,18983800,0.0,0.0
289,2021-09-02 00:00:00-04:00,2021,9,2,292.8965991015238,294.02086175989047,290.93876711303125,291.87890625,16285600,0.0,0.0
290,2021-09-03 00:00:00-04:00,2021,9,3,291.723795856105,293.2842462231373,291.0162883636507,291.86920166015625,14747900,0.0,0.0
291,2021-09-07 00:00:00-04:00,2021,9,7,291.74315447644847,291.8206785924295,289.0196651398195,290.9386901855469,17180400,0.0,0.0
292,2021-09-08 00:00:00-04:00,2021,9,8,290.5510793969682,291.3555143006934,288.3121965936231,290.96783447265625,15046800,0.0,0.0
293,2021-09-09 00:00:00-04:00,2021,9,9,291.55907086974764,292.83844092366724,287.85666491586284,288.0989685058594,19927000,0.0,0.0
294,2021-09-10 00:00:00-04:00,2021,9,10,289.2329150244491,290.68673632669135,286.286495570045,286.6063232421875,19633400,0.0,0.0
295,2021-09-13 00:00:00-04:00,2021,9,13,288.38965085390885,289.3491929500508,285.026476659469,287.8468933105469,23652900,0.0,0.0
296,2021-09-14 00:00:00-04:00,2021,9,14,290.3378305630741,292.11150927882005,288.9227859804773,290.5607604980469,21853400,0.0,0.0
297,2021-09-15 00:00:00-04:00,2021,9,15,293.9238804057243,295.9204591056859,292.5282097213536,295.43585205078125,28356300,0.0,0.0
298,2021-09-16 00:00:00-04:00,2021,9,16,294.4085029702731,295.9107730883911,291.50086048766883,295.82354736328125,19550800,0.0,0.0
299,2021-09-17 00:00:00-04:00,2021,9,17,294.8058832523074,295.12571090987916,290.30871536477906,290.63824462890625,41372500,0.0,0.0
300,2021-09-20 00:00:00-04:00,2021,9,20,287.2073113229122,289.523748107256,280.6069631382969,285.23980712890625,38278700,0.0,0.0
301,2021-09-21 00:00:00-04:00,2021,9,21,286.58701077286617,288.380063343939,285.01688816382256,285.7243957519531,22364100,0.0,0.0
302,2021-09-22 00:00:00-04:00,2021,9,22,287.5949776473581,290.9775261806469,285.4433206601765,289.38800048828125,26626300,0.0,0.0
303,2021-09-23 00:00:00-04:00,2021,9,23,289.64963483710073,291.63651187751225,288.37026514784657,290.3377685546875,18604600,0.0,0.0
304,2021-09-24 00:00:00-04:00,2021,9,24,289.0487925731778,290.5704365513493,287.78879623094576,290.1343078613281,14999000,0.0,0.0
305,2021-09-27 00:00:00-04:00,2021,9,27,287.02312279085345,287.34295047966873,283.9216253531589,285.11376953125,23571700,0.0,0.0
306,2021-09-28 00:00:00-04:00,2021,9,28,280.87822817244177,281.82806861765954,274.0452807489207,274.79156494140625,43186200,0.0,0.0
307,2021-09-29 00:00:00-04:00,2021,9,29,276.32291621370507,277.94148702353476,274.2972625111505,275.25677490234375,26353700,0.0,0.0
308,2021-09-30 00:00:00-04:00,2021,9,30,276.9142066260927,278.9689361892325,272.9501237277574,273.24090576171875,32343600,0.0,0.0
309,2021-10-01 00:00:00-04:00,2021,10,1,273.43470338656726,281.05274232386216,272.63026862075776,280.1998291015625,30086300,0.0,0.0
310,2021-10-04 00:00:00-04:00,2021,10,4,278.5521943769814,278.8914253103499,271.6223177870567,274.3942565917969,31350700,0.0,0.0
311,2021-10-05 00:00:00-04:00,2021,10,5,275.3053401798689,281.45985757328907,275.3053401798689,279.870361328125,24993000,0.0,0.0
312,2021-10-06 00:00:00-04:00,2021,10,6,276.98209706368044,284.5904362119832,276.7204198171607,284.08642578125,28002600,0.0,0.0
313,2021-10-07 00:00:00-04:00,2021,10,7,286.0927159396259,287.5077903411879,284.8715258385162,285.77288818359375,20430500,0.0,0.0
314,2021-10-08 00:00:00-04:00,2021,10,8,287.1007072554327,287.5077903411879,284.71644797623225,285.77288818359375,17685700,0.0,0.0
315,2021-10-11 00:00:00-04:00,2021,10,11,283.9022676599514,288.79678807629915,283.7374882135025,285.17193603515625,19298600,0.0,0.0
316,2021-10-12 00:00:00-04:00,2021,10,12,286.2477230453125,286.3446503825406,283.3497820040376,283.86346435546875,17974100,0.0,0.0
317,2021-10-13 00:00:00-04:00,2021,10,13,285.83103295092565,288.1280664324026,284.4547354370626,287.18792724609375,23416300,0.0,0.0
318,2021-10-14 00:00:00-04:00,2021,10,14,289.9986297551675,293.93363781781864,288.66110916260686,293.4296569824219,27262900,0.0,0.0
319,2021-10-15 00:00:00-04:00,2021,10,15,293.0322699004175,295.07732760746717,291.2682926433192,294.8446960449219,25384800,0.0,0.0
320,2021-10-18 00:00:00-04:00,2021,10,18,294.2243560476535,298.721494467245,293.3714428358164,297.829833984375,22729300,0.0,0.0
321,2021-10-19 00:00:00-04:00,2021,10,19,298.8572372635613,299.7779731077033,297.7620203649493,298.7409362792969,17682100,0.0,0.0
322,2021-10-20 00:00:00-04:00,2021,10,20,299.6907101782224,300.16564524246087,296.68614028593805,297.9461364746094,16537100,0.0,0.0
323,2021-10-21 00:00:00-04:00,2021,10,21,297.71354814413246,301.4449992684376,296.92845740574165,301.1930236816406,16918100,0.0,0.0
324,2021-10-22 00:00:00-04:00,2021,10,22,300.844058481648,301.51281859413734,298.3240958410574,299.6422424316406,17449300,0.0,0.0
325,2021-10-25 00:00:00-04:00,2021,10,25,299.8361271319988,299.87490398656814,297.0254115262291,298.6440124511719,17554500,0.0,0.0
326,2021-10-26 00:00:00-04:00,2021,10,26,301.42569489466507,302.78258921330206,299.0995861229906,300.5630798339844,28107300,0.0,0.0
327,2021-10-27 00:00:00-04:00,2021,10,27,306.2717285345529,316.0607991913037,306.2717285345529,313.22100830078125,52588700,0.0,0.0
328,2021-10-28 00:00:00-04:00,2021,10,28,314.3453123570291,314.8686964465577,311.466744231739,314.3647155761719,26297900,0.0,0.0
329,2021-10-29 00:00:00-04:00,2021,10,29,314.15139247801113,321.7791032348523,313.92846257164115,321.4107971191406,34766000,0.0,0.0
330,2021-11-01 00:00:00-04:00,2021,11,1,321.1588294904815,321.284832079321,316.3224597002652,319.2301025390625,27073200,0.0,0.0
331,2021-11-02 00:00:00-04:00,2021,11,2,320.1411677515006,323.18451480044746,319.8407136897348,322.8743591308594,26487100,0.0,0.0
332,2021-11-03 00:00:00-04:00,2021,11,3,323.6206934906258,324.5899079243073,320.47074658116105,323.7176208496094,21500100,0.0,0.0
333,2021-11-04 00:00:00-04:00,2021,11,4,322.64172939801034,326.17935531417845,319.3657806678688,326.0824279785156,23992200,0.0,0.0
334,2021-11-05 00:00:00-04:00,2021,11,5,328.0887593539688,328.3601381890695,324.12467620856967,325.71417236328125,22570100,0.0,0.0
335,2021-11-08 00:00:00-05:00,2021,11,8,326.9159936378273,327.25522458135265,324.14405475009283,326.61553955078125,20897000,0.0,0.0
336,2021-11-09 00:00:00-05:00,2021,11,9,326.7318064632748,328.2922568095031,324.2312466755597,325.6075439453125,21307400,0.0,0.0
337,2021-11-10 00:00:00-05:00,2021,11,10,324.2700458250661,324.32819631868085,319.7632051014801,320.6160888671875,25500900,0.0,0.0
338,2021-11-11 00:00:00-05:00,2021,11,11,321.05225700459357,323.49466654562343,320.3350478426088,322.1959228515625,16849800,0.0,0.0
339,2021-11-12 00:00:00-05:00,2021,11,12,323.6400630177921,326.84816009306326,323.51406042203826,326.3538513183594,23831000,0.0,0.0
340,2021-11-15 00:00:00-05:00,2021,11,15,327.1485619428337,327.47809121400434,323.7466107128754,325.72381591796875,16723000,0.0,0.0
341,2021-11-16 00:00:00-05:00,2021,11,16,325.345845588492,330.1822450060062,325.1810957230039,329.0579528808594,20886800,0.0,0.0
342,2021-11-17 00:00:00-05:00,2021,11,17,329.1064793756621,332.26218849900704,328.1937488278737,329.28125,19053400,0.62,0.0
343,2021-11-18 00:00:00-05:00,2021,11,18,328.3685486378301,332.51468426530346,327.33930424900313,331.368896484375,22463500,0.0,0.0
344,2021-11-19 00:00:00-05:00,2021,11,19,332.69915140962325,335.0877722203571,332.2719145644923,333.1554870605469,21963400,0.0,0.0
345,2021-11-22 00:00:00-05:00,2021,11,22,334.6216182358595,339.5251215819764,329.698705812508,329.9705810546875,31031100,0.0,0.0
346,2021-11-23 00:00:00-05:00,2021,11,23,327.2713297656087,329.60172350513506,323.88259282379204,327.883056640625,30427600,0.0,0.0
347,2021-11-24 00:00:00-05:00,2021,11,24,326.5236699372593,328.34913114834603,324.22243434130775,328.10638427734375,21661300,0.0,0.0
348,2021-11-26 00:00:00-05:00,2021,11,26,324.64966735700517,328.1257894703954,318.60040473573963,320.1151428222656,24217200,0.0,0.0
349,2021-11-29 00:00:00-05:00,2021,11,29,325.2225541524577,329.1938894536679,325.02834480045965,326.863525390625,28563500,0.0,0.0
350,2021-11-30 00:00:00-05:00,2021,11,30,325.5914992919811,327.9801199785181,319.4451325085839,320.99871826171875,42885600,0.0,0.0
351,2021-12-01 00:00:00-05:00,2021,12,1,325.4070446792567,329.4366368662176,319.83358592760334,320.5035400390625,33337600,0.0,0.0
352,2021-12-02 00:00:00-05:00,2021,12,2,320.7171309796585,323.8145832007806,318.28966244474685,319.9306335449219,30766000,0.0,0.0
353,2021-12-03 00:00:00-05:00,2021,12,3,322.3580576508924,323.0474799549605,308.803083517169,313.63861083984375,41779300,0.0,0.0
354,2021-12-06 00:00:00-05:00,2021,12,6,314.5513771213082,317.949832989311,309.9683154511713,316.72637939453125,30032600,0.0,0.0
355,2021-12-07 00:00:00-05:00,2021,12,7,322.01828739621885,326.05756905237325,320.522958448242,325.203125,31021900,0.0,0.0
356,2021-12-08 00:00:00-05:00,2021,12,8,325.58184120381065,325.7663312135231,321.2026777609349,325.251708984375,24761000,0.0,0.0
357,2021-12-09 00:00:00-05:00,2021,12,9,324.70787358836105,326.7275141779863,322.4843043261446,323.4358825683594,22214200,0.0,0.0
358,2021-12-10 00:00:00-05:00,2021,12,10,325.2614178438245,333.04872727162575,325.0769278400669,332.6020812988281,38095700,0.0,0.0
359,2021-12-13 00:00:00-05:00,2021,12,13,330.7959938410283,333.8157801871928,329.24240801109124,329.5531311035156,28899400,0.0,0.0
360,2021-12-14 00:00:00-05:00,2021,12,14,323.5524185550446,324.93123368391133,314.7067080432587,318.8139953613281,44438700,0.0,0.0
361,2021-12-15 00:00:00-05:00,2021,12,15,319.0761459474689,325.4652594464079,315.08540207377274,324.94091796875,35381100,0.0,0.0
362,2021-12-16 00:00:00-05:00,2021,12,16,325.97021939286674,326.9897740911703,313.64838511563244,315.4738464355469,35034800,0.0,0.0
363,2021-12-17 00:00:00-05:00,2021,12,17,311.57046438037884,315.49326205953525,308.0457751201241,314.4057312011719,47750300,0.0,0.0
364,2021-12-20 00:00:00-05:00,2021,12,20,310.7644933785959,313.43470862429666,308.3564636852517,310.6285705566406,28326500,0.0,0.0
365,2021-12-21 00:00:00-05:00,2021,12,21,313.9105146375976,318.22170092401313,310.52174857188334,317.7944641113281,24740600,0.0,0.0
366,2021-12-22 00:00:00-05:00,2021,12,22,318.7751880271797,323.931129340318,316.2991817268589,323.5330505371094,24831500,0.0,0.0
367,2021-12-23 00:00:00-05:00,2021,12,23,323.0960793086828,326.6304879083412,323.0766702269499,324.97979736328125,19617800,0.0,0.0
368,2021-12-27 00:00:00-05:00,2021,12,27,325.7274562265829,332.5438073945915,325.69832778706945,332.5146789550781,19947000,0.0,0.0
369,2021-12-28 00:00:00-05:00,2021,12,28,333.19432695706956,333.8351822095749,330.4464455990182,331.3494567871094,15661500,0.0,0.0
370,2021-12-29 00:00:00-05:00,2021,12,29,331.39800924802887,334.31097163684433,329.82501429921825,332.0291748046875,15042000,0.0,0.0
371,2021-12-30 00:00:00-05:00,2021,12,30,331.990348520867,333.1749544876973,328.99000062183825,329.4754943847656,15994500,0.0,0.0
372,2021-12-31 00:00:00-05:00,2021,12,31,328.6889648450792,329.51428045591985,326.1061347220108,326.5625,18000800,0.0,0.0
373,2022-01-03 00:00:00-05:00,2022,1,3,325.6206844003455,328.19379550970876,320.2122765756348,325.0380859375,28865100,0.0,0.0
374,2022-01-04 00:00:00-05:00,2022,1,4,325.1157242107018,325.4750144685873,316.65843157459085,319.464599609375,32674300,0.0,0.0
375,2022-01-05 00:00:00-05:00,2022,1,5,316.405930069771,316.6098587525815,306.81259974808444,307.20098876953125,40054300,0.0,0.0
376,2022-01-06 00:00:00-05:00,2022,1,6,304.064788924814,309.4537883788045,302.4529458049941,304.77362060546875,39646100,0.0,0.0
377,2022-01-07 00:00:00-05:00,2022,1,7,305.0356579061824,307.31748401408174,301.0934517930375,304.9288635253906,32720000,0.0,0.0
378,2022-01-10 00:00:00-05:00,2022,1,10,300.5109027560878,305.5891778942772,295.8501747506654,305.1522216796875,44289500,0.0,0.0
379,2022-01-11 00:00:00-05:00,2022,1,11,304.28802804449435,307.4242982983215,300.89929159109613,305.84161376953125,29386800,0.0,0.0
380,2022-01-12 00:00:00-05:00,2022,1,12,310.3956001101081,314.0270840292815,307.88071630388504,309.03619384765625,34372200,0.0,0.0
381,2022-01-13 00:00:00-05:00,2022,1,13,311.17232488368956,311.5704332628309,295.1801616510571,295.9569396972656,45366000,0.0,0.0
382,2022-01-14 00:00:00-05:00,2022,1,14,295.42293023044414,301.8023248577446,294.93743650779754,301.2003173828125,39846400,0.0,0.0
383,2022-01-18 00:00:00-05:00,2022,1,18,295.24823082629985,300.8119712654015,292.9858129389681,293.8694152832031,42333200,0.0,0.0
384,2022-01-19 00:00:00-05:00,2022,1,19,297.4037769741022,304.80269716461635,293.9179353193775,294.5296325683594,45933900,0.0,0.0
385,2022-01-20 00:00:00-05:00,2022,1,20,300.10310048812516,302.6082350893692,292.4031770647772,292.8498229980469,35380700,0.0,0.0
386,2022-01-21 00:00:00-05:00,2022,1,21,293.9082172607986,295.2870029567207,287.0336089676001,287.4414367675781,57984400,0.0,0.0
387,2022-01-24 00:00:00-05:00,2022,1,24,283.72254434338123,288.4900666398452,268.0410733422131,287.77154541015625,85731500,0.0,0.0
388,2022-01-25 00:00:00-05:00,2022,1,25,283.0622692025946,286.4315970589494,276.8965221990427,280.12017822265625,72848600,0.0,0.0
389,2022-01-26 00:00:00-05:00,2022,1,26,299.05442207109365,299.5496351641995,284.5284577844545,288.1016845703125,90428900,0.0,0.0
390,2022-01-27 00:00:00-05:00,2022,1,27,293.8790916253967,298.38445839019573,289.28630990590625,291.1408996582031,53481300,0.0,0.0
391,2022-01-28 00:00:00-05:00,2022,1,28,291.519591338495,299.5302383109327,285.907284705517,299.3166198730469,49743700,0.0,0.0
392,2022-01-31 00:00:00-05:00,2022,1,31,299.9865688837364,303.31704855180146,297.4814047993765,301.9576721191406,46444500,0.0,0.0
393,2022-02-01 00:00:00-05:00,2022,2,1,301.4042475470351,301.6178659923273,296.27743449220986,299.8021240234375,40950400,0.0,0.0
394,2022-02-02 00:00:00-05:00,2022,2,2,300.64685370133134,305.97756540493566,299.91861310216416,304.36572265625,36636000,0.0,0.0
395,2022-02-03 00:00:00-05:00,2022,2,3,300.51090662551127,302.20044499578506,291.25739709798916,292.5099792480469,43730000,0.0,0.0
396,2022-02-04 00:00:00-05:00,2022,2,4,291.5001050880501,299.8408828984907,291.2670776055158,297.0638732910156,35096500,0.0,0.0
397,2022-02-07 00:00:00-05:00,2022,2,7,297.28724470910936,298.90877717897297,291.1991343489562,292.21868896484375,28533300,0.0,0.0
398,2022-02-08 00:00:00-05:00,2022,2,8,292.50991149942354,296.69486421121434,291.2476399167791,295.723876953125,32421200,0.0,0.0
399,2022-02-09 00:00:00-05:00,2022,2,9,300.87981934027175,302.8800507374313,298.47178988545886,302.1809387207031,31284700,0.0,0.0
400,2022-02-10 00:00:00-05:00,2022,2,10,295.2189590203767,300.1515609989093,291.9758653014846,293.60711669921875,45386200,0.0,0.0
401,2022-02-11 00:00:00-05:00,2022,2,11,294.3936745027329,295.4617665776092,285.68391627062516,286.4801330566406,39175600,0.0,0.0
402,2022-02-14 00:00:00-05:00,2022,2,14,285.2469893955168,288.15026219267463,282.89721622151654,286.4413146972656,36359500,0.0,0.0
403,2022-02-15 00:00:00-05:00,2022,2,15,291.3059785446445,292.07303735866185,288.40270567819266,291.75262451171875,27058300,0.0,0.0
404,2022-02-16 00:00:00-05:00,2022,2,16,290.31252866350303,292.7450162914017,285.74917949808884,291.4120178222656,29982100,0.62,0.0
405,2022-02-17 00:00:00-05:00,2022,2,17,288.356875412657,288.78499572393093,282.1686395026327,282.8789367675781,32461600,0.0,0.0
406,2022-02-18 00:00:00-05:00,2022,2,18,285.13624134337505,285.92436510715385,278.5782629704892,280.1545104980469,34264000,0.0,0.0
407,2022-02-22 00:00:00-05:00,2022,2,22,277.3036168081723,283.6670133817274,276.81711923482464,279.9501647949219,41736100,0.0,0.0
408,2022-02-23 00:00:00-05:00,2022,2,23,282.34377260648654,283.822744485048,272.53599292328806,272.7013854980469,37811200,0.0,0.0
409,2022-02-24 00:00:00-05:00,2022,2,24,265.1509232671374,287.18925792799297,264.1876378573289,286.6346435546875,56989700,0.0,0.0
410,2022-02-25 00:00:00-05:00,2022,2,25,287.1698969781546,289.5926461940948,283.7741225997335,289.2812805175781,32546700,0.0,0.0
411,2022-02-28 00:00:00-05:00,2022,2,28,286.36219307102203,291.06177615651615,285.0875718318237,290.7212219238281,34627500,0.0,0.0
412,2022-03-01 00:00:00-05:00,2022,3,1,288.39578010076116,291.86938019669464,284.26055037516176,286.9849548339844,31217800,0.0,0.0
413,2022-03-02 00:00:00-05:00,2022,3,2,287.3838515564128,293.3288677421849,285.76870563477496,292.08343505859375,31873000,0.0,0.0
414,2022-03-03 00:00:00-05:00,2022,3,3,294.71061263229257,294.944122043557,286.10930653349294,287.9288330078125,27314500,0.0,0.0
415,2022-03-04 00:00:00-05:00,2022,3,4,286.3427705257272,287.67576922113585,279.41504933646394,282.0323791503906,32356500,0.0,0.0
416,2022-03-07 00:00:00-05:00,2022,3,7,280.73825934643935,281.866937162659,271.0083088894963,271.3780517578125,43157200,0.0,0.0
417,2022-03-08 00:00:00-05:00,2022,3,8,270.2980491031206,276.29170297461434,262.7086985771629,268.4007263183594,48159500,0.0,0.0
418,2022-03-09 00:00:00-05:00,2022,3,9,275.78572328000666,281.7793764366867,273.1975528468867,280.7090759277344,35204500,0.0,0.0
419,2022-03-10 00:00:00-05:00,2022,3,10,275.37708084695583,278.8604201652107,273.0029702694113,277.877685546875,30628000,0.0,0.0
420,2022-03-11 00:00:00-05:00,2022,3,11,280.183723026545,281.6918835832038,271.88407416449775,272.5068054199219,27209300,0.0,0.0
421,2022-03-14 00:00:00-04:00,2022,3,14,272.7694368315756,277.6927895548995,268.3715097649783,268.9747619628906,30660700,0.0,0.0
422,2022-03-15 00:00:00-04:00,2022,3,15,272.7791537016927,280.04742752645456,271.2029065554589,279.3955078125,34245100,0.0,0.0
423,2022-03-16 00:00:00-04:00,2022,3,16,281.3026504232545,286.6152260176592,275.5522744635128,286.4400939941406,37826300,0.0,0.0
424,2022-03-17 00:00:00-04:00,2022,3,17,285.36977649759285,287.62710284183214,281.55562216860625,287.2476501464844,30816600,0.0,0.0
425,2022-03-18 00:00:00-04:00,2022,3,18,287.3936019813405,292.87156998483414,284.8249099642647,292.31695556640625,43390600,0.0,0.0
426,2022-03-21 00:00:00-04:00,2022,3,21,290.8185397874597,292.03478374650234,286.93626887864554,291.08123779296875,28351200,0.0,0.0
427,2022-03-22 00:00:00-04:00,2022,3,22,291.70393856622957,296.7635253012063,290.70175473409813,295.8489074707031,27599700,0.0,0.0
428,2022-03-23 00:00:00-04:00,2022,3,23,292.3948179286676,295.04136624934927,289.6801528126932,291.40234375,25715400,0.0,0.0
429,2022-03-24 00:00:00-04:00,2022,3,24,291.0617999957818,295.9851533596219,290.2639368009253,295.8878479003906,24484500,0.0,0.0
430,2022-03-25 00:00:00-04:00,2022,3,25,296.9873474480325,297.25004547288074,291.2077533537051,295.47918701171875,22566500,0.0,0.0
431,2022-03-28 00:00:00-04:00,2022,3,28,296.1116267591082,302.4069071163755,296.1116267591082,302.30963134765625,29578200,0.0,0.0
432,2022-03-29 00:00:00-04:00,2022,3,29,305.4329023364062,307.29132658279997,300.70413060248455,306.89239501953125,30393400,0.0,0.0
433,2022-03-30 00:00:00-04:00,2022,3,30,305.2869405570279,307.41780212109006,303.1657887520506,305.38421630859375,28163600,0.0,0.0
434,2022-03-31 00:00:00-04:00,2022,3,31,305.42320122905414,306.62973552346665,299.57552000270795,299.9841613769531,33422100,0.0,0.0
435,2022-04-01 00:00:00-04:00,2022,4,1,301.01554140488423,301.7550273107037,297.2889825923941,301.064208984375,27110500,0.0,0.0
436,2022-04-04 00:00:00-04:00,2022,4,4,301.71610322728264,306.6005288499604,301.3463602694202,306.4643249511719,24289600,0.0,0.0
437,2022-04-05 00:00:00-04:00,2022,4,5,304.81018421134456,306.3669824117958,301.50200659379556,302.4847412109375,23156700,0.0,0.0
438,2022-04-06 00:00:00-04:00,2022,4,6,296.9483620388393,298.70948070596177,288.69735331536396,291.4120178222656,40110400,0.0,0.0
439,2022-04-07 00:00:00-04:00,2022,4,7,288.648768168859,295.4499953169675,288.3471420233765,293.2315673828125,31411200,0.0,0.0
440,2022-04-08 00:00:00-04:00,2022,4,8,292.32667286424794,292.9883024570714,288.2790093714856,288.95037841796875,24361900,0.0,0.0
441,2022-04-11 00:00:00-04:00,2022,4,11,283.9102673434165,284.7081008112232,277.303621862764,277.5566101074219,34569300,0.0,0.0
442,2022-04-12 00:00:00-04:00,2022,4,12,281.42909079539396,282.88858343280907,272.91538374380576,274.4429931640625,30966700,0.0,0.0
443,2022-04-13 00:00:00-04:00,2022,4,13,275.0949436670491,280.78694183396783,273.70353796361,279.8528747558594,21907200,0.0,0.0
444,2022-04-14 00:00:00-04:00,2022,4,14,280.3101420210065,280.5242021209892,271.77698607253774,272.273193359375,28221600,0.0,0.0
445,2022-04-18 00:00:00-04:00,2022,4,18,271.3781025319031,274.8322237129934,270.823488125662,272.9446105957031,20778000,0.0,0.0
446,2022-04-19 00:00:00-04:00,2022,4,19,271.8354349204637,278.4420814007539,270.89162828042225,277.5955505371094,22297700,0.0,0.0
447,2022-04-20 00:00:00-04:00,2022,4,20,281.58477497970125,281.87669132471456,277.6636059286657,278.6268615722656,22906700,0.0,0.0
448,2022-04-21 00:00:00-04:00,2022,4,21,280.78696939941466,285.37950838337116,272.4970601687683,273.226806640625,29454600,0.0,0.0
449,2022-04-22 00:00:00-04:00,2022,4,22,274.0732590451422,275.55223063550807,265.99741140383605,266.6298522949219,29405800,0.0,0.0
450,2022-04-25 00:00:00-04:00,2022,4,25,265.9099034942464,273.5187044491458,263.4579362455127,273.1392517089844,35678900,0.0,0.0
451,2022-04-26 00:00:00-04:00,2022,4,26,270.0061324272249,270.8428939361238,262.70866938865123,262.9227294921875,46518400,0.0,0.0
452,2022-04-27 00:00:00-04:00,2022,4,27,274.4819359810064,283.1123981548155,271.62132788300465,275.5716857910156,63477700,0.0,0.0
453,2022-04-28 00:00:00-04:00,2022,4,28,277.4884628019868,283.12211249863367,273.8591805481555,281.8085632324219,33646600,0.0,0.0
454,2022-04-29 00:00:00-04:00,2022,4,29,280.81611693468443,282.051839783159,269.03315988134744,270.0256042480469,37073900,0.0,0.0
455,2022-05-02 00:00:00-04:00,2022,5,2,270.21047658994615,277.2452422608899,268.7607233087072,276.7879333496094,35151100,0.0,0.0
456,2022-05-03 00:00:00-04:00,2022,5,3,276.29174647907155,276.45716875082513,272.58463663535474,274.1706237792969,25978600,0.0,0.0
457,2022-05-04 00:00:00-04:00,2022,5,4,274.9586911173627,283.0248290854527,269.256953889885,282.1491394042969,33599300,0.0,0.0
458,2022-05-05 00:00:00-04:00,2022,5,5,277.82903127964823,278.61715494116163,266.931474199446,269.8601989746094,43260400,0.0,0.0
459,2022-05-06 00:00:00-04:00,2022,5,6,267.3888006696829,271.70890160605785,263.9443894488529,267.31097412109375,37780300,0.0,0.0
460,2022-05-09 00:00:00-04:00,2022,5,9,262.76711416308353,265.0049915252708,256.20913519772483,257.4350891113281,47726000,0.0,0.0
461,2022-05-10 00:00:00-04:00,2022,5,10,264.35302951992776,266.3573969626913,257.9118069909057,262.22216796875,39336400,0.0,0.0
462,2022-05-11 00:00:00-04:00,2022,5,11,258.50535558592554,264.03196115223216,252.29764150756793,253.51388549804688,48975900,0.0,0.0
463,2022-05-12 00:00:00-04:00,2022,5,12,250.7311202522036,252.86198198640574,243.268249302566,248.45431518554688,51033800,0.0,0.0
464,2022-05-13 00:00:00-04:00,2022,5,13,250.40031556437413,255.93666051521544,248.4543252039647,254.06849670410156,34925100,0.0,0.0
465,2022-05-16 00:00:00-04:00,2022,5,16,252.93981157260347,258.64157860781677,248.87269896089347,254.438232421875,32550900,0.0,0.0
466,2022-05-17 00:00:00-04:00,2022,5,17,258.9236846428973,261.0837347260115,255.37225883918956,259.6145324707031,28828800,0.0,0.0
467,2022-05-18 00:00:00-04:00,2022,5,18,256.4937482385101,257.07891103112115,246.5168282817784,247.79441833496094,31356000,0.62,0.0
468,2022-05-19 00:00:00-04:00,2022,5,19,247.6188635950773,251.29561812245223,245.6488462809221,246.87767028808594,32692300,0.0,0.0
469,2022-05-20 00:00:00-04:00,2022,5,20,250.87625891658567,252.1441167250699,240.34344661404995,246.31204223632812,39199300,0.0,0.0
470,2022-05-23 00:00:00-04:00,2022,5,23,249.1695513045214,255.0308672167441,247.16050023264856,254.20188903808594,33175400,0.0,0.0
471,2022-05-24 00:00:00-04:00,2022,5,24,251.51014370776437,254.8650151016496,247.22873243787518,253.19732666015625,29043900,0.0,0.0
472,2022-05-25 00:00:00-04:00,2022,5,25,251.7539844462051,258.0346402901023,250.76896093804433,256.0256042480469,28547900,0.0,0.0
473,2022-05-26 00:00:00-04:00,2022,5,26,255.78181755125436,260.50207954120907,254.962601479869,259.322021484375,25002100,0.0,0.0
474,2022-05-27 00:00:00-04:00,2022,5,27,261.8381838235103,266.57793980454977,260.9409302658759,266.48040771484375,26910800,0.0,0.0
475,2022-05-31 00:00:00-04:00,2022,5,31,265.7879325526635,267.9725081076461,262.27698629457734,265.1442565917969,37827700,0.0,0.0
476,2022-06-01 00:00:00-04:00,2022,6,1,268.391981442587,270.82037309641385,263.3596284422438,265.6807556152344,25292200,0.0,0.0
477,2022-06-02 00:00:00-04:00,2022,6,2,257.9078889871532,267.8555374038793,255.12838804622388,267.7872619628906,44008200,0.0,0.0
478,2022-06-03 00:00:00-04:00,2022,6,3,263.6228914963181,266.6852264023087,261.76990089537674,263.3400573730469,28059000,0.0,0.0
479,2022-06-06 00:00:00-04:00,2022,6,6,265.32964521392137,267.39719486233105,260.60938305596625,262.1015319824219,22400300,0.0,0.0
480,2022-06-07 00:00:00-04:00,2022,6,7,260.04371058407725,266.3731474633337,259.3610157079516,265.75872802734375,22860700,0.0,0.0
481,2022-06-08 00:00:00-04:00,2022,6,8,264.9882563323359,266.24635182283305,262.94020151963724,263.7204284667969,17372300,0.0,0.0
482,2022-06-09 00:00:00-04:00,2022,6,9,261.1555243257694,265.9635563970034,258.08345654098554,258.239501953125,26439700,0.0,0.0
483,2022-06-10 00:00:00-04:00,2022,6,10,254.13359977054108,254.13359977054108,246.28275749041563,246.73138427734375,31422800,0.0,0.0
484,2022-06-13 00:00:00-04:00,2022,6,13,239.04631605488257,242.85959159998848,235.55487854905925,236.26681518554688,46135800,0.0,0.0
485,2022-06-14 00:00:00-04:00,2022,6,14,237.8272462038336,239.66074240251308,235.53537595548423,238.44166564941406,28651500,0.0,0.0
486,2022-06-15 00:00:00-04:00,2022,6,15,242.16718063591424,248.9842638768323,240.32393699653255,245.53182983398438,33111700,0.0,0.0
487,2022-06-16 00:00:00-04:00,2022,6,16,239.89481403270756,241.2991929411064,237.0080483932736,238.90980529785156,33169200,0.0,0.0
488,2022-06-17 00:00:00-04:00,2022,6,17,238.64646508071192,244.30298425938648,237.99304171894877,241.5234832763672,43084800,0.0,0.0
489,2022-06-21 00:00:00-04:00,2022,6,21,244.06892429949633,248.4478535525514,243.33747821445448,247.4628448486328,29928300,0.0,0.0
490,2022-06-22 00:00:00-04:00,2022,6,22,245.6585752593677,250.80796876085086,244.17617387437548,246.86790466308594,25939900,0.0,0.0
491,2022-06-23 00:00:00-04:00,2022,6,23,249.24757279779442,252.95355435633138,247.35556322748175,252.45616149902344,25861400,0.0,0.0
492,2022-06-24 00:00:00-04:00,2022,6,24,255.33321014512765,261.35058667708904,255.2454401819131,261.0775146484375,33923200,0.0,0.0
493,2022-06-27 00:00:00-04:00,2022,6,27,261.57485083215533,261.6626207863299,256.76681929024653,258.3370056152344,24615100,0.0,0.0
494,2022-06-28 00:00:00-04:00,2022,6,28,257.4495160699315,260.3070248398186,249.97901014588223,250.1350555419922,27295500,0.0,0.0
495,2022-06-29 00:00:00-04:00,2022,6,29,251.21766286806184,255.48931396342311,249.43293213481246,253.82162475585938,20069800,0.0,0.0
496,2022-06-30 00:00:00-04:00,2022,6,30,250.69092282728204,253.10958173531176,246.64359410118547,250.4763641357422,31730900,0.0,0.0
497,2022-07-01 00:00:00-04:00,2022,7,1,250.04729904912202,253.34365777058395,248.3113199662267,253.15835571289062,22837700,0.0,0.0
498,2022-07-05 00:00:00-04:00,2022,7,5,249.8229717887662,256.4742618926065,248.43810234221337,256.34747314453125,22941000,0.0,0.0
499,2022-07-06 00:00:00-04:00,2022,7,6,257.22516367045046,261.3602619908229,255.90855498444893,259.6242980957031,23824400,0.0,0.0
500,2022-07-07 00:00:00-04:00,2022,7,7,258.56130604758283,262.4038384700445,258.4637739518754,261.7601623535156,20859900,0.0,0.0
501,2022-07-08 00:00:00-04:00,2022,7,8,258.2394568827498,261.4675695162726,256.7765648822066,261.0384521484375,19658800,0.0,0.0
502,2022-07-11 00:00:00-04:00,2022,7,11,259.07824395425325,259.93647894370736,255.69408493511474,257.9664611816406,19455200,0.0,0.0
503,2022-07-12 00:00:00-04:00,2022,7,12,259.3025102122522,259.36102351623987,245.80488089647312,247.39456176757812,35868500,0.0,0.0
504,2022-07-13 00:00:00-04:00,2022,7,13,244.00063808539196,247.2775167971426,241.97209270370755,246.46804809570312,29497400,0.0,0.0
505,2022-07-14 00:00:00-04:00,2022,7,14,244.37125617771787,248.8281930381069,239.85579113302134,247.79441833496094,25102800,0.0,0.0
506,2022-07-15 00:00:00-04:00,2022,7,15,249.39384869842797,253.92880829772642,248.46735333614538,250.36911010742188,29774100,0.0,0.0
507,2022-07-18 00:00:00-04:00,2022,7,18,253.3241426511031,254.38717398041587,247.03370974632665,247.960205078125,20975000,0.0,0.0
508,2022-07-19 00:00:00-04:00,2022,7,19,251.20780185384177,253.29487539912353,247.4042885956237,253.1095733642578,25012600,0.0,0.0
509,2022-07-20 00:00:00-04:00,2022,7,20,253.4704042946446,258.3174541151161,252.5049051378623,255.78176879882812,22788300,0.0,0.0
510,2022-07-21 00:00:00-04:00,2022,7,21,253.3631801140603,258.3370194554005,250.67144899136898,258.2882385253906,22404700,0.0,0.0
511,2022-07-22 00:00:00-04:00,2022,7,22,258.6783482185144,258.76611818114594,252.66100148914163,253.9190673828125,21881300,0.0,0.0
512,2022-07-25 00:00:00-04:00,2022,7,25,254.54321008906493,255.03084075973362,250.45686268785204,252.4268798828125,21056000,0.0,0.0
513,2022-07-26 00:00:00-04:00,2022,7,26,253.4314071898155,253.45093146543303,243.39598904764202,245.6683349609375,39348000,0.0,0.0
514,2022-07-27 00:00:00-04:00,2022,7,27,254.6992379588771,263.3692952105454,252.44638679633113,262.0917053222656,45994000,0.0,0.0
515,2022-07-28 00:00:00-04:00,2022,7,28,263.07677664337115,270.9666382175285,261.24328035182674,269.572021484375,33459300,0.0,0.0
516,2022-07-29 00:00:00-04:00,2022,7,29,270.83008777613486,275.02369966023457,269.78655099255263,273.79486083984375,32152800,0.0,0.0
517,2022-08-01 00:00:00-04:00,2022,8,1,270.9471442318351,274.3215405283766,269.0161158388109,271.1324462890625,21539600,0.0,0.0
518,2022-08-02 00:00:00-04:00,2022,8,2,269.1721330389586,271.01539127951946,265.6416917082196,268.0213317871094,22754200,0.0,0.0
519,2022-08-03 00:00:00-04:00,2022,8,3,269.9133818757628,276.486634852269,269.76706884087804,275.48211669921875,23518900,0.0,0.0
520,2022-08-04 00:00:00-04:00,2022,8,4,274.8286644195843,276.779187317559,273.2390132583336,276.6329040527344,18098700,0.0,0.0
521,2022-08-05 00:00:00-04:00,2022,8,5,272.24423173637746,276.6329083245919,271.78585765777035,275.9112243652344,16774600,0.0,0.0
522,2022-08-08 00:00:00-04:00,2022,8,8,277.02302134312987,278.8467853762037,272.41005342671457,273.38531494140625,18739200,0.0,0.0
523,2022-08-09 00:00:00-04:00,2022,8,9,272.72211501979655,276.0769868890981,270.74230578508485,275.3162841796875,23405200,0.0,0.0
524,2022-08-10 00:00:00-04:00,2022,8,10,281.0411229418407,282.64053634457866,279.8415405678226,282.0066223144531,24687800,0.0,0.0
525,2022-08-11 00:00:00-04:00,2022,8,11,283.6547930934179,284.00587292244074,279.42216205536863,279.9195251464844,20065900,0.0,0.0
526,2022-08-12 00:00:00-04:00,2022,8,12,281.34345870633274,284.6885986328125,279.8415476068973,284.6885986328125,22619700,0.0,0.0
527,2022-08-15 00:00:00-04:00,2022,8,15,283.80103385613677,286.90235759854795,282.93303702667396,286.2099304199219,18085700,0.0,0.0
528,2022-08-16 00:00:00-04:00,2022,8,16,284.7665606164028,286.76586430152736,283.2354228704968,285.46875,18102900,0.0,0.0
529,2022-08-17 00:00:00-04:00,2022,8,17,283.1720165832015,286.70019877418935,282.90814781798576,284.7162170410156,18253400,0.62,0.0
530,2022-08-18 00:00:00-04:00,2022,8,18,283.6118820876841,285.29289376724813,282.52702841545,283.59234619140625,17186200,0.0,0.0
531,2022-08-19 00:00:00-04:00,2022,8,19,282.3510526263538,282.6931246022663,279.0867691313895,279.66339111328125,20570000,0.0,0.0
532,2022-08-22 00:00:00-04:00,2022,8,22,275.685659219277,276.057049965206,270.9358423970251,271.4538269042969,25061100,0.0,0.0
533,2022-08-23 00:00:00-04:00,2022,8,23,270.1734924316406,272.53861769819963,269.15705943258564,270.1734924316406,17527400,0.0,0.0
534,2022-08-24 00:00:00-04:00,2022,8,24,269.1668478166237,270.9455981450401,268.8736304974872,269.5382385253906,18137000,0.0,0.0
535,2022-08-25 00:00:00-04:00,2022,8,25,271.0433371485085,272.6950298023374,268.29703796509165,272.5289001464844,16583400,0.0,0.0
536,2022-08-26 00:00:00-04:00,2022,8,26,272.7536500390362,273.9850972197535,261.90529472128685,262.0127868652344,27549300,0.0,0.0
537,2022-08-29 00:00:00-04:00,2022,8,29,259.823592141155,261.3384440760738,257.8689290892386,259.2176513671875,20338500,0.0,0.0
538,2022-08-30 00:00:00-04:00,2022,8,30,260.6250193047335,260.99638024255165,254.7512471057002,257.0088806152344,22767100,0.0,0.0
539,2022-08-31 00:00:00-04:00,2022,8,31,259.3740144434821,261.054995947574,255.40602121560974,255.54286193847656,24791800,0.0,0.0
540,2022-09-01 00:00:00-04:00,2022,9,1,253.0018000901067,254.97602880437722,249.6202414585825,254.4971160888672,23263400,0.0,0.0
541,2022-09-02 00:00:00-04:00,2022,9,2,255.76767255162795,258.7387389192011,248.7015548739836,250.25550842285156,22855400,0.0,0.0
542,2022-09-06 00:00:00-04:00,2022,9,6,250.39234088968416,251.98536617249096,246.2288991777228,247.5092010498047,21328200,0.0,0.0
543,2022-09-07 00:00:00-04:00,2022,9,7,248.9263184023225,252.96268716740286,247.47987202571602,252.23947143554688,24126700,0.0,0.0
544,2022-09-08 00:00:00-04:00,2022,9,8,251.67264446903263,254.52643575066966,249.01428667930554,252.65972900390625,20319900,0.0,0.0
545,2022-09-09 00:00:00-04:00,2022,9,9,254.59486338577113,259.2176522567017,254.38963211583717,258.465087890625,22084700,0.0,0.0
546,2022-09-12 00:00:00-04:00,2022,9,12,259.75519501846236,261.3873519362025,259.14925419027657,260.60546875,18747700,0.0,0.0
547,2022-09-13 00:00:00-04:00,2022,9,13,252.97246717539824,254.4971018407067,245.88681421229336,246.2777557373047,33353300,0.0,0.0
548,2022-09-14 00:00:00-04:00,2022,9,14,247.78283473838562,248.46696375261976,244.1960302017849,246.50253295898438,23913000,0.0,0.0
549,2022-09-15 00:00:00-04:00,2022,9,15,244.1080964445823,245.7011366717456,238.4884402386865,239.81761169433594,31530900,0.0,0.0
550,2022-09-16 00:00:00-04:00,2022,9,16,238.72299354259306,239.739426682432,236.57286716463537,239.19212341308594,39791800,0.0,0.0
551,2022-09-19 00:00:00-04:00,2022,9,19,236.97356405032403,239.58303730028243,235.3902918321884,238.9770965576172,26826900,0.0,0.0
552,2022-09-20 00:00:00-04:00,2022,9,20,236.58264942980037,237.98999429905646,234.20772606919547,236.9540252685547,26660300,0.0,0.0
553,2022-09-21 00:00:00-04:00,2022,9,21,238.73279757620236,242.04595115182389,233.48451666717938,233.53338623046875,28625600,0.0,0.0
554,2022-09-22 00:00:00-04:00,2022,9,22,232.47783250945622,238.33205339630862,232.18464499812544,235.517333984375,31061200,0.0,0.0
555,2022-09-23 00:00:00-04:00,2022,9,23,234.10999046186149,235.66395894381048,229.86837515858966,232.52671813964844,34176000,0.0,0.0
556,2022-09-26 00:00:00-04:00,2022,9,26,231.67642567591042,235.97667813661488,231.52981700911016,232.06735229492188,27694200,0.0,0.0
557,2022-09-27 00:00:00-04:00,2022,9,27,234.53999939236823,236.31874980621944,229.1842271718102,231.05093383789062,27018700,0.0,0.0
558,2022-09-28 00:00:00-04:00,2022,9,28,231.44184437359493,236.83671782885258,229.40899329026752,235.60528564453125,29029700,0.0,0.0
559,2022-09-29 00:00:00-04:00,2022,9,29,233.47471635519574,234.51068533657707,229.09627550613527,232.11622619628906,27484200,0.0,0.0
560,2022-09-30 00:00:00-04:00,2022,9,30,232.88831480572858,235.08731066403845,227.45435409303502,227.62049865722656,35694800,0.0,0.0
561,2022-10-03 00:00:00-04:00,2022,10,3,230.0736124429844,236.13306477222778,229.34061381655428,235.2827911376953,28880400,0.0,0.0
562,2022-10-04 00:00:00-04:00,2022,10,4,239.53417129307422,244.6847124207283,239.42666423266377,243.23826599121094,34888400,0.0,0.0
563,2022-10-05 00:00:00-04:00,2022,10,5,240.4137692631259,244.8997170490285,238.56661341523102,243.55099487304688,20347100,0.0,0.0
564,2022-10-06 00:00:00-04:00,2022,10,6,242.30980557091354,244.66517820045487,240.50175113967794,241.19564819335938,20239900,0.0,0.0
565,2022-10-07 00:00:00-04:00,2022,10,7,235.43914629265618,235.84963863538212,227.88437816875282,228.9301300048828,37769600,0.0,0.0
566,2022-10-10 00:00:00-04:00,2022,10,10,227.76710045738744,229.24286559802218,221.59035845242354,224.05323791503906,29743600,0.0,0.0
567,2022-10-11 00:00:00-04:00,2022,10,11,222.460202601454,223.86756241928063,219.0297742301736,220.30030822753906,30474000,0.0,0.0
568,2022-10-12 00:00:00-04:00,2022,10,12,220.29052686702423,222.69476905765666,218.88318195251557,220.63259887695312,21903900,0.0,0.0
569,2022-10-13 00:00:00-04:00,2022,10,13,214.86633068031122,230.74796714436056,214.16265082548793,228.9301300048828,42551800,0.0,0.0
570,2022-10-14 00:00:00-04:00,2022,10,14,230.20062941125624,231.86210470725837,223.16384637445358,223.3788604736328,30198600,0.0,0.0
571,2022-10-17 00:00:00-04:00,2022,10,17,230.4743250492662,233.543145410167,229.80973186429202,232.1455535888672,28142300,0.0,0.0
572,2022-10-18 00:00:00-04:00,2022,10,18,237.7261236555429,238.4004698757012,230.03451447301313,233.09356689453125,26329600,0.0,0.0
573,2022-10-19 00:00:00-04:00,2022,10,19,231.666657514543,234.17840668537156,228.97899582786735,231.11935424804688,19985700,0.0,0.0
574,2022-10-20 00:00:00-04:00,2022,10,20,230.42546862628225,235.83987896691403,229.54586126481243,230.79684448242188,21811000,0.0,0.0
575,2022-10-21 00:00:00-04:00,2022,10,21,229.41881864043668,237.49157205864338,229.18425369445214,236.6315155029297,26299700,0.0,0.0
576,2022-10-24 00:00:00-04:00,2022,10,24,238.2343556148709,242.22187050260015,235.83012812748396,241.64524841308594,24911200,0.0,0.0
577,2022-10-25 00:00:00-04:00,2022,10,25,241.654984441584,245.349296366253,240.25740753672832,244.97792053222656,34775500,0.0,0.0
578,2022-10-26 00:00:00-04:00,2022,10,26,225.92970054468063,232.8980782788824,224.84486208169866,226.07630920410156,82543200,0.0,0.0
579,2022-10-27 00:00:00-04:00,2022,10,27,225.80265446885284,228.39259179146362,220.6618963462355,221.6099090576172,40424600,0.0,0.0
580,2022-10-28 00:00:00-04:00,2022,10,28,221.11148581601782,231.23664083896048,220.92579044336952,230.52317810058594,40647700,0.0,0.0
581,2022-10-31 00:00:00-04:00,2022,10,31,228.46100590128756,229.59471401953846,225.91017009167064,226.8679656982422,28357300,0.0,0.0
582,2022-11-01 00:00:00-04:00,2022,11,1,229.28197573661194,230.3961330494715,222.17677155998481,222.9977264404297,30592300,0.0,0.0
583,2022-11-02 00:00:00-04:00,2022,11,2,224.25847964845644,226.05676592589313,215.05200432482397,215.11065673828125,38407000,0.0,0.0
584,2022-11-03 00:00:00-04:00,2022,11,3,215.10089257795497,215.41364582533683,209.12939634093038,209.39328002929688,36633900,0.0,0.0
585,2022-11-04 00:00:00-04:00,2022,11,4,212.61844991367641,216.56686222399412,208.59183438860106,216.37139892578125,36789100,0.0,0.0
586,2022-11-07 00:00:00-05:00,2022,11,7,216.95779987861133,223.23226559099666,216.26388803245655,222.70449829101562,33498000,0.0,0.0
587,2022-11-08 00:00:00-05:00,2022,11,8,223.51572493107818,226.3988500523262,220.72055607119086,223.68186950683594,28192500,0.0,0.0
588,2022-11-09 00:00:00-05:00,2022,11,9,222.21589979828482,223.44734726204834,219.24481804622437,219.4207305908203,27852900,0.0,0.0
589,2022-11-10 00:00:00-05:00,2022,11,10,230.09314442549228,237.81407210708258,229.67289904500376,237.4720001220703,46268000,0.0,0.0
590,2022-11-11 00:00:00-05:00,2022,11,11,237.48176123777364,242.36841821684956,236.4457774313789,241.50836181640625,34620200,0.0,0.0
591,2022-11-14 00:00:00-05:00,2022,11,14,236.50446062924806,238.38093536393862,233.7874801882267,236.07443237304688,31123300,0.0,0.0
592,2022-11-15 00:00:00-05:00,2022,11,15,240.09126475202578,241.40088540956577,234.58888352299294,236.4849090576172,31390100,0.0,0.0
593,2022-11-16 00:00:00-05:00,2022,11,16,237.9550109311779,238.94490710262616,235.63221250615155,236.91612243652344,24093300,0.68,0.0
594,2022-11-17 00:00:00-05:00,2022,11,17,233.04479786716809,238.40586833296084,232.89779098068917,236.86712646484375,23123500,0.0,0.0
595,2022-11-18 00:00:00-05:00,2022,11,18,238.6606647093436,238.8860951891015,234.26988493706006,236.41627502441406,27613500,0.0,0.0
596,2022-11-21 00:00:00-05:00,2022,11,21,236.6221034906922,239.79758681244928,236.38689247384355,237.22976684570312,26394700,0.0,0.0
597,2022-11-22 00:00:00-05:00,2022,11,22,238.7390952050486,240.42484396877305,235.91645828491195,240.15042114257812,19665700,0.0,0.0
598,2022-11-23 00:00:00-05:00,2022,11,23,240.2288147274977,243.3356847079872,239.40554630056928,242.64962768554688,19508500,0.0,0.0
599,2022-11-25 00:00:00-05:00,2022,11,25,242.385023917818,243.7473426215973,241.81657234254652,242.5614471435547,9200800,0.0,0.0
600,2022-11-28 00:00:00-05:00,2022,11,28,241.17948822044693,241.73812928679584,236.0046369772741,236.9455108642578,24778200,0.0,0.0
601,2022-11-29 00:00:00-05:00,2022,11,29,236.59270563364998,237.95502429454882,233.46624450045002,235.5440216064453,17956300,0.0,0.0
602,2022-11-30 00:00:00-05:00,2022,11,30,235.77924018050268,250.2453007197951,235.08337270566386,250.05908203125,47594200,0.0,0.0
603,2022-12-01 00:00:00-05:00,2022,12,1,248.81437970870576,251.0195727804044,245.92312956124096,249.61805725097656,26041500,0.0,0.0
604,2022-12-02 00:00:00-05:00,2022,12,2,244.84503942303994,250.96076518615746,244.71762348466754,249.9414825439453,21528500,0.0,0.0
605,2022-12-05 00:00:00-05:00,2022,12,5,246.99140582736436,248.76537360672083,243.12007008463186,245.2174530029297,23435300,0.0,0.0
606,2022-12-06 00:00:00-05:00,2022,12,6,245.82510213120872,246.84438467771187,238.92529043746708,240.2386016845703,22463700,0.0,0.0
607,2022-12-07 00:00:00-05:00,2022,12,7,239.9544013330992,241.25791720433986,237.386581396251,239.50355529785156,20481500,0.0,0.0
608,2022-12-08 00:00:00-05:00,2022,12,8,239.9642035711505,243.78654716232523,238.21965204435614,242.4732208251953,22611800,0.0,0.0
609,2022-12-09 00:00:00-05:00,2022,12,9,239.82699084040345,243.3651011555244,239.29775109172195,240.53265380859375,20609700,0.0,0.0
610,2022-12-12 00:00:00-05:00,2022,12,12,242.52221385109104,247.51084668836435,242.24779103974268,247.4814453125,30665100,0.0,0.0
611,2022-12-13 00:00:00-05:00,2022,12,13,256.4786327288644,258.6642346372592,248.03029866504872,251.8036346435547,42196900,0.0,0.0
612,2022-12-14 00:00:00-05:00,2022,12,14,252.00951313602874,257.36077421871806,249.2456634906313,252.09771728515625,35410900,0.0,0.0
613,2022-12-15 00:00:00-05:00,2022,12,15,248.66737347549784,249.1378104779901,242.41442120789245,244.05116271972656,35560400,0.0,0.0
614,2022-12-16 00:00:00-05:00,2022,12,16,243.60031603967155,244.8646200764153,238.66067548722324,239.8171844482422,86102000,0.0,0.0
615,2022-12-19 00:00:00-05:00,2022,12,19,239.98380294125394,240.32683894372457,233.95628142011975,235.66162109375,29696400,0.0,0.0
616,2022-12-20 00:00:00-05:00,2022,12,20,234.6325112922364,238.07262168056403,233.6720314907725,236.98472595214844,25150800,0.0,0.0
617,2022-12-21 00:00:00-05:00,2022,12,21,236.87693717521168,240.72866715475755,235.32839983113104,239.56236267089844,23690600,0.0,0.0
618,2022-12-22 00:00:00-05:00,2022,12,22,236.45548020048759,237.17095355808544,229.21264718155905,233.44662475585938,28651700,0.0,0.0
619,2022-12-23 00:00:00-05:00,2022,12,23,231.40805587690517,234.11308726654062,229.28127151269362,233.9758758544922,21207000,0.0,0.0
620,2022-12-27 00:00:00-05:00,2022,12,27,233.94645897077334,234.17187449957135,231.13361773276105,232.24111938476562,16688600,0.0,0.0
621,2022-12-28 00:00:00-05:00,2022,12,28,232.17251532323996,234.94615982143847,229.5066808569475,229.85951232910156,17457100,0.0,0.0
622,2022-12-29 00:00:00-05:00,2022,12,29,230.95721910641578,237.10236142790907,230.95721910641578,236.21047973632812,19770700,0.0,0.0
623,2022-12-30 00:00:00-05:00,2022,12,30,233.46625067853594,235.18140087026654,231.94711466058996,235.044189453125,21938500,0.0,0.0
624,2023-01-03 00:00:00-05:00,2023,1,3,238.23926029311136,240.8560876090647,232.67236512033801,234.8089599609375,25740000,0.0,0.0
625,2023-01-04 00:00:00-05:00,2023,1,4,227.65432430054253,228.2325713228783,221.46018993339348,224.53765869140625,50623400,0.0,0.0
626,2023-01-05 00:00:00-05:00,2023,1,5,222.67549253701173,223.01852855170435,217.3438233498918,217.88287353515625,39585600,0.0,0.0
627,2023-01-06 00:00:00-05:00,2023,1,6,218.55912524866,221.26415657200155,214.98181819404755,220.45068359375,43613600,0.0,0.0
628,2023-01-09 00:00:00-05:00,2023,1,9,221.94040552762866,226.63502444247789,221.90120867948417,222.59706115722656,27369800,0.0,0.0
629,2023-01-10 00:00:00-05:00,2023,1,10,223.22432820821962,226.70363566114452,222.8028985080936,224.29263305664062,27033900,0.0,0.0
630,2023-01-11 00:00:00-05:00,2023,1,11,226.68400409121466,231.2512068231541,226.50759585204494,231.07479858398438,28669300,0.0,0.0
631,2023-01-12 00:00:00-05:00,2023,1,12,230.57497512258234,235.1225725416833,228.9088322882637,233.76025390625,27269500,0.0,0.0
632,2023-01-13 00:00:00-05:00,2023,1,13,232.2803248107226,234.60312327325482,230.2417446380463,234.46591186523438,21333300,0.0,0.0
633,2023-01-17 00:00:00-05:00,2023,1,17,233.23098993415692,236.11244421957366,232.36850975214904,235.5635986328125,29831300,0.0,0.0
634,2023-01-18 00:00:00-05:00,2023,1,18,236.75933268112436,237.55319978230224,230.82981063027438,231.11402893066406,30028700,0.0,0.0
635,2023-01-19 00:00:00-05:00,2023,1,19,229.12444390420126,230.82979848155264,226.08617211757934,227.311279296875,28623000,0.0,0.0
636,2023-01-20 00:00:00-05:00,2023,1,20,230.18295763742017,235.9458670784951,229.8399216164332,235.43621826171875,35389800,0.0,0.0
637,2023-01-23 00:00:00-05:00,2023,1,23,236.2986837989115,240.28762508379944,234.87754747647304,237.74920654296875,31934000,0.0,0.0
638,2023-01-24 00:00:00-05:00,2023,1,24,237.67080148298487,239.0919228720018,235.6518271703912,237.21995544433594,40234400,0.0,0.0
639,2023-01-25 00:00:00-05:00,2023,1,25,229.81050516547126,238.45486876012572,226.30179634476667,235.8184356689453,66526600,0.0,0.0
640,2023-01-26 00:00:00-05:00,2023,1,26,238.79790006917452,243.3651035032085,237.18076447517643,243.061279296875,33454500,0.0,0.0
641,2023-01-27 00:00:00-05:00,2023,1,27,244.03153625484185,244.85480462811606,241.9145476193478,243.2180633544922,26498900,0.0,0.0
642,2023-01-30 00:00:00-05:00,2023,1,30,239.64075980634883,240.7090646327135,237.37676413120786,237.87661743164062,25867400,0.0,0.0
643,2023-01-31 00:00:00-05:00,2023,1,31,238.60185634491216,243.01224191489177,238.11181350380332,242.87503051757812,26541100,0.0,0.0
644,2023-02-01 00:00:00-05:00,2023,2,1,243.06125249211797,250.09826060768097,240.5816368788138,247.71665954589844,31259900,0.0,0.0
645,2023-02-02 00:00:00-05:00,2023,2,2,253.66582404083547,259.4189231304734,252.12708209516663,259.3307189941406,39940400,0.0,0.0
646,2023-02-03 00:00:00-05:00,2023,2,3,254.37148948900116,258.93869313209495,251.98007762592465,253.20518493652344,29077300,0.0,0.0
647,2023-02-06 00:00:00-05:00,2023,2,6,252.31327154852002,253.1561309156688,249.70623992968441,251.65660095214844,22518000,0.0,0.0
648,2023-02-07 00:00:00-05:00,2023,2,7,255.3417486096492,263.4176459144894,254.90069804204686,262.23175048828125,50841400,0.0,0.0
649,2023-02-08 00:00:00-05:00,2023,2,8,267.7594297078376,271.2485324657394,260.9086102109095,261.41827392578125,54686000,0.0,0.0
650,2023-02-09 00:00:00-05:00,2023,2,9,268.3475065061302,268.5239446989901,257.5665616442939,258.3702392578125,42375100,0.0,0.0
651,2023-02-10 00:00:00-05:00,2023,2,10,256.32182338936,258.8308405007959,255.46915357779656,257.8605651855469,25818500,0.0,0.0
652,2023-02-13 00:00:00-05:00,2023,2,13,262.31013166920565,269.1315192610283,261.82986937309755,265.9168395996094,44630900,0.0,0.0
653,2023-02-14 00:00:00-05:00,2023,2,14,267.24004296366184,269.49422863256655,263.9175373133073,266.75,37047900,0.0,0.0
654,2023-02-15 00:00:00-05:00,2023,2,15,263.63531822248893,266.0032448214542,261.53266680835156,264.61785888671875,28922400,0.68,0.0
655,2023-02-16 00:00:00-05:00,2023,2,16,259.41031333442197,262.08282450135516,257.32733242198594,257.5729675292969,29603600,0.0,0.0
656,2023-02-17 00:00:00-05:00,2023,2,17,254.86125458173325,255.54901510250755,251.53042711128404,253.55445861816406,30000100,0.0,0.0
657,2023-02-21 00:00:00-05:00,2023,2,21,250.03694110450442,251.02931675886796,247.19739921785944,248.258544921875,28397400,0.0,0.0
658,2023-02-22 00:00:00-05:00,2023,2,22,249.65373089452532,249.89936603806962,245.96920374136064,247.1187744140625,22491100,0.0,0.0
659,2023-02-23 00:00:00-05:00,2023,2,23,251.09808466765125,252.3557354930105,246.10677639534023,250.32188415527344,29219100,0.0,0.0
660,2023-02-24 00:00:00-05:00,2023,2,24,245.59585986981725,246.6176955175455,243.7683337176813,244.8687744140625,24990900,0.0,0.0
661,2023-02-27 00:00:00-05:00,2023,2,27,248.05222016040298,248.40593539561652,245.03581315561252,245.79237365722656,21190000,0.0,0.0
662,2023-02-28 00:00:00-05:00,2023,2,28,244.72138164422634,247.09912797283138,244.38730646348327,245.0652618408203,22491000,0.0,0.0
663,2023-03-01 00:00:00-05:00,2023,3,1,246.38187354348958,246.5489036451056,241.49864560005906,241.97027587890625,27565300,0.0,0.0
664,2023-03-02 00:00:00-05:00,2023,3,2,242.24540131691637,247.01071449485826,241.32181070309053,246.7257843017578,24808200,0.0,0.0
665,2023-03-03 00:00:00-05:00,2023,3,3,247.78689704415822,251.1570038437467,247.00086162680662,250.832763671875,30760100,0.0,0.0
666,2023-03-06 00:00:00-05:00,2023,3,6,251.95290308432797,255.5784806456706,251.5107627702967,252.38522338867188,24109800,0.0,0.0
667,2023-03-07 00:00:00-05:00,2023,3,7,251.82514859412282,253.1908944468832,248.96596678774188,249.7126922607422,21473200,0.0,0.0
668,2023-03-08 00:00:00-05:00,2023,3,8,249.60461380322926,250.0958841157782,246.4310117820294,249.2705535888672,17340200,0.0,0.0
669,2023-03-09 00:00:00-05:00,2023,3,9,251.35354977883682,255.02824211967837,247.18757213332034,247.91465759277344,26653400,0.0,0.0
670,2023-03-10 00:00:00-05:00,2023,3,10,246.69630267915912,248.3764387573187,243.27706549156017,244.24977111816406,28333900,0.0,0.0
671,2023-03-13 00:00:00-04:00,2023,3,13,243.08054062729633,253.4070520212103,241.43969960963778,249.48670959472656,33339700,0.0,0.0
672,2023-03-14 00:00:00-04:00,2023,3,14,252.2673432903867,256.511926623106,251.39288260272681,256.23681640625,33620300,0.0,0.0
673,2023-03-15 00:00:00-04:00,2023,3,15,255.44093925824916,261.8274537401873,254.68436373706405,260.80560302734375,46028000,0.0,0.0
674,2023-03-16 00:00:00-04:00,2023,3,16,260.5796041680503,271.73144683254515,258.68330786057317,271.37774658203125,54768800,0.0,0.0
675,2023-03-17 00:00:00-04:00,2023,3,17,273.4017443911038,278.38320221583945,271.4956133158903,274.5513000488281,69527400,0.0,0.0
676,2023-03-20 00:00:00-04:00,2023,3,20,272.14408779839806,272.63535806521134,265.13856899607947,267.4770202636719,43466600,0.0,0.0
677,2023-03-21 00:00:00-04:00,2023,3,21,270.0807088799359,270.19860892990846,264.8142767647213,268.9999084472656,34558700,0.0,0.0
678,2023-03-22 00:00:00-04:00,2023,3,22,268.62658586472133,276.133210212867,267.42788516982534,267.5359802246094,34873300,0.0,0.0
679,2023-03-23 00:00:00-04:00,2023,3,23,273.08727441243803,276.15279558696733,270.39512337822373,272.8121643066406,36610900,0.0,0.0
680,2023-03-24 00:00:00-04:00,2023,3,24,272.3995101639137,275.7303367481384,270.4737392394616,275.67138671875,28172000,0.0,0.0
681,2023-03-27 00:00:00-04:00,2023,3,27,275.60262774915475,276.54585829331256,270.70956495396155,271.5545654296875,26840200,0.0,0.0
682,2023-03-28 00:00:00-04:00,2023,3,28,270.97484184081367,271.31873699874143,267.3001201310285,270.42462158203125,21878600,0.0,0.0
683,2023-03-29 00:00:00-04:00,2023,3,29,274.08953179203525,276.2314932010779,273.54914642752533,275.61248779296875,25087000,0.0,0.0
684,2023-03-30 00:00:00-04:00,2023,3,30,279.26754783515247,279.4935130009522,276.56556096936856,279.0906677246094,25053400,0.0,0.0
685,2023-03-31 00:00:00-04:00,2023,3,31,278.77629115992977,284.2195451964046,278.0590256349784,283.2664794921875,32766000,0.0,0.0
686,2023-04-03 00:00:00-04:00,2023,4,3,281.5174930646761,283.23693893844955,278.9923867698922,282.2151184082031,24883300,0.0,0.0
687,2023-04-04 00:00:00-04:00,2023,4,4,282.2151606481745,285.3789427288405,280.68239963863556,282.166015625,25824300,0.0,0.0
688,2023-04-05 00:00:00-04:00,2023,4,5,280.8592256779027,282.1365164147506,277.98038902724386,279.3755798339844,22064800,0.0,0.0
689,2023-04-06 00:00:00-04:00,2023,4,6,278.2653199230616,286.9804504038719,277.10592919060144,286.50885009765625,29770300,0.0,0.0
690,2023-04-10 00:00:00-04:00,2023,4,10,284.16058326709117,284.54378852713467,279.7391501821954,284.33746337890625,23103000,0.0,0.0
691,2023-04-11 00:00:00-04:00,2023,4,11,280.76096892424965,280.98696405070535,276.72274155917825,277.8919372558594,27276600,0.0,0.0
692,2023-04-12 00:00:00-04:00,2023,4,12,279.8177872684275,281.9990289225299,277.0371801675748,278.54046630859375,27403400,0.0,0.0
693,2023-04-13 00:00:00-04:00,2023,4,13,278.6386328997121,284.8384605242106,278.22598271656614,284.7795104980469,24222700,0.0,0.0
694,2023-04-14 00:00:00-04:00,2023,4,14,281.9891661216718,283.443337075977,278.7369589738927,281.1441955566406,20987900,0.0,0.0
695,2023-04-17 00:00:00-04:00,2023,4,17,284.86799665280347,286.5088526923991,281.16382928530817,283.7577209472656,23836200,0.0,0.0
696,2023-04-18 00:00:00-04:00,2023,4,18,286.47937759362446,286.66606271139386,281.99899473668074,283.3352355957031,20161800,0.0,0.0
697,2023-04-19 00:00:00-04:00,2023,4,19,280.99677740499226,284.00334925083666,279.5721115217609,283.4138488769531,17150300,0.0,0.0
698,2023-04-20 00:00:00-04:00,2023,4,20,280.269714510074,283.98371688946736,280.10266940979704,281.11468505859375,23244400,0.0,0.0
699,2023-04-21 00:00:00-04:00,2023,4,21,280.03390753424685,281.27188830738805,278.11794135985355,280.77081298828125,21676400,0.0,0.0
700,2023-04-24 00:00:00-04:00,2023,4,24,277.1648535144223,279.9749350122071,273.85369673777154,276.8504333496094,26611000,0.0,0.0
701,2023-04-25 00:00:00-04:00,2023,4,25,274.6299462973571,276.6834526548498,270.56221361928937,270.6113586425781,45772200,0.0,0.0
702,2023-04-26 00:00:00-04:00,2023,4,26,291.5198391418934,294.33972616743455,287.61915134399425,290.2130432128906,64599200,0.0,0.0
703,2023-04-27 00:00:00-04:00,2023,4,27,290.80254754565533,299.8714082329825,290.09511710218845,299.5078430175781,46462600,0.0,0.0
704,2023-04-28 00:00:00-04:00,2023,4,28,298.7021896959071,303.5362728554159,298.0143992536934,301.89544677734375,36446700,0.0,0.0
705,2023-05-01 00:00:00-04:00,2023,5,1,301.6104834742064,303.21202941946285,299.82225241970167,300.22509765625,21294100,0.0,0.0
706,2023-05-02 00:00:00-04:00,2023,5,2,302.3867046786464,303.7818955393081,298.60391737135024,300.0777282714844,26404400,0.0,0.0
707,2023-05-03 00:00:00-04:00,2023,5,3,301.26659903403873,303.2218452657529,298.78077247368105,299.0853576660156,22360800,0.0,0.0
708,2023-05-04 00:00:00-04:00,2023,5,4,300.8932237762644,302.3867046786464,298.1028120701816,300.0777282714844,22519900,0.0,0.0
709,2023-05-05 00:00:00-04:00,2023,5,5,300.38230891776885,306.52318757549443,298.9576130752729,305.2262268066406,28181200,0.0,0.0
710,2023-05-08 00:00:00-04:00,2023,5,8,304.71534040836775,304.78412545107415,300.74586773679005,303.26116943359375,21318600,0.0,0.0
711,2023-05-09 00:00:00-04:00,2023,5,9,302.62249417879684,304.62688532818095,300.9619982242948,301.63995361328125,21340800,0.0,0.0
712,2023-05-10 00:00:00-04:00,2023,5,10,303.2316617176461,307.53519415222576,302.298266179924,306.85723876953125,30078000,0.0,0.0
713,2023-05-11 00:00:00-04:00,2023,5,11,304.68584317708854,305.6880237851026,300.9128909069213,304.6956481933594,31680200,0.0,0.0
714,2023-05-12 00:00:00-04:00,2023,5,12,305.1279624328462,305.226222486931,301.2469451669451,303.5755615234375,19758100,0.0,0.0
715,2023-05-15 00:00:00-04:00,2023,5,15,303.7033066112777,304.48932710036144,302.2196607045156,304.0570068359375,16336500,0.0,0.0
716,2023-05-16 00:00:00-04:00,2023,5,16,304.4205544655897,308.23281696097433,304.4205544655897,306.2972106933594,26730300,0.0,0.0
717,2023-05-17 00:00:00-04:00,2023,5,17,307.50839072780883,309.6156085646195,305.9821054697701,309.19219970703125,24315000,0.68,0.0
718,2023-05-18 00:00:00-04:00,2023,5,18,309.71404716104996,314.1550015459057,308.91645194585186,313.6429443359375,27276000,0.0,0.0
719,2023-05-19 00:00:00-04:00,2023,5,19,311.8902515376422,313.8694852016011,311.5259215707128,313.46575927734375,27529500,0.0,0.0
720,2023-05-22 00:00:00-04:00,2023,5,22,313.72178477500375,317.65068255774975,313.1408221240689,316.26226806640625,24115700,0.0,0.0
721,2023-05-23 00:00:00-04:00,2023,5,23,315.129844956525,317.7786593037001,310.4230353450579,310.4328918457031,30797200,0.0,0.0
722,2023-05-24 00:00:00-04:00,2023,5,24,309.9109947219232,311.65388239302536,307.82343004625983,309.0444641113281,23384900,0.0,0.0
723,2023-05-25 00:00:00-04:00,2023,5,25,318.29069949526894,321.89466299286516,315.10031838769214,320.9296875,43301700,0.0,0.0
724,2023-05-26 00:00:00-04:00,2023,5,26,319.058786228864,328.29517001444793,318.9209454523759,327.7929992675781,36630600,0.0,0.0
725,2023-05-30 00:00:00-04:00,2023,5,30,330.0971389039491,330.59930960813324,325.45923440138364,326.138671875,29503100,0.0,0.0
726,2023-05-31 00:00:00-04:00,2023,5,31,327.20212577855807,330.7962325265706,322.3180495450649,323.3618469238281,45950600,0.0,0.0
727,2023-06-01 00:00:00-04:00,2023,6,1,320.9394987276046,328.4231369444022,319.7480341193022,327.4876708984375,26773900,0.0,0.0
728,2023-06-02 00:00:00-04:00,2023,6,2,329.1321101568125,332.3323475779333,327.4581277933345,330.2644958496094,25864000,0.0,0.0
729,2023-06-05 00:00:00-04:00,2023,6,5,330.08734861457725,333.37620528047427,329.53592534426605,330.79632568359375,21307100,0.0,0.0
730,2023-06-06 00:00:00-04:00,2023,6,6,330.19556121403355,330.23495716570153,327.08397218930753,328.5708312988281,20396200,0.0,0.0
731,2023-06-07 00:00:00-04:00,2023,6,7,326.57192107899317,329.36843269361947,317.5620276985379,318.4285583496094,40717100,0.0,0.0
732,2023-06-08 00:00:00-04:00,2023,6,8,318.98004993585994,321.63872136308527,318.3990872270128,320.27984619140625,23277700,0.0,0.0
733,2023-06-09 00:00:00-04:00,2023,6,9,320.0139195478964,324.93736225634893,319.44281341585213,321.786376953125,22514900,0.0,0.0
734,2023-06-12 00:00:00-04:00,2023,6,12,323.54896991488965,327.0150930506813,320.1813517003694,326.7689208984375,24260300,0.0,0.0
735,2023-06-13 00:00:00-04:00,2023,6,13,329.34874549714056,331.82032311090893,325.3312298625047,329.1715087890625,22951300,0.0,0.0
736,2023-06-14 00:00:00-04:00,2023,6,14,329.22076952524964,333.84881777710495,327.7141972305495,332.1748352050781,26003800,0.0,0.0
737,2023-06-15 00:00:00-04:00,2023,6,15,332.3126932693469,344.4834289788281,332.0369816851605,342.77008056640625,38899100,0.0,0.0
738,2023-06-16 00:00:00-04:00,2023,6,16,345.9407483756996,346.088445630965,336.7142225430132,337.08837890625,46533600,0.0,0.0
739,2023-06-20 00:00:00-04:00,2023,6,20,334.1146796290697,336.84225617717664,330.7174920084204,332.87396240234375,26375400,0.0,0.0
740,2023-06-21 00:00:00-04:00,2023,6,21,331.21963929473736,332.5588311731775,326.98549110544155,328.4526672363281,25117800,0.0,0.0
741,2023-06-22 00:00:00-04:00,2023,6,22,329.00407940361606,334.9122097318514,328.2360236629577,334.50848388671875,23556800,0.0,0.0
742,2023-06-23 00:00:00-04:00,2023,6,23,329.24045228657593,332.7853371103675,328.3444121418227,329.8903503417969,23084700,0.0,0.0
743,2023-06-26 00:00:00-04:00,2023,6,26,328.61023414140016,330.96362393512885,323.460302676421,323.5686340332031,21520600,0.0,0.0
744,2023-06-27 00:00:00-04:00,2023,6,27,326.7786773945669,331.0029990368277,324.25787749926053,329.44720458984375,24354100,0.0,0.0
745,2023-06-28 00:00:00-04:00,2023,6,28,329.53585987238114,332.80503293279156,328.6988686300646,330.7076416015625,20259500,0.0,0.0
746,2023-06-29 00:00:00-04:00,2023,6,29,329.5850703650796,330.96362821714007,327.527075062663,329.91986083984375,16997000,0.0,0.0
747,2023-06-30 00:00:00-04:00,2023,6,30,332.57851653603007,337.482275725271,332.0369499207866,335.3258056640625,26823800,0.0,0.0
748,2023-07-03 00:00:00-04:00,2023,7,3,333.99651867597373,335.68032771766394,331.41663942897316,332.81488037109375,12508700,0.0,0.0
749,2023-07-05 00:00:00-04:00,2023,7,5,329.9592374452914,336.4187910450174,329.60476403996404,332.9723815917969,18172400,0.0,0.0
750,2023-07-06 00:00:00-04:00,2023,7,6,332.1354626736777,337.7383433789411,330.3630351608976,336.044677734375,28161200,0.0,0.0
751,2023-07-07 00:00:00-04:00,2023,7,7,334.12452308964015,336.55670498898127,331.84003846145146,332.0566711425781,21185300,0.0,0.0
752,2023-07-10 00:00:00-04:00,2023,7,10,329.4767824384207,330.0971410096197,322.5741063466411,326.7491760253906,32791400,0.0,0.0
753,2023-07-11 00:00:00-04:00,2023,7,11,325.99098010741216,327.7634074291619,321.9931471069892,327.37939453125,26698200,0.0,0.0
754,2023-07-12 00:00:00-04:00,2023,7,12,331.4461986346193,336.4188641924921,330.53044542143925,332.0370178222656,29995300,0.0,0.0
755,2023-07-13 00:00:00-04:00,2023,7,13,334.3608505171208,338.47684155339823,333.82911027190704,337.41339111328125,20567200,0.0,0.0
756,2023-07-14 00:00:00-04:00,2023,7,14,342.2678200196118,346.0490196781183,339.03804343316017,339.95379638671875,28302200,0.0,0.0
757,2023-07-17 00:00:00-04:00,2023,7,17,340.3870878805487,341.67702731455745,336.96039139033553,340.43634033203125,20363900,0.0,0.0
758,2023-07-18 00:00:00-04:00,2023,7,18,340.5348083176435,361.1640442664553,336.9308748774754,353.98565673828125,64872700,0.0,0.0
759,2023-07-19 00:00:00-04:00,2023,7,19,356.2110430741519,356.910163452278,347.0435961042432,349.6431579589844,39732900,0.0,0.0
760,2023-07-20 00:00:00-04:00,2023,7,20,348.15635507516674,352.4889788996425,340.0818965452214,341.5589294433594,33778400,0.0,0.0
761,2023-07-21 00:00:00-04:00,2023,7,21,343.8039764820787,344.93636222302956,334.62667264440915,338.50634765625,69368900,0.0,0.0
762,2023-07-24 00:00:00-04:00,2023,7,24,340.5544955279168,341.60811934772215,337.0686901125497,339.8258056640625,26678100,0.0,0.0
763,2023-07-25 00:00:00-04:00,2023,7,25,341.79521773437693,346.50205770801625,339.78647478990905,345.6059875488281,41637700,0.0,0.0
764,2023-07-26 00:00:00-04:00,2023,7,26,336.21202538513404,339.3925798836245,328.00955380229783,332.59820556640625,58383700,0.0,0.0
765,2023-07-27 00:00:00-04:00,2023,7,27,335.2667271305917,336.1036882550132,324.01171554866875,325.6561584472656,39635300,0.0,0.0
766,2023-07-28 00:00:00-04:00,2023,7,28,328.5610081960286,334.80392936037714,328.06866397123474,333.18902587890625,28484900,0.0,0.0
767,2023-07-31 00:00:00-04:00,2023,7,31,331.7612693303981,332.52932517386967,328.2557505534437,330.7765808105469,25446000,0.0,0.0
768,2023-08-01 00:00:00-04:00,2023,8,1,330.05776916675796,333.3564819361362,328.59059279140047,331.1901550292969,18311900,0.0,0.0
769,2023-08-02 00:00:00-04:00,2023,8,2,328.5216498452857,328.5216498452857,321.3629447652297,322.4855041503906,27761300,0.0,0.0
770,2023-08-03 00:00:00-04:00,2023,8,3,321.0084576833229,324.82905395091615,320.9592352774214,321.6583557128906,18253700,0.0,0.0
771,2023-08-04 00:00:00-04:00,2023,8,4,326.7984288690622,330.00852304114176,322.229459739469,322.7611999511719,23727700,0.0,0.0
772,2023-08-07 00:00:00-04:00,2023,8,7,323.3422237869337,326.0402612103016,322.5052323814153,325.0555725097656,17741500,0.0,0.0
773,2023-08-08 00:00:00-04:00,2023,8,8,321.9537483771396,323.71634923267544,318.05439027271234,321.05767822265625,22327600,0.0,0.0
774,2023-08-09 00:00:00-04:00,2023,8,9,321.4712425475284,322.101427535395,316.134217875359,317.2961730957031,22373300,0.0,0.0
775,2023-08-10 00:00:00-04:00,2023,8,10,321.0281269074305,323.2338495332389,316.2622382780474,317.9854431152344,20113700,0.0,0.0
776,2023-08-11 00:00:00-04:00,2023,8,11,315.3563627423326,317.4734371020371,314.32242174086554,316.0948791503906,24342600,0.0,0.0
777,2023-08-14 00:00:00-04:00,2023,8,14,316.4690422541551,319.0981436446772,315.1790727103108,319.0784606933594,18836100,0.0,0.0
778,2023-08-15 00:00:00-04:00,2023,8,15,318.05438303591984,320.11237837893884,315.98653119187856,316.93182373046875,16966300,0.0,0.0
779,2023-08-16 00:00:00-04:00,2023,8,16,316.5568737212436,320.129018488505,315.57010038655903,316.16217041015625,20698900,0.68,0.0
780,2023-08-17 00:00:00-04:00,2023,8,17,316.3003145091052,317.6127097168365,312.02756935768224,312.688720703125,21257200,0.0,0.0
781,2023-08-18 00:00:00-04:00,2023,8,18,310.3303071193683,314.1688694839408,307.4291913799028,312.29400634765625,24744800,0.0,0.0
782,2023-08-21 00:00:00-04:00,2023,8,21,313.7248527414595,318.5008322758043,312.8466400945614,317.62261962890625,24040000,0.0,0.0
783,2023-08-22 00:00:00-04:00,2023,8,22,321.1946842855857,321.7669995051517,317.2081120302946,318.19488525390625,16102000,0.0,0.0
784,2023-08-23 00:00:00-04:00,2023,8,23,319.5369338888436,324.8457790055064,319.18167984531766,322.67486572265625,21166400,0.0,0.0
785,2023-08-24 00:00:00-04:00,2023,8,24,328.44749892606876,328.57578427329713,315.7279766344483,315.73785400390625,23281400,0.0,0.0
786,2023-08-25 00:00:00-04:00,2023,8,25,317.21800107114086,321.05653339298726,314.58330321702437,318.7080383300781,21684100,0.0,0.0
787,2023-08-28 00:00:00-04:00,2023,8,28,321.3525852347555,321.83609449836024,317.46469615983295,319.41851806640625,14808500,0.0,0.0
788,2023-08-29 00:00:00-04:00,2023,8,29,317.6225946985404,324.6286911530099,317.6225946985404,324.06622314453125,19284600,0.0,0.0
789,2023-08-30 00:00:00-04:00,2023,8,30,324.3227846525076,325.4476905236703,322.1321467834745,324.4411926269531,15222100,0.0,0.0
790,2023-08-31 00:00:00-04:00,2023,8,31,324.84582185633815,326.53319597235986,322.45781693019813,323.42486572265625,26411000,0.0,0.0
791,2023-09-01 00:00:00-04:00,2023,9,1,326.9278705558269,327.5988691949411,322.45778856177515,324.31292724609375,14931200,0.0,0.0
792,2023-09-05 00:00:00-04:00,2023,9,5,324.64840775182194,330.4210374382803,324.31290845170753,329.1382141113281,18553900,0.0,0.0
793,2023-09-06 00:00:00-04:00,2023,9,6,328.97049848276976,330.03620043198475,325.81281177247035,328.47711181640625,17535800,0.0,0.0
794,2023-09-07 00:00:00-04:00,2023,9,7,326.9081387064647,328.67444125152036,324.67802138664604,325.54638671875,18381000,0.0,0.0
795,2023-09-08 00:00:00-04:00,2023,9,8,325.72395862384866,331.71367911357964,325.1022866960148,329.8486633300781,19530100,0.0,0.0
796,2023-09-11 00:00:00-04:00,2023,9,11,332.779430943847,333.94384636953174,330.9933736107888,333.4701843261719,16583300,0.0,0.0
797,2023-09-12 00:00:00-04:00,2023,9,12,331.37819404327416,332.33536528300334,327.0956018294752,327.3817443847656,17565500,0.0,0.0
798,2023-09-13 00:00:00-04:00,2023,9,13,326.9279079195498,332.39464124119496,326.7897752963841,331.6150817871094,16544400,0.0,0.0
799,2023-09-14 00:00:00-04:00,2023,9,14,334.6641226422745,336.3514963717111,332.11826105249173,334.2200927734375,20267000,0.0,0.0
800,2023-09-15 00:00:00-04:00,2023,9,15,332.4636572367329,332.93728912466776,325.2897964234444,325.8522644042969,37666900,0.0,0.0
801,2023-09-18 00:00:00-04:00,2023,9,18,323.46429752319824,326.02991429912345,322.04334146619146,324.7076416015625,16834200,0.0,0.0
802,2023-09-19 00:00:00-04:00,2023,9,19,321.8558307484151,325.0332416851502,320.21778360821713,324.3030090332031,16505900,0.0,0.0
803,2023-09-20 00:00:00-04:00,2023,9,20,325.1517024368806,325.2306310562654,316.27074211639325,316.52728271484375,21436500,0.0,0.0
804,2023-09-21 00:00:00-04:00,2023,9,21,315.0372319704766,321.046677345135,310.8335683618871,315.30364990234375,35529500,0.0,0.0
805,2023-09-22 00:00:00-04:00,2023,9,22,317.0700071580314,317.1982925065449,311.96837589582117,312.8170166015625,21447900,0.0,0.0
806,2023-09-25 00:00:00-04:00,2023,9,25,312.40254967459873,313.4682816827549,310.83358377019226,313.3399963378906,17836000,0.0,0.0
807,2023-09-26 00:00:00-04:00,2023,9,26,310.9618559252266,311.7019358551928,305.9194290098136,308.01141357421875,26297600,0.0,0.0
808,2023-09-27 00:00:00-04:00,2023,9,27,308.16929263193225,310.1428392517049,305.593828747816,308.65283203125,19410100,0.0,0.0
809,2023-09-28 00:00:00-04:00,2023,9,28,306.87663419975775,311.30726701468535,305.35702492417727,309.4916076660156,19683600,0.0,0.0
810,2023-09-29 00:00:00-04:00,2023,9,29,313.54724674421175,315.2444981907834,310.8138952768678,311.5736999511719,24140300,0.0,0.0
811,2023-10-02 00:00:00-04:00,2023,10,2,312.0966322948684,317.63244570904936,311.0111757318988,317.5436096191406,20570000,0.0,0.0
812,2023-10-03 00:00:00-04:00,2023,10,3,316.5864380793077,317.1390587858504,307.09368454641833,309.244873046875,21033500,0.0,0.0
813,2023-10-04 00:00:00-04:00,2023,10,4,309.87642567835275,315.80694299104033,309.84682368319505,314.7412109375,20720100,0.0,0.0
814,2023-10-05 00:00:00-04:00,2023,10,5,314.86944634365227,315.7476889172443,310.7348643635043,315.1358642578125,16965600,0.0,0.0
815,2023-10-06 00:00:00-04:00,2023,10,6,312.3630341767249,324.83586147061334,312.1163408848103,322.931396484375,25645500,0.0,0.0
816,2023-10-09 00:00:00-04:00,2023,10,9,320.45463265375236,325.93121248263185,318.9053913285908,325.45758056640625,19891200,0.0,0.0
817,2023-10-10 00:00:00-04:00,2023,10,10,326.58249336445317,326.720656085552,323.3360307858184,324.0465087890625,20557100,0.0,0.0
818,2023-10-11 00:00:00-04:00,2023,10,11,326.82917598535187,328.4178966562557,324.786578142663,328.023193359375,20063200,0.0,0.0
819,2023-10-12 00:00:00-04:00,2023,10,12,326.197653564225,329.2171774212292,324.37211695571347,326.77984619140625,19313100,0.0,0.0
820,2023-10-13 00:00:00-04:00,2023,10,13,327.9837231000112,329.414526355163,322.0433284012077,323.3952331542969,21072400,0.0,0.0
821,2023-10-16 00:00:00-04:00,2023,10,16,326.6712993129767,331.6940020700412,326.22726938220796,328.24029541015625,22158000,0.0,0.0
822,2023-10-17 00:00:00-04:00,2023,10,17,325.230576696379,329.04938417767374,323.07941833897735,327.66790771484375,18338500,0.0,0.0
823,2023-10-18 00:00:00-04:00,2023,10,18,328.0922693438246,331.1512728246969,323.9576864994265,325.7437438964844,23153600,0.0,0.0
824,2023-10-19 00:00:00-04:00,2023,10,19,327.75675274742485,332.42420139961934,326.5331634650962,326.937744140625,25052100,0.0,0.0
825,2023-10-20 00:00:00-04:00,2023,10,20,327.33246721104837,327.52983393285876,321.1454089520383,322.3492736816406,25012600,0.0,0.0
826,2023-10-23 00:00:00-04:00,2023,10,23,321.1650893461635,328.329072743361,320.09938749138905,324.96417236328125,24374700,0.0,0.0
827,2023-10-24 00:00:00-04:00,2023,10,24,326.91797719567256,327.450843201344,323.2669341104162,326.1581726074219,31153600,0.0,0.0
828,2023-10-25 00:00:00-04:00,2023,10,25,340.45647121791694,341.6208864551759,333.1543557195266,336.1640319824219,55053800,0.0,0.0
829,2023-10-26 00:00:00-04:00,2023,10,26,336.0357763758335,337.1113556219108,322.61565393783195,323.5531005859375,37828500,0.0,0.0
830,2023-10-27 00:00:00-04:00,2023,10,27,326.059518061042,332.2663310024127,324.0563693205719,325.4477233886719,29856500,0.0,0.0
831,2023-10-30 00:00:00-04:00,2023,10,30,329.0001007639954,334.9602201307453,327.44098203313024,332.8485107421875,22828100,0.0,0.0
832,2023-10-31 00:00:00-04:00,2023,10,31,334.3681110770551,334.5161210370291,330.26313087484664,333.63787841796875,20265300,0.0,0.0
833,2023-11-01 00:00:00-04:00,2023,11,1,335.29571010602456,342.82479524967096,335.15754738848574,341.4926452636719,28158800,0.0,0.0
834,2023-11-02 00:00:00-04:00,2023,11,2,342.6470977279066,344.21606341705,340.20976685168165,343.71282958984375,24348100,0.0,0.0
835,2023-11-03 00:00:00-04:00,2023,11,3,345.00555147993623,349.7026019942071,342.7359548361638,348.13360595703125,23624000,0.0,0.0
836,2023-11-06 00:00:00-05:00,2023,11,6,348.77505187557927,352.810951254989,348.6763685179985,351.8143005371094,23828300,0.0,0.0
837,2023-11-07 00:00:00-05:00,2023,11,7,354.6463243893139,357.66584833262294,352.8997464578491,355.7613830566406,25833900,0.0,0.0
838,2023-11-08 00:00:00-05:00,2023,11,8,356.8961425131314,359.0571783438661,355.7810839202766,358.39605712890625,26767800,0.0,0.0
839,2023-11-09 00:00:00-05:00,2023,11,9,357.507940986345,359.96502688763604,355.5935984478297,355.91925048828125,24847300,0.0,0.0
840,2023-11-10 00:00:00-05:00,2023,11,10,356.7086886877949,365.2048228913201,356.2942607445592,364.780517578125,28042100,0.0,0.0
841,2023-11-13 00:00:00-05:00,2023,11,13,363.3496257188251,363.5963190166595,361.06030468757956,361.8299865722656,19986500,0.0,0.0
842,2023-11-14 00:00:00-05:00,2023,11,14,366.1027607739128,367.03033005742196,362.4911669897253,365.3725280761719,27683900,0.0,0.0
843,2023-11-15 00:00:00-05:00,2023,11,15,367.11275840931216,368.9420000758944,362.98954914112466,365.5208435058594,26860100,0.75,0.0
844,2023-11-16 00:00:00-05:00,2023,11,16,366.79639155264005,372.12590947641365,366.02514736390873,371.94793701171875,27182300,0.0,0.0
845,2023-11-17 00:00:00-05:00,2023,11,17,369.41663021620167,370.1681097203814,362.88083457344084,365.6988525390625,40157000,0.0,0.0
846,2023-11-20 00:00:00-05:00,2023,11,20,367.053455411311,374.6175863426899,366.83592346802067,373.2036437988281,52465100,0.0,0.0
847,2023-11-21 00:00:00-05:00,2023,11,21,371.45354494039043,371.9973597461241,366.9545954086588,368.8827209472656,28423100,0.0,0.0
848,2023-11-22 00:00:00-05:00,2023,11,22,373.7573802099264,375.5272979461787,370.76138971842033,373.60906982421875,23345300,0.0,0.0
849,2023-11-24 00:00:00-05:00,2023,11,24,373.0948724585258,373.72770364641934,370.92948056102307,373.1937561035156,10176600,0.0,0.0
850,2023-11-27 00:00:00-05:00,2023,11,27,372.55105716724864,376.3677485982953,371.97758030717006,374.3605041503906,22179200,0.0,0.0
851,2023-11-28 00:00:00-05:00,2023,11,28,374.1034504184605,378.70125333384794,373.91558054196696,378.4046325683594,20453100,0.0,0.0
852,2023-11-29 00:00:00-05:00,2023,11,29,379.4527337290247,379.98665110815534,373.20366140430053,374.59783935546875,28963400,0.0,0.0
853,2023-11-30 00:00:00-05:00,2023,11,30,374.24183579364643,375.8238835014073,371.2557429993473,374.6571350097656,30554400,0.0,0.0
854,2023-12-01 00:00:00-05:00,2023,12,1,372.5312646095913,373.9155450087437,367.1424232065823,370.3065185546875,33020400,0.0,0.0
855,2023-12-04 00:00:00-05:00,2023,12,4,364.9572666786292,365.3725357450279,358.82684275276864,364.996826171875,32063300,0.0,0.0
856,2023-12-05 00:00:00-05:00,2023,12,5,362.33701910752933,368.8925793974309,361.51631803473913,368.3388671875,23065000,0.0,0.0
857,2023-12-06 00:00:00-05:00,2023,12,6,369.3474332518956,369.98023426556915,363.8992672788477,364.6606140136719,21182100,0.0,0.0
858,2023-12-07 00:00:00-05:00,2023,12,7,364.0970571720749,367.2809176222543,362.2084910807366,366.7865295410156,23118900,0.0,0.0
859,2023-12-08 00:00:00-05:00,2023,12,8,365.0561208819856,370.2570622598937,364.09700692973007,370.0296630859375,20144800,0.0,0.0
860,2023-12-11 00:00:00-05:00,2023,12,11,364.34421229449237,367.42918876388495,361.9909204511594,367.1325378417969,27708800,0.0,0.0
861,2023-12-12 00:00:00-05:00,2023,12,12,366.6876003030071,370.2175380062211,366.3019631635577,370.177978515625,24838300,0.0,0.0
862,2023-12-13 00:00:00-05:00,2023,12,13,371.7995959454895,373.40143865073276,366.60852117355006,370.1681213378906,30955500,0.0,0.0
863,2023-12-14 00:00:00-05:00,2023,12,14,369.1200493290244,369.5650106993182,360.0430908454987,361.8228759765625,43277500,0.0,0.0
864,2023-12-15 00:00:00-05:00,2023,12,15,362.7325136796333,368.2202088944094,362.168904067831,366.5689697265625,78478200,0.0,0.0
865,2023-12-18 00:00:00-05:00,2023,12,18,365.30334181505793,368.813484896194,364.5419649068583,368.4674072265625,21802900,0.0,0.0
866,2023-12-19 00:00:00-05:00,2023,12,19,367.3204340997758,369.0705871582031,365.68895952374146,369.0705871582031,20603700,0.0,0.0
867,2023-12-20 00:00:00-05:00,2023,12,20,370.79101848445333,371.809456608222,366.3711883371166,366.4601745605469,26316700,0.0,0.0
868,2023-12-21 00:00:00-05:00,2023,12,21,368.3784311602655,370.20767302873213,365.88672618527943,369.3474426269531,17708000,0.0,0.0
869,2023-12-22 00:00:00-05:00,2023,12,22,369.4858399809148,370.9690041075322,368.5267259720335,370.375732421875,17091100,0.0,0.0
870,2023-12-26 00:00:00-05:00,2023,12,26,370.7910447615306,372.70927284710115,369.3078805824845,370.4548645019531,12673100,0.0,0.0
871,2023-12-27 00:00:00-05:00,2023,12,27,369.4957507248787,370.8503691813732,368.6256229112042,369.8714904785156,14905400,0.0,0.0
872,2023-12-28 00:00:00-05:00,2023,12,28,371.1568878412429,372.23465019250256,369.9604771834302,371.0679016113281,14327000,0.0,0.0
873,2023-12-29 00:00:00-05:00,2023,12,29,371.77980696276984,372.92679083929943,369.2881020982719,371.8193664550781,18723000,0.0,0.0
874,2024-01-02 00:00:00-05:00,2024,1,2,369.6638284252025,371.68094017367383,362.65340930447013,366.7073974609375,25258600,0.0,0.0
875,2024-01-03 00:00:00-05:00,2024,1,3,364.86827930524817,369.0705777416299,364.3738912539091,366.4404296875,23083500,0.0,0.0
876,2024-01-04 00:00:00-05:00,2024,1,4,366.5096110262484,368.91232945000587,363.04889504674566,363.81024169921875,20901500,0.0,0.0
877,2024-01-05 00:00:00-05:00,2024,1,5,364.8287446578594,367.88405940220275,362.38646631091734,363.6224365234375,20987000,0.0,0.0
878,2024-01-08 00:00:00-05:00,2024,1,8,365.1550098059731,370.988813066157,364.86828645661416,370.4845275878906,23134000,0.0,0.0
879,2024-01-09 00:00:00-05:00,2024,1,9,367.8345714609112,371.76988065075744,367.023767894392,371.5721435546875,20830000,0.0,0.0
880,2024-01-10 00:00:00-05:00,2024,1,10,372.14565492996707,379.85812659429405,372.0962281951205,378.47381591796875,25514200,0.0,0.0
881,2024-01-11 00:00:00-05:00,2024,1,11,381.66754557205917,386.2950101261023,376.1106291407019,380.31292724609375,27850800,0.0,0.0
882,2024-01-12 00:00:00-05:00,2024,1,12,381.1632692761554,384.3174672848406,380.33270101643035,384.1098327636719,21645700,0.0,0.0
883,2024-01-16 00:00:00-05:00,2024,1,16,389.2416139939335,389.6074563331201,383.2693977344923,385.8896484375,27202300,0.0,0.0
884,2024-01-17 00:00:00-05:00,2024,1,17,383.6253660644491,385.7314338319448,380.4909325183697,385.0986328125,22234100,0.0,0.0
885,2024-01-18 00:00:00-05:00,2024,1,18,387.32338662433057,389.56789757510035,385.74133878224427,389.4492492675781,23392100,0.0,0.0
886,2024-01-19 00:00:00-05:00,2024,1,19,391.31800122328355,394.1953430175781,389.0833577969474,394.1953430175781,29272000,0.0,0.0
887,2024-01-22 00:00:00-05:00,2024,1,22,395.5302458183524,396.12351757509936,389.17242207576174,392.0596618652344,27016900,0.0,0.0
888,2024-01-23 00:00:00-05:00,2024,1,23,391.30815176623645,394.89741393072353,389.5085719753557,394.42279052734375,20525900,0.0,0.0
889,2024-01-24 00:00:00-05:00,2024,1,24,397.03314629680017,401.07723674810927,395.95538401589334,398.04168701171875,24867000,0.0,0.0
890,2024-01-25 00:00:00-05:00,2024,1,25,399.78199083712803,402.44180116533613,398.0120730325646,400.3258056640625,21021200,0.0,0.0
891,2024-01-26 00:00:00-05:00,2024,1,26,399.83136514404845,401.611180132996,397.91313719960004,399.39630126953125,17803300,0.0,0.0
892,2024-01-29 00:00:00-05:00,2024,1,29,401.5024138062242,405.37842932819404,399.7918203197978,405.121337890625,24510200,0.0,0.0
893,2024-01-30 00:00:00-05:00,2024,1,30,407.6328499314226,408.4139613345208,401.8880631298829,404.0040283203125,33477600,0.0,0.0
894,2024-01-31 00:00:00-05:00,2024,1,31,402.39230877230926,410.65849256823645,392.7517419035558,393.1175842285156,47871100,0.0,0.0
895,2024-02-01 00:00:00-05:00,2024,2,1,397.3198908735355,403.4206527472509,397.2902287972473,399.2480163574219,30657700,0.0,0.0
896,2024-02-02 00:00:00-05:00,2024,2,2,399.2776579693306,408.01843470985267,399.03046395458153,406.6044921875,28245000,0.0,0.0
897,2024-02-05 00:00:00-05:00,2024,2,5,405.2993446059863,406.5452122317709,399.4556738410708,401.0970458984375,25352300,0.0,0.0
898,2024-02-06 00:00:00-05:00,2024,2,6,401.32441887303327,403.39095714951947,398.38775286433196,400.93878173828125,18382600,0.0,0.0
899,2024-02-07 00:00:00-05:00,2024,2,7,402.86697483873127,409.6499650445578,402.8274153419617,409.40277099609375,22340500,0.0,0.0
900,2024-02-08 00:00:00-05:00,2024,2,8,409.40271198373665,410.89577347726316,407.89978324873107,409.4620361328125,21225300,0.0,0.0
901,2024-02-09 00:00:00-05:00,2024,2,9,410.58927173757974,416.0967618057892,410.4310639420329,415.82977294921875,22032800,0.0,0.0
902,2024-02-12 00:00:00-05:00,2024,2,12,415.83971441321404,416.01768688641135,410.0949271307039,410.5992126464844,21202900,0.0,0.0
903,2024-02-13 00:00:00-05:00,2024,2,13,400.3949447789539,405.4673703466568,398.8623540913654,401.75946044921875,27824900,0.0,0.0
904,2024-02-14 00:00:00-05:00,2024,2,14,404.23602806912544,405.989387335356,400.7689119546156,405.6426696777344,20401200,0.75,0.0
905,2024-02-15 00:00:00-05:00,2024,2,15,404.30537605508795,405.2860649354581,400.49154229797136,402.7402038574219,21825500,0.0,0.0
906,2024-02-16 00:00:00-05:00,2024,2,16,404.1270543842311,404.45397083978673,399.6495323619633,400.2637023925781,22281100,0.0,0.0
907,2024-02-20 00:00:00-05:00,2024,2,20,399.4513996951192,400.68965547755954,394.27055684913546,399.0056457519531,24307900,0.0,0.0
908,2024-02-21 00:00:00-05:00,2024,2,21,396.41021168632307,398.5102883661816,393.4879163512738,398.40130615234375,18631100,0.0,0.0
909,2024-02-22 00:00:00-05:00,2024,2,22,406.3361048933316,408.95128532759105,404.7313302719457,407.7823791503906,27009900,0.0,0.0
910,2024-02-23 00:00:00-05:00,2024,2,23,411.7645886082764,411.9527756521701,405.12752632093805,406.4846496582031,16295900,0.0,0.0
911,2024-02-26 00:00:00-05:00,2024,2,26,407.5941515550284,408.28758685257475,403.53266673551263,403.71099853515625,16193500,0.0,0.0
912,2024-02-27 00:00:00-05:00,2024,2,27,404.1567686089776,404.4836850623454,400.055681208624,403.6515808105469,14835800,0.0,0.0
913,2024-02-28 00:00:00-05:00,2024,2,28,404.3449824000404,405.45445472615467,401.51186772663095,403.8893127441406,13183100,0.0,0.0
914,2024-02-29 00:00:00-05:00,2024,2,29,404.80066973124497,410.30842877280423,402.1062240667456,409.7536926269531,31947300,0.0,0.0
915,2024-03-01 00:00:00-05:00,2024,3,1,407.4059534745647,411.9627407983519,407.019633390637,411.5962219238281,17800300,0.0,0.0
916,2024-03-04 00:00:00-05:00,2024,3,4,409.55556181237966,413.42882936527116,408.4460895147351,411.02166748046875,17596000,0.0,0.0
917,2024-03-05 00:00:00-05:00,2024,3,5,410.0706791695835,410.35796297341943,396.8758486343361,398.866943359375,26919200,0.0,0.0
918,2024-03-06 00:00:00-05:00,2024,3,6,399.1839316978577,401.35335816221044,394.6469759902315,398.31219482421875,22344100,0.0,0.0
919,2024-03-07 00:00:00-05:00,2024,3,7,402.3043446808418,405.92996122894976,398.46079390642615,405.2959899902344,18718500,0.0,0.0
920,2024-03-08 00:00:00-05:00,2024,3,8,404.1270542383835,406.56396338142315,400.5311546136932,402.4034118652344,17971700,0.0,0.0
921,2024-03-11 00:00:00-04:00,2024,3,11,399.9665214154685,401.8684653107991,397.49000992509303,400.7193603515625,16120800,0.0,0.0
922,2024-03-12 00:00:00-04:00,2024,3,12,403.7902307329295,411.66554917132913,402.9680422398846,411.3782653808594,22457000,0.0,0.0
923,2024-03-13 00:00:00-04:00,2024,3,13,414.1717955341408,414.25103060175684,407.5842808912539,411.1999816894531,17115900,0.0,0.0
924,2024-03-14 00:00:00-04:00,2024,3,14,416.29166230285614,423.80046200765156,414.06280198030794,421.2248840332031,34157300,0.0,0.0
925,2024-03-15 00:00:00-04:00,2024,3,15,415.3506293663728,418.62952831732593,408.9116991847294,412.5075988769531,45049800,0.0,0.0
926,2024-03-18 00:00:00-04:00,2024,3,18,410.3579455831781,416.77707411837673,409.8923602232522,413.39910888671875,20106000,0.0,0.0
927,2024-03-19 00:00:00-04:00,2024,3,19,413.90430223487067,417.7082504608342,411.6457249805596,417.45068359375,19837900,0.0,0.0
928,2024-03-20 00:00:00-04:00,2024,3,20,418.0351385254577,421.95792425172124,416.7077319976527,421.23480224609375,17860100,0.0,0.0
929,2024-03-21 00:00:00-04:00,2024,3,21,425.7915766495499,426.7722957944647,423.1466792053097,425.3359069824219,21296200,0.0,0.0
930,2024-03-22 00:00:00-04:00,2024,3,22,425.66285531367333,425.8213254638717,422.06695538505966,424.71185302734375,17636500,0.0,0.0
931,2024-03-25 00:00:00-04:00,2024,3,25,421.2446982721868,423.39432359578046,417.64879867030754,418.8870544433594,18060500,0.0,0.0
932,2024-03-26 00:00:00-04:00,2024,3,26,421.6112012034168,421.9876357811286,417.3912462453885,417.68841552734375,16725600,0.0,0.0
933,2024-03-27 00:00:00-04:00,2024,3,27,420.4522190231072,420.4621347429845,415.073243298201,417.4704895019531,16705000,0.0,0.0
934,2024-03-28 00:00:00-04:00,2024,3,28,417.00488629896955,417.9063400745122,415.1821775398297,416.76715087890625,21871200,0.0,0.0
935,2024-04-01 00:00:00-04:00,2024,4,1,419.9668236498753,423.8698081123032,418.253066843913,420.58099365234375,16316000,0.0,0.0
936,2024-04-02 00:00:00-04:00,2024,4,2,416.1629170804003,418.41160904891876,413.9142553427375,417.4804382324219,17912000,0.0,0.0
937,2024-04-03 00:00:00-04:00,2024,4,3,415.7864888048433,419.2833219106777,415.1524873360607,416.4997253417969,16502300,0.0,0.0
938,2024-04-04 00:00:00-04:00,2024,4,4,420.9970416568271,424.6424895808556,413.64677241260966,413.953857421875,19370900,0.0,0.0
939,2024-04-05 00:00:00-04:00,2024,4,5,416.0638232237435,422.50275274464576,414.3896991298408,421.52203369140625,16544300,0.0,0.0
940,2024-04-08 00:00:00-04:00,2024,4,8,421.1753671524619,423.26552832814343,419.32291117383534,420.6007995605469,14272400,0.0,0.0
941,2024-04-09 00:00:00-04:00,2024,4,9,422.43343322697575,423.72120713043927,417.65871174097106,422.2749328613281,12512300,0.0,0.0
942,2024-04-10 00:00:00-04:00,2024,4,10,418.223340545814,420.04604930389615,415.7567448715327,419.2832946777344,16216600,0.0,0.0
943,2024-04-11 00:00:00-04:00,2024,4,11,421.81923224312044,425.33586626582,418.3917187704176,423.9093933105469,17966400,0.0,0.0
944,2024-04-12 00:00:00-04:00,2024,4,12,420.0658901447868,421.1852782373019,415.82610344793704,417.93609619140625,19232100,0.0,0.0
945,2024-04-15 00:00:00-04:00,2024,4,15,422.59191950798987,422.80985372463516,409.54564389911945,409.7536926269531,20273500,0.0,0.0
946,2024-04-16 00:00:00-04:00,2024,4,16,410.6749594816062,414.46896182763265,409.8428552388163,410.6848449707031,16765600,0.0,0.0
947,2024-04-17 00:00:00-04:00,2024,4,17,413.32978630581465,414.9444767069898,406.4747888910302,407.9706115722656,15855500,0.0,0.0
948,2024-04-18 00:00:00-04:00,2024,4,18,406.7719711724091,408.02014264055606,400.15473970896494,400.4717102050781,21029900,0.0,0.0
949,2024-04-19 00:00:00-04:00,2024,4,19,400.23398957432255,401.67037838778936,394.03279488372993,395.3701171875,30276500,0.0,0.0
950,2024-04-22 00:00:00-04:00,2024,4,22,396.3210731778114,399.06506725448133,392.0317685818269,397.19281005859375,20286900,0.0,0.0
951,2024-04-23 00:00:00-04:00,2024,4,23,400.4419924205836,404.36480838898973,399.27308625210287,403.74072265625,15734500,0.0,0.0
952,2024-04-24 00:00:00-04:00,2024,4,24,405.7120381650018,408.5947013251243,402.9581584463572,405.21673583984375,15065300,0.0,0.0
953,2024-04-25 00:00:00-04:00,2024,4,25,390.32792438015684,396.1328829826048,384.3842968555106,395.2908630371094,40586500,0.0,0.0
954,2024-04-26 00:00:00-04:00,2024,4,26,408.2975149317784,409.1197034555493,401.94773576133974,402.5024719238281,29694700,0.0,0.0
955,2024-04-29 00:00:00-04:00,2024,4,29,401.4425169456961,402.50247113048255,395.4394554463583,398.470703125,19582100,0.0,0.0
956,2024-04-30 00:00:00-04:00,2024,4,30,397.71784459298715,398.3815629989462,385.51361848485345,385.6720886230469,28781400,0.0,0.0
957,2024-05-01 00:00:00-04:00,2024,5,1,388.92127488428895,397.9456989138246,386.64289629476144,391.2294006347656,23562500,0.0,0.0
958,2024-05-02 00:00:00-04:00,2024,5,2,393.9237797484639,396.17244102698896,390.9420506003591,394.1020812988281,17709400,0.0,0.0
959,2024-05-03 00:00:00-04:00,2024,5,3,398.500380810565,403.324619934145,398.08431361506535,402.8392333984375,17446700,0.0,0.0
960,2024-05-06 00:00:00-04:00,2024,5,6,404.9195438147948,410.0409526402596,402.55198432258595,409.6546325683594,16996600,0.0,0.0
961,2024-05-07 00:00:00-04:00,2024,5,7,410.76410326855756,410.77401898833904,405.2464284421319,405.49407958984375,20018200,0.0,0.0
962,2024-05-08 00:00:00-04:00,2024,5,8,404.33510268855184,408.356955043612,402.88879817126514,406.6828308105469,11792300,0.0,0.0
963,2024-05-09 00:00:00-04:00,2024,5,9,406.71254786446275,408.8423417605904,405.2563578574711,408.44610595703125,14689700,0.0,0.0
964,2024-05-10 00:00:00-04:00,2024,5,10,409.0602466503411,411.477324178815,407.9309429487919,410.84332275390625,13402300,0.0,0.0
965,2024-05-13 00:00:00-04:00,2024,5,13,414.0826490844057,414.4194510292962,406.9601994102217,409.83294677734375,15440200,0.0,0.0
966,2024-05-14 00:00:00-04:00,2024,5,14,408.14888698952717,413.56749523570926,407.68330162903794,412.646240234375,15109300,0.0,0.0
967,2024-05-15 00:00:00-04:00,2024,5,15,414.72032117666083,420.5853574358199,414.0951098075322,419.86090087890625,22239500,0.75,0.0
968,2024-05-16 00:00:00-04:00,2024,5,16,418.59066930665216,422.18315151911617,417.151719986036,417.7868347167969,17530100,0.0,0.0
969,2024-05-17 00:00:00-04:00,2024,5,17,419.32504512881616,419.7021586835379,414.84935049574557,417.01275634765625,15352200,0.0,0.0
970,2024-05-20 00:00:00-04:00,2024,5,20,417.0127568242458,423.52284159685394,416.7944295178616,422.1037292480469,16272100,0.0,0.0
971,2024-05-21 00:00:00-04:00,2024,5,21,423.5824278629751,429.67572588260487,421.61751218118434,425.775634765625,21453300,0.0,0.0
972,2024-05-22 00:00:00-04:00,2024,5,22,426.8176027078419,429.1199579656232,423.8801327186548,427.24432373046875,18073700,0.0,0.0
973,2024-05-23 00:00:00-04:00,2024,5,23,429.6756760944335,430.30088747906075,422.1831336543051,423.7510986328125,17211700,0.0,0.0
974,2024-05-24 00:00:00-04:00,2024,5,24,423.9396813142882,427.7802311569624,421.180834455013,426.8870849609375,11845800,0.0,0.0
975,2024-05-28 00:00:00-04:00,2024,5,28,426.3610849730244,427.5420330592199,423.35414050377034,427.04583740234375,15718000,0.0,0.0
976,2024-05-29 00:00:00-04:00,2024,5,29,422.4510995765547,427.66115445230247,422.4510995765547,425.9046325683594,15517100,0.0,0.0
977,2024-05-30 00:00:00-04:00,2024,5,30,421.071626093263,421.071626093263,411.08817181006793,411.5149230957031,28424800,0.0,0.0
978,2024-05-31 00:00:00-04:00,2024,5,31,413.5791047255822,413.5791047255822,401.43224401056676,411.971435546875,47995300,0.0,0.0
979,2024-06-03 00:00:00-04:00,2024,6,3,412.3683735171778,413.2615196687407,405.8086812773789,410.3736572265625,17484700,0.0,0.0
980,2024-06-04 00:00:00-04:00,2024,6,4,409.2919776436919,413.27147684716857,406.56290129495756,412.904296875,14348900,0.0,0.0
981,2024-06-05 00:00:00-04:00,2024,6,5,414.6310359031759,420.8533188907335,413.1325152430589,420.78387451171875,16988000,0.0,0.0
982,2024-06-06 00:00:00-04:00,2024,6,6,420.7838485363347,422.07394512362515,417.37992333025653,421.2899475097656,14861300,0.0,0.0
983,2024-06-07 00:00:00-04:00,2024,6,7,422.9572173477245,423.03659533238357,419.78155282449774,420.6250915527344,13621700,0.0,0.0
984,2024-06-10 00:00:00-04:00,2024,6,10,421.4686078947135,424.82286513391676,420.66477334419267,424.6144714355469,14003000,0.0,0.0
985,2024-06-11 00:00:00-04:00,2024,6,11,422.24267892962746,429.5268277427762,422.01441801832095,429.38787841796875,14551100,0.0,0.0
986,2024-06-12 00:00:00-04:00,2024,6,12,432.00781534858527,440.0263242349242,429.9535579589742,437.7041320800781,22366200,0.0,0.0
987,2024-06-13 00:00:00-04:00,2024,6,13,437.49575798146077,440.01644063600304,436.02700779586485,438.2201843261719,15960600,0.0,0.0
988,2024-06-14 00:00:00-04:00,2024,6,14,434.94529966913103,439.7683376003339,433.39717151476515,439.2026672363281,13582000,0.0,0.0
989,2024-06-17 00:00:00-04:00,2024,6,17,439.22250553797545,447.5089797746042,437.3667384679764,444.9585266113281,20790000,0.0,0.0
990,2024-06-18 00:00:00-04:00,2024,6,18,446.28832386783046,446.7150751827561,441.50502038116036,442.9439697265625,17112500,0.0,0.0
991,2024-06-20 00:00:00-04:00,2024,6,20,442.90424847377636,443.1325093875715,437.9125211824865,442.308837890625,19877400,0.0,0.0
992,2024-06-21 00:00:00-04:00,2024,6,21,443.9760548608899,447.1516890658263,443.112679216781,446.3577880859375,34486200,0.0,0.0
993,2024-06-24 00:00:00-04:00,2024,6,24,446.37765380757656,449.3052206448714,443.0134626029418,444.2638854980469,15913700,0.0,0.0
994,2024-06-25 00:00:00-04:00,2024,6,25,444.8394216277891,447.98531552571586,443.3508346061679,447.5188903808594,16747500,0.0,0.0
995,2024-06-26 00:00:00-04:00,2024,6,26,445.5837053034348,450.1487114593878,444.7798707523325,448.71966552734375,16507000,0.0,0.0
996,2024-06-27 00:00:00-04:00,2024,6,27,448.7395034299803,452.6991654227889,448.3326193512516,449.4044189453125,14806300,0.0,0.0
997,2024-06-28 00:00:00-04:00,2024,6,28,449.6227774267188,451.9151991305475,443.0134470896372,443.5493469238281,28362300,0.0,0.0
998,2024-07-01 00:00:00-04:00,2024,7,1,445.2463078469115,453.8900280472802,442.2691337894114,453.2549133300781,17662800,0.0,0.0
999,2024-07-02 00:00:00-04:00,2024,7,2,449.75176594132466,456.0931308349297,449.6624240698802,455.7854919433594,13979800,0.0,0.0
1000,2024-07-03 00:00:00-04:00,2024,7,3,454.70380374999445,457.5122579984809,454.39616484845857,457.26416015625,9932800,0.0,0.0
1001,2024-07-05 00:00:00-04:00,2024,7,5,456.1129790053472,464.78650009669735,455.4778642825478,464.00250244140625,16000300,0.0,0.0
1002,2024-07-08 00:00:00-04:00,2024,7,8,463.0002048353039,464.14147919648303,460.92611040198074,462.69256591796875,12962300,0.0,0.0
1003,2024-07-09 00:00:00-04:00,2024,7,9,463.4467798855468,463.7742557192127,454.51525736098597,456.0435485839844,17207200,0.0,0.0
1004,2024-07-10 00:00:00-04:00,2024,7,10,457.71075666628917,462.91087784219644,455.36869724486377,462.7024841308594,18196100,0.0,0.0
1005,2024-07-11 00:00:00-04:00,2024,7,11,459.4573555661208,461.24364787201716,448.1142994819232,451.2403564453125,23111200,0.0,0.0
1006,2024-07-12 00:00:00-04:00,2024,7,12,450.8731546278995,452.8877078833818,447.22116168053736,450.0990905761719,16324300,0.0,0.0
1007,2024-07-15 00:00:00-04:00,2024,7,15,449.851029974842,453.7809219031339,447.99526281806254,450.5060119628906,14429400,0.0,0.0
1008,2024-07-16 00:00:00-04:00,2024,7,16,450.764044396858,450.84342238707205,443.26156747821994,446.09979248046875,17175700,0.0,0.0
1009,2024-07-17 00:00:00-04:00,2024,7,17,439.22249954002416,441.46531376189114,435.8384412822571,440.1454162597656,21778000,0.0,0.0
1010,2024-07-18 00:00:00-04:00,2024,7,18,440.95917357547034,441.2668124744543,431.0948010273652,437.0193786621094,20794800,0.0,0.0
1011,2024-07-19 00:00:00-04:00,2024,7,19,429.80471086507333,437.7835460054657,428.7130742947466,433.7841796875,20940400,0.0,0.0
1012,2024-07-22 00:00:00-04:00,2024,7,22,438.4286106688719,441.2172281155517,435.5705185548157,439.5698547363281,15808800,0.0,0.0
1013,2024-07-23 00:00:00-04:00,2024,7,23,440.52254806214466,444.9784061601368,439.7286470352855,441.46533203125,13107100,0.0,0.0
1014,2024-07-24 00:00:00-04:00,2024,7,24,437.0987963490377,438.12095826115956,424.3366274271562,425.63665771484375,26805800,0.0,0.0
1015,2024-07-25 00:00:00-04:00,2024,7,25,425.5374171635106,426.52980855641556,414.3333401430881,415.216552734375,29943800,0.0,0.0
1016,2024-07-26 00:00:00-04:00,2024,7,26,415.0180872010169,425.6565240052853,414.0951402007918,422.0342712402344,23583800,0.0,0.0
1017,2024-07-29 00:00:00-04:00,2024,7,29,428.29622791841,428.86189823317073,421.4686011505227,423.483154296875,15125800,0.0,0.0
1018,2024-07-30 00:00:00-04:00,2024,7,30,424.4656455012434,425.7855127211385,414.18445497765873,419.7021789550781,32687600,0.0,0.0
1019,2024-07-31 00:00:00-04:00,2024,7,31,417.30059719182844,418.57085701348217,409.07366373993483,415.1669616699219,42891400,0.0,0.0
1020,2024-08-01 00:00:00-04:00,2024,8,1,417.58839429377997,424.20762810841023,409.9469682421122,413.9363708496094,30296400,0.0,0.0
1021,2024-08-02 00:00:00-04:00,2024,8,2,409.35149283755305,411.84240478431724,401.2635094994672,405.3819274902344,29437900,0.0,0.0
1022,2024-08-05 00:00:00-04:00,2024,8,5,386.20895177644206,397.9886321568055,382.6462402085907,392.1434326171875,40709200,0.0,0.0
1023,2024-08-06 00:00:00-04:00,2024,8,6,396.9565662320286,402.5834388839359,395.4679791086585,396.56951904296875,24946500,0.0,0.0
1024,2024-08-07 00:00:00-04:00,2024,8,7,405.53083654236127,406.95985229689995,394.44581127033643,395.39849853515625,20650900,0.0,0.0
1025,2024-08-08 00:00:00-04:00,2024,8,8,399.3780007807365,402.77196243732243,396.8970222599762,399.6260986328125,20203000,0.0,0.0
1026,2024-08-09 00:00:00-04:00,2024,8,9,400.9558760021183,404.945278327108,399.1993542150353,402.93072509765625,19276700,0.0,0.0
1027,2024-08-12 00:00:00-04:00,2024,8,12,403.9628500529108,405.64992758545134,401.1642989727411,403.7147521972656,16762900,0.0,0.0
1028,2024-08-13 00:00:00-04:00,2024,8,13,406.47357171655057,411.79280513110314,406.4537347921751,410.8599548339844,19414300,0.0,0.0
1029,2024-08-14 00:00:00-04:00,2024,8,14,411.64393908583247,414.54173528870035,409.3118435327495,413.6882629394531,18267000,0.0,0.0
1030,2024-08-15 00:00:00-04:00,2024,8,15,417.35676799168647,418.6591414148161,415.22923848625584,418.5796203613281,20752100,0.75,0.0
1031,2024-08-16 00:00:00-04:00,2024,8,16,418.15215435686315,418.8878379189571,414.87134183677813,416.0345458984375,22775600,0.0,0.0
1032,2024-08-19 00:00:00-04:00,2024,8,19,416.52170147668573,419.2954725526047,414.03625113553215,419.0767517089844,15234000,0.0,0.0
1033,2024-08-20 00:00:00-04:00,2024,8,20,419.24576369099765,423.3815262412174,419.18611531171354,422.32769775390625,16387600,0.0,0.0
1034,2024-08-21 00:00:00-04:00,2024,8,21,421.6118605911061,423.91836557959886,419.26561024554667,421.6715393066406,16067300,0.0,0.0
1035,2024-08-22 00:00:00-04:00,2024,8,22,421.8902550651885,424.30613578026436,412.1969990352219,413.13153076171875,19361900,0.0,0.0
1036,2024-08-23 00:00:00-04:00,2024,8,23,414.5532154876874,416.8199448280934,409.69166039420327,414.36431884765625,18493800,0.0,0.0
1037,2024-08-26 00:00:00-04:00,2024,8,26,413.94673947074824,414.85144695028356,408.9460150702165,411.08349609375,13152800,0.0,0.0
1038,2024-08-27 00:00:00-04:00,2024,8,27,410.4571501735566,411.9484202096587,407.8623548739229,411.43145751953125,13492900,0.0,0.0
1039,2024-08-28 00:00:00-04:00,2024,8,28,412.46544730687265,412.58474406521935,404.939496621488,408.2103576660156,14882700,0.0,0.0
1040,2024-08-29 00:00:00-04:00,2024,8,29,412.52511339470357,419.5937196899045,408.21037518945246,410.7156982421875,17045200,0.0,0.0
1041,2024-08-30 00:00:00-04:00,2024,8,30,413.18123450252676,415.0602190186727,409.7314285183125,414.7122802734375,24308300,0.0,0.0
1042,2024-09-03 00:00:00-04:00,2024,9,3,415.47780496274754,417.43634095322227,404.66112073149435,407.0570983886719,20313600,0.0,0.0
1043,2024-09-04 00:00:00-04:00,2024,9,4,403.5476443909062,408.8466109265116,402.01659855552833,406.5202331542969,15135800,0.0,0.0
1044,2024-09-05 00:00:00-04:00,2024,9,5,405.2476455783769,410.69576288507244,403.7663270914325,406.01318359375,14195500,0.0,0.0
1045,2024-09-06 00:00:00-04:00,2024,9,6,406.6793029587105,408.2600456523483,398.4673657515399,399.3621520996094,19609500,0.0,0.0
1046,2024-09-09 00:00:00-04:00,2024,9,9,404.8698768958274,406.27167441765806,399.8095040440946,403.3587341308594,15295100,0.0,0.0
1047,2024-09-10 00:00:00-04:00,2024,9,10,405.8243177579556,413.9069762623546,405.327227721672,411.7893981933594,19594300,0.0,0.0
1048,2024-09-11 00:00:00-04:00,2024,9,11,413.08181573237965,421.52239474938517,407.19625641616165,420.57794189453125,19266900,0.0,0.0
1049,2024-09-12 00:00:00-04:00,2024,9,12,420.84636566939764,424.8827343519594,417.30708702498356,424.514892578125,17418800,0.0,0.0
1050,2024-09-13 00:00:00-04:00,2024,9,13,423.3517078052634,429.31678853449597,422.98386601468917,428.0840148925781,15874600,0.0,0.0
1051,2024-09-16 00:00:00-04:00,2024,9,16,428.0939672962221,431.00690777681865,425.7278137476254,428.82965087890625,13834700,0.0,0.0
1052,2024-09-17 00:00:00-04:00,2024,9,17,437.6679140298658,439.27848092894993,429.75421863095636,432.6174621582031,18874200,0.0,0.0
1053,2024-09-18 00:00:00-04:00,2024,9,18,432.46835149823806,433.4923558065776,427.9050683956392,428.302734375,18898000,0.0,0.0
1054,2024-09-19 00:00:00-04:00,2024,9,19,438.6620972919553,438.9305149970845,434.3572804602649,436.1368713378906,21706600,0.0,0.0
1055,2024-09-20 00:00:00-04:00,2024,9,20,434.6754186759471,436.6836515284863,431.6928784161533,432.73675537109375,55167100,0.0,0.0
1056,2024-09-23 00:00:00-04:00,2024,9,23,431.75253779309,433.9198431554934,427.88519293448667,430.9870300292969,15128900,0.0,0.0
1057,2024-09-24 00:00:00-04:00,2024,9,24,430.4799988167568,430.82796793229323,423.62016194748605,426.67230224609375,17015800,0.0,0.0
1058,2024-09-25 00:00:00-04:00,2024,9,25,427.3284243659067,430.599285430914,426.0757780554542,429.59515380859375,13396400,0.0,0.0
1059,2024-09-26 00:00:00-04:00,2024,9,26,432.5578349333773,432.7666042682911,426.6325297741478,428.7998352050781,14492000,0.0,0.0
1060,2024-09-27 00:00:00-04:00,2024,9,27,429.0085608111411,429.3366572153901,424.982143776937,425.5289306640625,14896100,0.0,0.0
1061,2024-09-30 00:00:00-04:00,2024,9,30,425.7178520466358,427.9150119120048,422.8943842039572,427.7956848144531,16807300,0.0,0.0
1062,2024-10-01 00:00:00-04:00,2024,10,1,425.95648564338745,425.9863098334652,416.37257469880086,418.24163818359375,19092900,0.0,0.0
1063,2024-10-02 00:00:00-04:00,2024,10,2,420.12059464326444,420.35921848784164,414.28476256993423,414.70233154296875,16582300,0.0,0.0
1064,2024-10-03 00:00:00-04:00,2024,10,3,415.19943635003835,417.1082451347957,411.8788784861643,414.11578369140625,13686400,0.0,0.0
1065,2024-10-04 00:00:00-04:00,2024,10,4,415.8058857128688,417.30710741019845,412.554927626964,413.6385803222656,19169700,0.0,0.0
1066,2024-10-07 00:00:00-04:00,2024,10,7,413.5789195776064,414.68244492002515,406.6196589116371,407.1565246582031,20919800,0.0,0.0
1067,2024-10-08 00:00:00-04:00,2024,10,8,408.50859351504334,413.24090045920747,405.79450128292336,412.2964172363281,19229300,0.0,0.0
1068,2024-10-09 00:00:00-04:00,2024,10,9,413.4397013585542,417.93341460570645,411.88878290651843,415.0303955078125,14974300,0.0,0.0
1069,2024-10-10 00:00:00-04:00,2024,10,10,412.81342552487126,414.92108254210694,410.74551386798254,413.41986083984375,13848400,0.0,0.0
1070,2024-10-11 00:00:00-04:00,2024,10,11,413.7180885691892,414.70231708134946,410.84489374484957,413.89703369140625,14144900,0.0,0.0
1071,2024-10-14 00:00:00-04:00,2024,10,14,415.3386008817118,421.5721293976272,415.09005586184196,416.7006530761719,16653100,0.0,0.0
1072,2024-10-15 00:00:00-04:00,2024,10,15,419.7229298265709,420.02120204810905,412.84322081195853,416.3029479980469,18900200,0.0,0.0
1073,2024-10-16 00:00:00-04:00,2024,10,16,412.7537587941709,413.93680518127485,408.09105177334885,413.6982116699219,15508900,0.0,0.0
1074,2024-10-17 00:00:00-04:00,2024,10,17,419.9018679111856,420.0410676802283,413.17127995027164,414.2947082519531,14820000,0.0,0.0
1075,2024-10-18 00:00:00-04:00,2024,10,18,414.7122961104646,417.2076674979936,413.8374127793913,415.7263488769531,17145300,0.0,0.0
1076,2024-10-21 00:00:00-04:00,2024,10,21,413.6982202013397,416.5216880571269,411.3420182082338,416.3427429199219,14206100,0.0,0.0
1077,2024-10-22 00:00:00-04:00,2024,10,22,416.0544182638452,428.07405197206367,415.6070554250592,425.0219421386719,25482200,0.0,0.0
1078,2024-10-23 00:00:00-04:00,2024,10,23,428.35242251551375,428.5711433507003,420.0709156477079,422.1288757324219,19654400,0.0,0.0
1079,2024-10-24 00:00:00-04:00,2024,10,24,422.85460145374896,423.5008427798279,419.94166109145596,422.25811767578125,13581600,0.0,0.0
1080,2024-10-25 00:00:00-04:00,2024,10,25,424.2763085648032,430.0027653012564,424.0874119188817,425.658203125,16899100,0.0,0.0
1081,2024-10-28 00:00:00-04:00,2024,10,28,429.14776948636137,429.426138690306,423.8189485737485,424.1072692871094,14882400,0.0,0.0
1082,2024-10-29 00:00:00-04:00,2024,10,29,425.5090727531412,430.64899709836675,423.32186444879665,429.43609619140625,17644100,0.0,0.0
1083,2024-10-30 00:00:00-04:00,2024,10,30,434.8941538571239,435.9479823564893,429.5852356603292,430.0127258300781,29749100,0.0,0.0
1084,2024-10-31 00:00:00-04:00,2024,10,31,412.9426186903331,413.7379809491165,403.93534969689097,403.9850769042969,53971000,0.0,0.0
1085,2024-11-01 00:00:00-04:00,2024,11,1,406.6296190582037,413.0818383039077,405.12839737386855,407.981689453125,24230400,0.0,0.0
1086,2024-11-04 00:00:00-05:00,2024,11,4,407.414991879503,408.03140902561756,403.2096294840388,406.0827941894531,19672300,0.0,0.0
1087,2024-11-05 00:00:00-05:00,2024,11,5,405.99332524640585,412.4853201284023,405.7050045203228,409.0653381347656,17626000,0.0,0.0
1088,2024-11-06 00:00:00-05:00,2024,11,6,410.01974169679755,418.00300613139274,408.1307753660983,417.73455810546875,26681800,0.0,0.0
1089,2024-11-07 00:00:00-05:00,2024,11,7,418.8281688837221,424.3657590257446,417.43632288625736,422.9540100097656,19901800,0.0,0.0
1090,2024-11-08 00:00:00-05:00,2024,11,8,422.8446603519728,424.0177855133015,419.32525452801985,420.0808410644531,16891400,0.0,0.0
1091,2024-11-11 00:00:00-05:00,2024,11,11,420.0609408352946,422.3376216288976,413.5788978774876,415.57720947265625,24503300,0.0,0.0
1092,2024-11-12 00:00:00-05:00,2024,11,12,415.81581365023004,421.969790701444,414.77193671429194,420.5679931640625,19401200,0.0,0.0
1093,2024-11-13 00:00:00-05:00,2024,11,13,419.1860937392156,426.8313104637277,415.7760330857976,422.7253723144531,21502200,0.0,0.0
1094,2024-11-14 00:00:00-05:00,2024,11,14,422.526533184943,425.6780973820496,417.5556327945319,424.4055480957031,30246900,0.0,0.0
1095,2024-11-15 00:00:00-05:00,2024,11,15,417.3767027455775,420.3393400677491,411.23267692258383,412.5847473144531,28247600,0.0,0.0
1096,2024-11-18 00:00:00-05:00,2024,11,18,412.4554971706168,415.9649517435253,409.7016291897124,413.34033203125,24742000,0.0,0.0
1097,2024-11-19 00:00:00-05:00,2024,11,19,410.7057043157201,415.5076109291685,409.154785870871,415.3584899902344,18133500,0.0,0.0
1098,2024-11-20 00:00:00-05:00,2024,11,20,414.4438422518667,414.86141123218795,408.19044109637775,413.0718688964844,19191700,0.0,0.0
1099,2024-11-21 00:00:00-05:00,2024,11,21,417.8933391524707,418.1722655525636,408.7186214344056,411.2887268066406,20780200,0.83,0.0
1100,2024-11-22 00:00:00-05:00,2024,11,22,409.7944811664486,415.80138553605957,409.4856708735379,415.4029235839844,24814600,0.0,0.0
1101,2024-11-25 00:00:00-05:00,2024,11,25,416.7776323033626,419.46727321033643,413.2611532266888,417.1860656738281,27691100,0.0,0.0
1102,2024-11-26 00:00:00-05:00,2024,11,26,417.98300734363517,427.396826920373,417.24585120009374,426.350830078125,23458900,0.0,0.0
1103,2024-11-27 00:00:00-05:00,2024,11,27,423.48187093647766,425.5937771564677,420.4037088714897,421.3699951171875,18332400,0.0,0.0
1104,2024-11-29 00:00:00-05:00,2024,11,29,418.48107704362025,423.2527401453399,416.1998390930093,421.8381652832031,16271900,0.0,0.0
1105,2024-12-02 00:00:00-05:00,2024,12,2,419.9554423160969,431.3416594246016,419.69642835819553,429.32940673828125,20207200,0.0,0.0
1106,2024-12-03 00:00:00-05:00,2024,12,3,428.19374634076934,430.8136785324232,426.10178307894205,429.5485534667969,18302000,0.0,0.0
1107,2024-12-04 00:00:00-05:00,2024,12,4,431.3715193088951,437.98610309109085,430.973057365549,435.7447204589844,26009400,0.0,0.0
1108,2024-12-05 00:00:00-05:00,2024,12,5,436.24279326556575,442.95696954495514,434.4994957116604,440.9247741699219,21697800,0.0,0.0
1109,2024-12-06 00:00:00-05:00,2024,12,6,440.605999369761,444.3914637865622,440.0780304611881,441.87115478515625,18821000,0.0,0.0
1110,2024-12-09 00:00:00-05:00,2024,12,9,440.90485264962797,446.61288735234007,438.8128895478079,444.3117370605469,19144400,0.0,0.0
1111,2024-12-10 00:00:00-05:00,2024,12,10,442.68804835999237,447.89799856218906,439.9087252497819,441.632080078125,18469500,0.0,0.0
1112,2024-12-11 00:00:00-05:00,2024,12,11,442.34933339299914,448.6252234428676,442.34933339299914,447.2704162597656,19200200,0.0,0.0
1113,2024-12-12 00:00:00-05:00,2024,12,12,447.389907127457,454.4129240722559,447.389907127457,447.83819580078125,20834800,0.0,0.0
1114,2024-12-13 00:00:00-05:00,2024,12,13,446.722508676707,449.7010474581427,443.8734464678006,445.5569763183594,20177800,0.0,0.0
1115,2024-12-16 00:00:00-05:00,2024,12,16,445.5569810702514,450.4481798147897,443.57461233779367,449.8604431152344,23598800,0.0,0.0
1116,2024-12-17 00:00:00-05:00,2024,12,17,449.2826833242326,453.5462901057899,447.84819595840975,452.7194519042969,22733500,0.0,0.0
1117,2024-12-18 00:00:00-05:00,2024,12,18,449.59148560028365,450.9163784238889,435.34623528561843,435.71484375,24444500,0.0,0.0
1118,2024-12-19 00:00:00-05:00,2024,12,19,439.92861811038824,441.4826409757379,434.64892893973837,435.356201171875,22963700,0.0,0.0
1119,2024-12-20 00:00:00-05:00,2024,12,20,431.45120224609855,442.04049490082355,426.988379811487,434.9278564453125,64263700,0.0,0.0
1120,2024-12-23 00:00:00-05:00,2024,12,23,435.06732205874545,435.97384050264867,431.1722932989543,433.5830383300781,19152500,0.0,0.0
1121,2024-12-24 00:00:00-05:00,2024,12,24,432.9853009034494,437.9163547514511,432.52707119819956,437.6473693847656,7164500,0.0,0.0
1122,2024-12-26 00:00:00-05:00,2024,12,26,437.3983540840164,439.2512462781778,434.9577555797017,436.43206787109375,8194200,0.0,0.0
1123,2024-12-27 00:00:00-05:00,2024,12,27,432.9355230391817,433.5531436249425,424.71711987555517,428.881103515625,18117700,0.0,0.0
1124,2024-12-30 00:00:00-05:00,2024,12,30,424.42821148968693,425.91249514442245,420.2841404099869,423.2029113769531,13158700,0.0,0.0
1125,2024-12-31 00:00:00-05:00,2024,12,31,424.4680695178944,425.09566152109494,419.0489019483089,419.88568115234375,13246500,0.0,0.0
1126,2025-01-02 00:00:00-05:00,2025,1,2,423.90026204092493,424.43820240788705,413.2611726539346,416.97686767578125,16896500,0.0,0.0
1127,2025-01-03 00:00:00-05:00,2025,1,3,419.4672816518615,422.40599553232005,417.93320162542307,421.7286071777344,16662900,0.0,0.0
1128,2025-01-06 00:00:00-05:00,2025,1,6,426.3607841744266,432.6565862275622,423.85044657634234,426.21136474609375,20573600,0.0,0.0
1129,2025-01-07 00:00:00-05:00,2025,1,7,427.356962317073,429.00063686122985,419.18835553907815,420.7523498535156,18139100,0.0,0.0
1130,2025-01-08 00:00:00-05:00,2025,1,8,421.8381972488523,425.33476415419165,419.9255676122581,422.9339904785156,15054600,0.0,0.0
1131,2025-01-10 00:00:00-05:00,2025,1,10,423.0036976315441,423.0833778600729,413.4304875422897,417.345458984375,20201100,0.0,0.0
1132,2025-01-13 00:00:00-05:00,2025,1,13,413.6496498082875,416.8971739621178,410.71096634455273,415.5921936035156,17604800,0.0,0.0
1133,2025-01-14 00:00:00-05:00,2025,1,14,416.2098216251219,418.13242259689986,409.1469793562449,414.0780334472656,16935900,0.0,0.0
1134,2025-01-15 00:00:00-05:00,2025,1,15,417.52478252697114,426.51022596326726,416.6680604251186,424.6772766113281,19637800,0.0,0.0
1135,2025-01-16 00:00:00-05:00,2025,1,16,427.0581034768278,427.8450559110229,422.76461308505725,422.953857421875,15300000,0.0,0.0
1136,2025-01-17 00:00:00-05:00,2025,1,17,432.4274897834489,432.816010728012,426.53017961505896,427.3868713378906,26197500,0.0,0.0
1137,2025-01-21 00:00:00-05:00,2025,1,21,428.55235740588927,429.2496581837696,423.96996920550396,426.8588562011719,26085700,0.0,0.0
1138,2025-01-22 00:00:00-05:00,2025,1,22,435.8841949618168,445.55699830786784,434.3301720077898,444.4911193847656,27803800,0.0,0.0
1139,2025-01-23 00:00:00-05:00,2025,1,23,440.30716256200645,445.03897030447143,439.8090775364838,444.9991149902344,18389300,0.0,0.0
1140,2025-01-24 00:00:00-05:00,2025,1,24,443.4550766157881,444.9393603072831,439.70946738545626,442.3592834472656,15549500,0.0,0.0
1141,2025-01-27 00:00:00-05:00,2025,1,27,422.3860783898249,433.5332238334213,421.8780219291722,432.8956604003906,35647800,0.0,0.0
1142,2025-01-28 00:00:00-05:00,2025,1,28,432.93552501884864,446.66274757404807,429.72785612913765,445.4872741699219,23491700,0.0,0.0
1143,2025-01-29 00:00:00-05:00,2025,1,29,444.97921209968376,445.16848684550723,438.7132938317083,440.6358947753906,23581400,0.0,0.0
1144,2025-01-30 00:00:00-05:00,2025,1,30,417.1661258658952,421.24045777086803,411.57762641112805,413.4006042480469,54586300,0.0,0.0
1145,2025-01-31 00:00:00-05:00,2025,1,31,417.37536767699305,419.078810069406,413.32094799383236,413.4703674316406,34223400,0.0,0.0
1146,2025-02-03 00:00:00-05:00,2025,2,3,410.02361028085903,413.819015846871,407.09486781879804,409.3462219238281,25679100,0.0,0.0
1147,2025-02-04 00:00:00-05:00,2025,2,4,411.1094311345796,412.3347312724244,408.1707172498281,410.7906494140625,20532100,0.0,0.0
1148,2025-02-05 00:00:00-05:00,2025,2,5,410.7707509847515,412.2450632912695,408.82820710975375,411.7071533203125,16316700,0.0,0.0
1149,2025-02-06 00:00:00-05:00,2025,2,6,412.41441067873023,416.59833715024297,412.41441067873023,414.2274475097656,16309800,0.0,0.0
1150,2025-02-07 00:00:00-05:00,2025,2,7,414.8849302333569,417.0466023053385,406.5370200109021,408.1806945800781,22886800,0.0,0.0
1151,2025-02-10 00:00:00-05:00,2025,2,10,412.1255190561223,413.8688167120759,409.34622639599064,410.6412353515625,20817900,0.0,0.0
1152,2025-02-11 00:00:00-05:00,2025,2,11,408.0711332799312,410.9101937368833,407.7324086942097,409.8642272949219,18140600,0.0,0.0
1153,2025-02-12 00:00:00-05:00,2025,2,12,405.65041091349894,409.17686151888216,402.82129152637,407.4734191894531,19121700,0.0,0.0
1154,2025-02-13 00:00:00-05:00,2025,2,13,405.4412312140984,409.425911619151,404.80366775695455,408.9676818847656,23891700,0.0,0.0
1155,2025-02-14 00:00:00-05:00,2025,2,14,406.22818963820515,407.3438952203064,404.3255012113121,406.86572265625,22758500,0.0,0.0
1156,2025-02-18 00:00:00-05:00,2025,2,18,406.4374029097933,409.0274512633779,404.94314775203674,408.0711364746094,21423100,0.0,0.0
1157,2025-02-19 00:00:00-05:00,2025,2,19,406.31786140389937,413.8987012007662,406.0887313388178,413.18145751953125,24114200,0.0,0.0
1158,2025-02-20 00:00:00-05:00,2025,2,20,414.52900508229465,418.5416276159257,411.78404435480104,415.3674621582031,23508700,0.83,0.0
1159,2025-02-21 00:00:00-05:00,2025,2,21,416.57521868274245,417.28390907488637,407.14255413255484,407.4619445800781,27524800,0.0,0.0
1160,2025-02-24 00:00:00-05:00,2025,2,24,407.7614192904554,408.6198287275297,398.58825743588903,403.2596740722656,26443700,0.0,0.0
1161,2025-02-25 00:00:00-05:00,2025,2,25,400.3649855487621,401.18349019975926,395.9730546936776,397.17083740234375,29387400,0.0,0.0
1162,2025-02-26 00:00:00-05:00,2025,2,26,397.28064827533655,402.860400830509,393.5275288045757,398.99749755859375,19619000,0.0,0.0
1163,2025-02-27 00:00:00-05:00,2025,2,27,400.53467393026557,404.9964840093174,391.45137377356565,391.8106994628906,21127400,0.0,0.0
1164,2025-02-28 00:00:00-05:00,2025,2,28,391.94046026830176,396.9013540385077,385.86162375466716,396.26251220703125,32845700,0.0,0.0
1165,2025-03-03 00:00:00-05:00,2025,3,3,398.0891633417286,398.0891633417286,385.4523593369203,387.778076171875,23007700,0.0,0.0
1166,2025-03-04 00:00:00-05:00,2025,3,4,382.6974135187692,391.86058386063223,380.30181761040467,387.8978576660156,29342900,0.0,0.0
1167,2025-03-05 00:00:00-05:00,2025,3,5,388.62653647287385,400.9339589862258,388.09750890861034,400.2851257324219,23433100,0.0,0.0
1168,2025-03-06 00:00:00-05:00,2025,3,6,393.557486671848,401.4130601425524,391.9604125552081,396.1627197265625,23304600,0.0,0.0
1169,2025-03-07 00:00:00-05:00,2025,3,7,391.601087821307,394.07652376953155,384.83351327034705,392.5892639160156,22034100,0.0,0.0
1170,2025-03-10 00:00:00-04:00,2025,3,10,385.1329632711281,385.69193466137494,376.5287638766263,379.46337890625,32840100,0.0,0.0
1171,2025-03-11 00:00:00-04:00,2025,3,11,378.30548307291184,385.29265558349334,376.2193166501511,379.7528381347656,30380200,0.0,0.0
1172,2025-03-12 00:00:00-04:00,2025,3,12,382.2482670126177,384.5140963348653,378.2555969008229,382.5676574707031,24253600,0.0,0.0
1173,2025-03-13 00:00:00-04:00,2025,3,13,382.4578672121625,384.6139126915579,376.75833925298997,378.0758972167969,20473000,0.0,0.0
1174,2025-03-14 00:00:00-04:00,2025,3,14,379.0840519928303,389.51491455417886,378.81455773398244,387.84796142578125,19952800,0.0,0.0
1175,2025-03-17 00:00:00-04:00,2025,3,17,385.9913968692823,391.99036302361236,384.8634626840814,387.98773193359375,22474300,0.0,0.0
1176,2025-03-18 00:00:00-04:00,2025,3,18,386.36071271152235,386.6601507855219,380.4016513456866,382.81719970703125,19486900,0.0,0.0
1177,2025-03-19 00:00:00-04:00,2025,3,19,384.8235322758774,388.9659214939022,383.29633715100766,387.1093444824219,19185500,0.0,0.0
1178,2025-03-20 00:00:00-04:00,2025,3,20,385.0331131975468,391.07204471614995,382.5776297310475,386.131103515625,18470500,0.0,0.0
1179,2025-03-21 00:00:00-04:00,2025,3,21,382.5177544739553,391.0221306945889,382.09851071654674,390.54302978515625,39675900,0.0,0.0
1180,2025-03-24 00:00:00-04:00,2025,3,24,394.67543616141086,394.67543616141086,389.09568331150246,392.35968017578125,21004500,0.0,0.0
1181,2025-03-25 00:00:00-04:00,2025,3,25,393.19816458592396,395.63366532055824,391.9205113732519,394.4358825683594,15775000,0.0,0.0
1182,2025-03-26 00:00:00-04:00,2025,3,26,394.27618318122023,394.5856126855185,387.85797313035886,389.2554016113281,16108400,0.0,0.0
1183,2025-03-27 00:00:00-04:00,2025,3,27,389.4151007040484,391.5212195564284,386.6900923994873,389.8642578125,13766800,0.0,0.0
1184,2025-03-28 00:00:00-04:00,2025,3,28,387.36882809704144,388.4169222438939,376.2392666189567,378.1058349609375,21632000,0.0,0.0
1185,2025-03-31 00:00:00-04:00,2025,3,31,371.8573344110368,376.3790320336197,366.5670283067677,374.7021179199219,35184700,0.0,0.0
1186,2025-04-01 00:00:00-04:00,2025,4,1,373.96346276032,382.1484487727996,372.54608191207893,381.4896545410156,19689500,0.0,0.0
1187,2025-04-02 00:00:00-04:00,2025,4,2,377.2773862564683,384.3743428432238,375.92985398533636,381.43975830078125,16092600,0.0,0.0
1188,2025-04-03 00:00:00-04:00,2025,4,3,374.10321411915555,376.788287190408,368.67318036225987,372.42626953125,30198000,0.0,0.0
1189,2025-04-04 00:00:00-04:00,2025,4,4,363.4627502923482,373.9035742050073,358.8212773354498,359.18060302734375,49209900,0.0,0.0
1190,2025-04-07 00:00:00-04:00,2025,4,7,350.2370336524557,370.32015981776436,344.1581969485817,357.2042236328125,50425000,0.0,0.0
1191,2025-04-08 00:00:00-04:00,2025,4,8,367.585185716996,372.9652928837084,349.6081786868937,353.9102783203125,35868900,0.0,0.0
1192,2025-04-09 00:00:00-04:00,2025,4,9,352.8921435234206,392.50941370351666,352.45294739016697,389.7744140625,50199700,0.0,0.0
1193,2025-04-10 00:00:00-04:00,2025,4,10,381.3598744812396,383.19649903483815,367.12599611378243,380.65118408203125,38024400,0.0,0.0
1194,2025-04-11 00:00:00-04:00,2025,4,11,379.9425037151649,389.3352333779351,378.19571053548395,387.7381896972656,23839200,0.0,0.0
1195,2025-04-14 00:00:00-04:00,2025,4,14,392.4994245329486,393.92679674338564,383.5059256339463,387.0993347167969,19251200,0.0,0.0
1196,2025-04-15 00:00:00-04:00,2025,4,15,387.79806728846995,391.17187833074144,383.4560325474498,385.0231628417969,17199900,0.0,0.0
1197,2025-04-16 00:00:00-04:00,2025,4,16,379.97244183574617,380.9106912763521,367.32564600100716,370.92901611328125,21967800,0.0,0.0
1198,2025-04-17 00:00:00-04:00,2025,4,17,373.0651098854367,373.6340726815441,366.2176953329466,367.1060485839844,20943700,0.0,0.0
1199,2025-04-21 00:00:00-04:00,2025,4,21,362.1551460624454,363.8121077971333,355.01825440362086,358.4619140625,20807300,0.0,0.0
1200,2025-04-22 00:00:00-04:00,2025,4,22,362.7141283475077,367.09606804173376,359.20055908423666,366.1478271484375,19485000,0.0,0.0
1201,2025-04-23 00:00:00-04:00,2025,4,23,375.3708716590499,379.6929540391626,372.33643389707953,373.7039489746094,20545500,0.0,0.0
1202,2025-04-24 00:00:00-04:00,2025,4,24,375.01155205300716,387.7381880213899,374.5024768665421,386.59027099609375,22232300,0.0,0.0
1203,2025-04-25 00:00:00-04:00,2025,4,25,386.29083932956814,391.44138750936105,383.8952433175299,391.1319580078125,18973200,0.0,0.0
1204,2025-04-28 00:00:00-04:00,2025,4,28,391.241728610284,392.0202980494585,385.9315006090283,390.4432067871094,16579400,0.0,0.0
1205,2025-04-29 00:00:00-04:00,2025,4,29,390.5829324517716,394.3759872470841,389.66463540586307,393.31793212890625,14974000,0.0,0.0
1206,2025-04-30 00:00:00-04:00,2025,4,30,389.58477271143016,395.93313400867555,383.73552563819743,394.53570556640625,36461100,0.0,0.0
1207,2025-05-01 00:00:00-04:00,2025,5,1,430.3199808366381,436.1892106723326,424.12136912560175,424.6204528808594,58938100,0.0,0.0
1208,2025-05-02 00:00:00-04:00,2025,5,2,430.948839257634,438.63474141621873,429.20204608174254,434.48236083984375,30757400,0.0,0.0
1209,2025-05-05 00:00:00-04:00,2025,5,5,432.07675654489867,438.6946118778074,431.3181395047298,435.3707275390625,20136100,0.0,0.0
1210,2025-05-06 00:00:00-04:00,2025,5,6,431.408009380462,436.92787448428356,430.3798980651205,432.5159606933594,15104200,0.0,0.0
1211,2025-05-07 00:00:00-04:00,2025,5,7,433.04500054847074,437.3171563878889,430.319992206568,432.555908203125,23295300,0.0,0.0
1212,2025-05-08 00:00:00-04:00,2025,5,8,437.12748451655574,442.85698666150637,434.86165526525525,437.3670654296875,23491300,0.0,0.0
1213,2025-05-09 00:00:00-04:00,2025,5,9,439.19371771814804,439.93235195021686,435.08127232610667,437.9260559082031,15324200,0.0,0.0
1214,2025-05-12 00:00:00-04:00,2025,5,12,445.12281367736733,448.5465208630377,438.9740982732109,448.4367370605469,22821900,0.0,0.0
1215,2025-05-13 00:00:00-04:00,2025,5,13,446.9594623818115,449.8441812103938,444.54388351816056,448.3169860839844,23618800,0.0,0.0
1216,2025-05-14 00:00:00-04:00,2025,5,14,447.3187935842875,453.0682176126866,447.3187935842875,452.1099853515625,19902800,0.0,0.0
1217,2025-05-15 00:00:00-04:00,2025,5,15,450.7699890136719,456.19000244140625,450.42999267578125,453.1300048828125,21992300,0.83,0.0
1218,2025-05-16 00:00:00-04:00,2025,5,16,452.04998779296875,454.3599853515625,448.7300109863281,454.2699890136719,23849800,0.0,0.0
1219,2025-05-19 00:00:00-04:00,2025,5,19,450.8800048828125,459.5899963378906,450.79998779296875,458.8699951171875,21336500,0.0,0.0
1220,2025-05-20 00:00:00-04:00,2025,5,20,455.5899963378906,458.3399963378906,454.32000732421875,458.1700134277344,15441800,0.0,0.0
1221,2025-05-21 00:00:00-04:00,2025,5,21,454.57000732421875,457.7799987792969,451.80999755859375,452.57000732421875,19216900,0.0,0.0
1222,2025-05-22 00:00:00-04:00,2025,5,22,454.95001220703125,460.25,453.8999938964844,454.8599853515625,18025600,0.0,0.0
1223,2025-05-23 00:00:00-04:00,2025,5,23,449.9800109863281,453.69000244140625,448.9100036621094,450.17999267578125,16883500,0.0,0.0
1224,2025-05-27 00:00:00-04:00,2025,5,27,456.4800109863281,460.95001220703125,456.1199951171875,460.69000244140625,20974300,0.0,0.0
1225,2025-05-28 00:00:00-04:00,2025,5,28,461.2200012207031,462.5199890136719,456.92999267578125,457.3599853515625,17086300,0.0,0.0
1226,2025-05-29 00:00:00-04:00,2025,5,29,461.54998779296875,461.7200012207031,455.30999755859375,458.67999267578125,13974800,0.0,0.0
1227,2025-05-30 00:00:00-04:00,2025,5,30,459.7200012207031,461.67999267578125,455.5400085449219,460.3599853515625,34770500,0.0,0.0
1228,2025-06-02 00:00:00-04:00,2025,6,2,457.1400146484375,462.1099853515625,456.8900146484375,461.9700012207031,16626500,0.0,0.0
1229,2025-06-03 00:00:00-04:00,2025,6,3,461.4700012207031,464.1400146484375,460.8599853515625,462.9700012207031,15743800,0.0,0.0
1230,2025-06-04 00:00:00-04:00,2025,6,4,464.0,465.69000244140625,463.0199890136719,463.8699951171875,14162700,0.0,0.0
1231,2025-06-05 00:00:00-04:00,2025,6,5,464.9599914550781,469.6499938964844,464.0299987792969,467.67999267578125,20131700,0.0,0.0
1232,2025-06-06 00:00:00-04:00,2025,6,6,470.0899963378906,473.3399963378906,468.7799987792969,470.3800048828125,15285600,0.0,0.0
1233,2025-06-09 00:00:00-04:00,2025,6,9,469.70001220703125,473.42999267578125,468.6199951171875,472.75,16469900,0.0,0.0
1234,2025-06-10 00:00:00-04:00,2025,6,10,471.19000244140625,472.79998779296875,466.9599914550781,470.9200134277344,15375900,0.0,0.0
1235,2025-06-11 00:00:00-04:00,2025,6,11,470.0199890136719,475.4700012207031,469.6600036621094,472.6199951171875,16399200,0.0,0.0
1236,2025-06-12 00:00:00-04:00,2025,6,12,475.0199890136719,480.4200134277344,473.5199890136719,478.8699951171875,18950600,0.0,0.0
1237,2025-06-13 00:00:00-04:00,2025,6,13,476.4100036621094,479.17999267578125,472.760009765625,474.9599914550781,16814500,0.0,0.0
1238,2025-06-16 00:00:00-04:00,2025,6,16,475.2099914550781,480.69000244140625,475.0,479.1400146484375,15626100,0.0,0.0
1239,2025-06-17 00:00:00-04:00,2025,6,17,475.3999938964844,478.739990234375,474.0799865722656,478.0400085449219,15414100,0.0,0.0
1240,2025-06-18 00:00:00-04:00,2025,6,18,478.0,481.0,474.4599914550781,480.239990234375,17526500,0.0,0.0
1241,2025-06-20 00:00:00-04:00,2025,6,20,482.2300109863281,483.4599914550781,476.8699951171875,477.3999938964844,37576200,0.0,0.0
1242,2025-06-23 00:00:00-04:00,2025,6,23,478.2099914550781,487.75,472.510009765625,486.0,24864000,0.0,0.0
1243,2025-06-24 00:00:00-04:00,2025,6,24,488.95001220703125,491.8500061035156,486.79998779296875,490.1099853515625,22305600,0.0,0.0
1244,2025-06-25 00:00:00-04:00,2025,6,25,492.0400085449219,494.55999755859375,489.3900146484375,492.2699890136719,17495100,0.0,0.0
1245,2025-06-26 00:00:00-04:00,2025,6,26,492.9800109863281,498.0400085449219,492.80999755859375,497.45001220703125,21578900,0.0,0.0
1246,2025-06-27 00:00:00-04:00,2025,6,27,497.54998779296875,499.29998779296875,493.0299987792969,495.94000244140625,34539200,0.0,0.0
1247,2025-06-30 00:00:00-04:00,2025,6,30,497.0400085449219,500.760009765625,495.3299865722656,497.4100036621094,28369000,0.0,0.0
1248,2025-07-01 00:00:00-04:00,2025,7,1,496.4700012207031,498.04998779296875,490.9800109863281,492.04998779296875,19945400,0.0,0.0
1249,2025-07-02 00:00:00-04:00,2025,7,2,489.989990234375,493.5,488.70001220703125,491.0899963378906,16319600,0.0,0.0
1250,2025-07-03 00:00:00-04:00,2025,7,3,493.80999755859375,500.1300048828125,493.44000244140625,498.8399963378906,13984800,0.0,0.0
1251,2025-07-07 00:00:00-04:00,2025,7,7,497.3800048828125,498.75,495.2300109863281,497.7200012207031,13981600,0.0,0.0
1252,2025-07-08 00:00:00-04:00,2025,7,8,497.239990234375,498.20001220703125,494.1099853515625,496.6199951171875,11846600,0.0,0.0
1253,2025-07-09 00:00:00-04:00,2025,7,9,500.29998779296875,506.7799987792969,499.739990234375,503.510009765625,18659500,0.0,0.0
1254,2025-07-10 00:00:00-04:00,2025,7,10,503.04998779296875,504.44000244140625,497.75,501.4800109863281,16492100,0.0,0.0
1255,2025-07-11 00:00:00-04:00,2025,7,11,498.4700012207031,505.0299987792969,497.79998779296875,503.32000732421875,16455000,0.0,0.0
