,company_name,date_bourse,open_price,close_price,low_price,high_price,finnhubIndustry,mean_sell,mean_strongBuy,mean_strongSell,insider_sentiment,company_posit_dist_percet,company_negat_dist_percet,country_posit_dist_percet,country_negat_dist_percet,analyst_sentiment_distribution,analyst_price_target,volume_action,this_month_most_direction,last_month_most_direction,year_to_date_direction,one_year_rolling_period_most_direction,five_year_rolling_period_most_direction,this_month_trend,last_month_trend,year_to_date_trend,one_year_rolling_trend,five_year_rollingtrend,this_month_volume,last_month_volume,year_to_date_volume,one_year_rolling_volume,five_year_rolling_volume,analyst_recommendation_of_the_month,decision_pack,decision_label,decision_score
8,anf,2025-07-21,94.61000061035156,94.75,93.98999786376953,96.4000015258789,Retail,0.0,1.0,0.0,1,0.7777777777777778,0.2222222222222222,0.39,0.61,"{'mean_sentiment': '0.75', 'positif': '75.00', 'negatifs': '25.00'}","{'current': 94.75, 'high': 141.0, 'low': 82.0, 'mean': 113.36889, 'median': 119.32}",647769,Up,Up,Down,Down,Up,Bullish,Bullish,Bearish,Bearish,Stagnant,Very bearish,Very bearish,Very bearish,Very bearish,Very bullish,hold,"{'decision': 'sell', 'score_total': -1.691, 'details': [{'critere': 'Analyst recommendation', 'score': 0, 'raison': 'Reco du mois = hold'}, {'critere': 'StrongBuy distribution', 'score': 1.0, 'raison': 'mean_strongBuy=1.0'}, {'critere': 'StrongSell distribution', 'score': -0.0, 'raison': 'mean_strongSell=-0.0'}, {'critere': 'Gap between actual price and the LOW analyst price target', 'score': -0.135, 'raison': '(82.0 - 94.75) / 94.75=-0.1345646437994723'}, {'critere': 'Gap between actual price and the HIGH analyst price target', 'score': 0.488, 'raison': '(141.0 - 94.75) / 94.75=0.48812664907651715'}, {'critere': 'Gap between actual price and the MEDIAN analyst price target', 'score': 0.259, 'raison': '(119.32 - 94.75) / 94.75=0.25931398416886536'}, {'critere': 'Gap between actual price and the MEAN analyst price target', 'score': 0.197, 'raison': '(113.36889 - 94.75) / 94.75=0.19650543535620046'}, {'critere': 'Price Trend (this month)', 'score': 0.5, 'raison': 'this_month_trend=Bullish'}, {'critere': 'Price Trend (last month)', 'score': 0.5, 'raison': 'last_month_trend=Bullish'}, {'critere': 'Price Trend (YTD)', 'score': -0.5, 'raison': 'year_to_date_trend=Bearish'}, {'critere': 'Price Trend (1Y rolling)', 'score': -0.5, 'raison': 'one_year_rolling_trend=Bearish'}, {'critere': 'Price Trend (5Y rolling)', 'score': 0, 'raison': 'five_year_rollingtrend=Stagnant'}, {'critere': 'Volume Trend (this month)', 'score': -2, 'raison': 'this_month_volume=Very bearish'}, {'critere': 'Volume Trend (last month)', 'score': -2, 'raison': 'last_month_volume=Very bearish'}, {'critere': 'Volume Trend (YTD)', 'score': -2, 'raison': 'year_to_date_volume=Very bearish'}, {'critere': 'Volume Trend (1Y rolling)', 'score': -2, 'raison': 'one_year_rolling_volume=Very bearish'}, {'critere': 'Volume Trend (5Y rolling)', 'score': 2, 'raison': 'five_year_rolling_volume=Very bullish'}, {'critere': 'Most slope direction (this month)', 'score': 1, 'raison': 'this_month_most_direction=Up'}, {'critere': 'Most slope direction (last month)', 'score': 1, 'raison': 'last_month_most_direction=Up'}, {'critere': 'Most slope direction (YTD)', 'score': -1, 'raison': 'year_to_date_direction=Down'}, {'critere': 'Most slope direction (1Y rolling)', 'score': -1, 'raison': 'one_year_rolling_period_most_direction=Down'}, {'critere': 'Most slope direction (5Y rolling)', 'score': 1, 'raison': 'five_year_rolling_period_most_direction=Up'}, {'critere': 'Company news sentiment', 'score': 0.5, 'raison': 'diff=0.56 ≥ 0.25'}, {'critere': 'Country news sentiment', 'score': 0, 'raison': 'diff=-0.22 neutre'}, {'critere': 'Insider sentiment', 'score': 1, 'raison': 'insider_sentiment=1'}]}",sell,-1.691
9,anf,2025-07-22,95.81999969482422,96.1299972534,94.0,97.0,Retail,0.0,1.0,0.0,1,0.9,0.1,0.4,0.6,"{'mean_sentiment': '0.75', 'positif': '75.00', 'negatifs': '25.00'}","{'current': 96.13, 'high': 141.0, 'low': 82.0, 'mean': 113.36889, 'median': 119.32}",1056657,Up,Up,Down,Down,Up,Bullish,Bullish,Bearish,Bearish,Stagnant,Very bearish,Very bearish,Very bearish,Very bearish,Very bullish,hold,"{'decision': 'sell', 'score_total': -1.76, 'details': [{'critere': 'Analyst recommendation', 'score': 0, 'raison': 'Reco du mois = hold'}, {'critere': 'StrongBuy distribution', 'score': 1.0, 'raison': 'mean_strongBuy=1.0'}, {'critere': 'StrongSell distribution', 'score': -0.0, 'raison': 'mean_strongSell=-0.0'}, {'critere': 'Gap between actual price and the LOW analyst price target', 'score': -0.147, 'raison': '(82.0 - 96.13) / 96.13=-0.1469884531363778'}, {'critere': 'Gap between actual price and the HIGH analyst price target', 'score': 0.467, 'raison': '(141.0 - 96.13) / 96.13=0.46676375741183823'}, {'critere': 'Gap between actual price and the MEDIAN analyst price target', 'score': 0.241, 'raison': '(119.32 - 96.13) / 96.13=0.24123582648496825'}, {'critere': 'Gap between actual price and the MEAN analyst price target', 'score': 0.179, 'raison': '(113.36889 - 96.13) / 96.13=0.17932892957453447'}, {'critere': 'Price Trend (this month)', 'score': 0.5, 'raison': 'this_month_trend=Bullish'}, {'critere': 'Price Trend (last month)', 'score': 0.5, 'raison': 'last_month_trend=Bullish'}, {'critere': 'Price Trend (YTD)', 'score': -0.5, 'raison': 'year_to_date_trend=Bearish'}, {'critere': 'Price Trend (1Y rolling)', 'score': -0.5, 'raison': 'one_year_rolling_trend=Bearish'}, {'critere': 'Price Trend (5Y rolling)', 'score': 0, 'raison': 'five_year_rollingtrend=Stagnant'}, {'critere': 'Volume Trend (this month)', 'score': -2, 'raison': 'this_month_volume=Very bearish'}, {'critere': 'Volume Trend (last month)', 'score': -2, 'raison': 'last_month_volume=Very bearish'}, {'critere': 'Volume Trend (YTD)', 'score': -2, 'raison': 'year_to_date_volume=Very bearish'}, {'critere': 'Volume Trend (1Y rolling)', 'score': -2, 'raison': 'one_year_rolling_volume=Very bearish'}, {'critere': 'Volume Trend (5Y rolling)', 'score': 2, 'raison': 'five_year_rolling_volume=Very bullish'}, {'critere': 'Most slope direction (this month)', 'score': 1, 'raison': 'this_month_most_direction=Up'}, {'critere': 'Most slope direction (last month)', 'score': 1, 'raison': 'last_month_most_direction=Up'}, {'critere': 'Most slope direction (YTD)', 'score': -1, 'raison': 'year_to_date_direction=Down'}, {'critere': 'Most slope direction (1Y rolling)', 'score': -1, 'raison': 'one_year_rolling_period_most_direction=Down'}, {'critere': 'Most slope direction (5Y rolling)', 'score': 1, 'raison': 'five_year_rolling_period_most_direction=Up'}, {'critere': 'Company news sentiment', 'score': 0.5, 'raison': 'diff=0.80 ≥ 0.25'}, {'critere': 'Country news sentiment', 'score': 0, 'raison': 'diff=-0.20 neutre'}, {'critere': 'Insider sentiment', 'score': 1, 'raison': 'insider_sentiment=1'}]}",sell,-1.76
10,anf,2025-07-23,97.19000244140625,95.0599975586,93.66000366210938,97.26000213623047,Retail,0.0,1.0,0.0,1,0.8,0.2,0.4,0.6,"{'mean_sentiment': '0.75', 'positif': '75.00', 'negatifs': '25.00'}","{'current': 95.06, 'high': 141.0, 'low': 82.0, 'mean': 113.36889, 'median': 119.32}",1410328,Up,Up,Down,Down,Up,Bullish,Bullish,Bearish,Bearish,Stagnant,Very bearish,Very bearish,Very bearish,Very bearish,Very bullish,hold,"{'decision': 'sell', 'score_total': -1.706, 'details': [{'critere': 'Analyst recommendation', 'score': 0, 'raison': 'Reco du mois = hold'}, {'critere': 'StrongBuy distribution', 'score': 1.0, 'raison': 'mean_strongBuy=1.0'}, {'critere': 'StrongSell distribution', 'score': -0.0, 'raison': 'mean_strongSell=-0.0'}, {'critere': 'Gap between actual price and the LOW analyst price target', 'score': -0.137, 'raison': '(82.0 - 95.06) / 95.06=-0.13738691352829793'}, {'critere': 'Gap between actual price and the HIGH analyst price target', 'score': 0.483, 'raison': '(141.0 - 95.06) / 95.06=0.48327372185987794'}, {'critere': 'Gap between actual price and the MEDIAN analyst price target', 'score': 0.255, 'raison': '(119.32 - 95.06) / 95.06=0.25520723753418884'}, {'critere': 'Gap between actual price and the MEAN analyst price target', 'score': 0.193, 'raison': '(113.36889 - 95.06) / 95.06=0.1926035135703765'}, {'critere': 'Price Trend (this month)', 'score': 0.5, 'raison': 'this_month_trend=Bullish'}, {'critere': 'Price Trend (last month)', 'score': 0.5, 'raison': 'last_month_trend=Bullish'}, {'critere': 'Price Trend (YTD)', 'score': -0.5, 'raison': 'year_to_date_trend=Bearish'}, {'critere': 'Price Trend (1Y rolling)', 'score': -0.5, 'raison': 'one_year_rolling_trend=Bearish'}, {'critere': 'Price Trend (5Y rolling)', 'score': 0, 'raison': 'five_year_rollingtrend=Stagnant'}, {'critere': 'Volume Trend (this month)', 'score': -2, 'raison': 'this_month_volume=Very bearish'}, {'critere': 'Volume Trend (last month)', 'score': -2, 'raison': 'last_month_volume=Very bearish'}, {'critere': 'Volume Trend (YTD)', 'score': -2, 'raison': 'year_to_date_volume=Very bearish'}, {'critere': 'Volume Trend (1Y rolling)', 'score': -2, 'raison': 'one_year_rolling_volume=Very bearish'}, {'critere': 'Volume Trend (5Y rolling)', 'score': 2, 'raison': 'five_year_rolling_volume=Very bullish'}, {'critere': 'Most slope direction (this month)', 'score': 1, 'raison': 'this_month_most_direction=Up'}, {'critere': 'Most slope direction (last month)', 'score': 1, 'raison': 'last_month_most_direction=Up'}, {'critere': 'Most slope direction (YTD)', 'score': -1, 'raison': 'year_to_date_direction=Down'}, {'critere': 'Most slope direction (1Y rolling)', 'score': -1, 'raison': 'one_year_rolling_period_most_direction=Down'}, {'critere': 'Most slope direction (5Y rolling)', 'score': 1, 'raison': 'five_year_rolling_period_most_direction=Up'}, {'critere': 'Company news sentiment', 'score': 0.5, 'raison': 'diff=0.60 ≥ 0.25'}, {'critere': 'Country news sentiment', 'score': 0, 'raison': 'diff=-0.20 neutre'}, {'critere': 'Insider sentiment', 'score': 1, 'raison': 'insider_sentiment=1'}]}",sell,-1.706
12,anf,2025-07-25,94.30999755859375,92.3399963379,90.69000244140625,95.13999938964844,Retail,0.0,1.0,0.0,1,0.6,0.4,0.44,0.56,"{'mean_sentiment': '0.75', 'positif': '75.00', 'negatifs': '25.00'}","{'current': 92.34, 'high': 141.0, 'low': 82.0, 'mean': 113.36889, 'median': 119.32}",1311800,Up,Up,Down,Down,Up,Bullish,Bullish,Bearish,Stagnant,Stagnant,Very bearish,Very bearish,Very bearish,Very bearish,Very bullish,hold,"{'decision': 'sell', 'score_total': -1.565, 'details': [{'critere': 'Analyst recommendation', 'score': 0, 'raison': 'Reco du mois = hold'}, {'critere': 'StrongBuy distribution', 'score': 1.0, 'raison': 'mean_strongBuy=1.0'}, {'critere': 'StrongSell distribution', 'score': -0.0, 'raison': 'mean_strongSell=-0.0'}, {'critere': 'Gap between actual price and the LOW analyst price target', 'score': -0.112, 'raison': '(82.0 - 92.34) / 92.34=-0.111977474550574'}, {'critere': 'Gap between actual price and the HIGH analyst price target', 'score': 0.527, 'raison': '(141.0 - 92.34) / 92.34=0.5269655620532813'}, {'critere': 'Gap between actual price and the MEDIAN analyst price target', 'score': 0.292, 'raison': '(119.32 - 92.34) / 92.34=0.29218106995884763'}, {'critere': 'Gap between actual price and the MEAN analyst price target', 'score': 0.228, 'raison': '(113.36889 - 92.34) / 92.34=0.22773326835607527'}, {'critere': 'Price Trend (this month)', 'score': 0.5, 'raison': 'this_month_trend=Bullish'}, {'critere': 'Price Trend (last month)', 'score': 0.5, 'raison': 'last_month_trend=Bullish'}, {'critere': 'Price Trend (YTD)', 'score': -0.5, 'raison': 'year_to_date_trend=Bearish'}, {'critere': 'Price Trend (1Y rolling)', 'score': 0, 'raison': 'one_year_rolling_trend=Stagnant'}, {'critere': 'Price Trend (5Y rolling)', 'score': 0, 'raison': 'five_year_rollingtrend=Stagnant'}, {'critere': 'Volume Trend (this month)', 'score': -2, 'raison': 'this_month_volume=Very bearish'}, {'critere': 'Volume Trend (last month)', 'score': -2, 'raison': 'last_month_volume=Very bearish'}, {'critere': 'Volume Trend (YTD)', 'score': -2, 'raison': 'year_to_date_volume=Very bearish'}, {'critere': 'Volume Trend (1Y rolling)', 'score': -2, 'raison': 'one_year_rolling_volume=Very bearish'}, {'critere': 'Volume Trend (5Y rolling)', 'score': 2, 'raison': 'five_year_rolling_volume=Very bullish'}, {'critere': 'Most slope direction (this month)', 'score': 1, 'raison': 'this_month_most_direction=Up'}, {'critere': 'Most slope direction (last month)', 'score': 1, 'raison': 'last_month_most_direction=Up'}, {'critere': 'Most slope direction (YTD)', 'score': -1, 'raison': 'year_to_date_direction=Down'}, {'critere': 'Most slope direction (1Y rolling)', 'score': -1, 'raison': 'one_year_rolling_period_most_direction=Down'}, {'critere': 'Most slope direction (5Y rolling)', 'score': 1, 'raison': 'five_year_rolling_period_most_direction=Up'}, {'critere': 'Company news sentiment', 'score': 0, 'raison': 'diff=0.20 neutre'}, {'critere': 'Country news sentiment', 'score': 0, 'raison': 'diff=-0.12 neutre'}, {'critere': 'Insider sentiment', 'score': 1, 'raison': 'insider_sentiment=1'}]}",sell,-1.565
13,anf,2025-07-28,94.1999969482,97.6299972534,93.6750030518,98.7600021362,Retail,0.0,1.0,0.0,1,0.6,0.4,0.4,0.6,"{'mean_sentiment': '0.75', 'positif': '75.00', 'negatifs': '25.00'}","{'current': 97.63, 'high': 141.0, 'low': 82.0, 'mean': 112.625, 'median': 115.0}",2002400,Up,Up,Down,Down,Up,Bullish,Bullish,Bearish,Stagnant,Stagnant,Very bearish,Very bearish,Very bearish,Very bearish,Very bullish,hold,"{'decision': 'sell', 'score_total': -1.884, 'details': [{'critere': 'Analyst recommendation', 'score': 0, 'raison': 'Reco du mois = hold'}, {'critere': 'StrongBuy distribution', 'score': 1.0, 'raison': 'mean_strongBuy=1.0'}, {'critere': 'StrongSell distribution', 'score': -0.0, 'raison': 'mean_strongSell=-0.0'}, {'critere': 'Gap between actual price and the LOW analyst price target', 'score': -0.16, 'raison': '(82.0 - 97.63) / 97.63=-0.16009423332991904'}, {'critere': 'Gap between actual price and the HIGH analyst price target', 'score': 0.444, 'raison': '(141.0 - 97.63) / 97.63=0.44422820854245626'}, {'critere': 'Gap between actual price and the MEDIAN analyst price target', 'score': 0.178, 'raison': '(115.0 - 97.63) / 97.63=0.17791662398852817'}, {'critere': 'Gap between actual price and the MEAN analyst price target', 'score': 0.154, 'raison': '(112.625 - 97.63) / 97.63=0.15359008501485205'}, {'critere': 'Price Trend (this month)', 'score': 0.5, 'raison': 'this_month_trend=Bullish'}, {'critere': 'Price Trend (last month)', 'score': 0.5, 'raison': 'last_month_trend=Bullish'}, {'critere': 'Price Trend (YTD)', 'score': -0.5, 'raison': 'year_to_date_trend=Bearish'}, {'critere': 'Price Trend (1Y rolling)', 'score': 0, 'raison': 'one_year_rolling_trend=Stagnant'}, {'critere': 'Price Trend (5Y rolling)', 'score': 0, 'raison': 'five_year_rollingtrend=Stagnant'}, {'critere': 'Volume Trend (this month)', 'score': -2, 'raison': 'this_month_volume=Very bearish'}, {'critere': 'Volume Trend (last month)', 'score': -2, 'raison': 'last_month_volume=Very bearish'}, {'critere': 'Volume Trend (YTD)', 'score': -2, 'raison': 'year_to_date_volume=Very bearish'}, {'critere': 'Volume Trend (1Y rolling)', 'score': -2, 'raison': 'one_year_rolling_volume=Very bearish'}, {'critere': 'Volume Trend (5Y rolling)', 'score': 2, 'raison': 'five_year_rolling_volume=Very bullish'}, {'critere': 'Most slope direction (this month)', 'score': 1, 'raison': 'this_month_most_direction=Up'}, {'critere': 'Most slope direction (last month)', 'score': 1, 'raison': 'last_month_most_direction=Up'}, {'critere': 'Most slope direction (YTD)', 'score': -1, 'raison': 'year_to_date_direction=Down'}, {'critere': 'Most slope direction (1Y rolling)', 'score': -1, 'raison': 'one_year_rolling_period_most_direction=Down'}, {'critere': 'Most slope direction (5Y rolling)', 'score': 1, 'raison': 'five_year_rolling_period_most_direction=Up'}, {'critere': 'Company news sentiment', 'score': 0, 'raison': 'diff=0.20 neutre'}, {'critere': 'Country news sentiment', 'score': 0, 'raison': 'diff=-0.20 neutre'}, {'critere': 'Insider sentiment', 'score': 1, 'raison': 'insider_sentiment=1'}]}",sell,-1.884
14,anf,2025-07-29,99.8199996948,97.9639968872,96.5400009155,100.75,Retail,0.0,1.0,0.0,1,0.5714285714285714,0.42857142857142855,0.39,0.61,"{'mean_sentiment': '0.75', 'positif': '75.00', 'negatifs': '25.00'}","{'current': 97.964, 'high': 151.0, 'low': 82.0, 'mean': 113.875, 'median': 115.0}",1815038,Up,Up,Down,Down,Up,Bullish,Bullish,Bearish,Stagnant,Stagnant,Very bearish,Very bearish,Very bearish,Very bearish,Very bullish,hold,"{'decision': 'sell', 'score_total': -1.785, 'details': [{'critere': 'Analyst recommendation', 'score': 0, 'raison': 'Reco du mois = hold'}, {'critere': 'StrongBuy distribution', 'score': 1.0, 'raison': 'mean_strongBuy=1.0'}, {'critere': 'StrongSell distribution', 'score': -0.0, 'raison': 'mean_strongSell=-0.0'}, {'critere': 'Gap between actual price and the LOW analyst price target', 'score': -0.163, 'raison': '(82.0 - 97.964) / 97.964=-0.16295782124045566'}, {'critere': 'Gap between actual price and the HIGH analyst price target', 'score': 0.541, 'raison': '(151.0 - 97.964) / 97.964=0.541382548691356'}, {'critere': 'Gap between actual price and the MEDIAN analyst price target', 'score': 0.174, 'raison': '(115.0 - 97.964) / 97.964=0.1739006165530195'}, {'critere': 'Gap between actual price and the MEAN analyst price target', 'score': 0.162, 'raison': '(113.875 - 97.964) / 97.964=0.16241680617369647'}, {'critere': 'Price Trend (this month)', 'score': 0.5, 'raison': 'this_month_trend=Bullish'}, {'critere': 'Price Trend (last month)', 'score': 0.5, 'raison': 'last_month_trend=Bullish'}, {'critere': 'Price Trend (YTD)', 'score': -0.5, 'raison': 'year_to_date_trend=Bearish'}, {'critere': 'Price Trend (1Y rolling)', 'score': 0, 'raison': 'one_year_rolling_trend=Stagnant'}, {'critere': 'Price Trend (5Y rolling)', 'score': 0, 'raison': 'five_year_rollingtrend=Stagnant'}, {'critere': 'Volume Trend (this month)', 'score': -2, 'raison': 'this_month_volume=Very bearish'}, {'critere': 'Volume Trend (last month)', 'score': -2, 'raison': 'last_month_volume=Very bearish'}, {'critere': 'Volume Trend (YTD)', 'score': -2, 'raison': 'year_to_date_volume=Very bearish'}, {'critere': 'Volume Trend (1Y rolling)', 'score': -2, 'raison': 'one_year_rolling_volume=Very bearish'}, {'critere': 'Volume Trend (5Y rolling)', 'score': 2, 'raison': 'five_year_rolling_volume=Very bullish'}, {'critere': 'Most slope direction (this month)', 'score': 1, 'raison': 'this_month_most_direction=Up'}, {'critere': 'Most slope direction (last month)', 'score': 1, 'raison': 'last_month_most_direction=Up'}, {'critere': 'Most slope direction (YTD)', 'score': -1, 'raison': 'year_to_date_direction=Down'}, {'critere': 'Most slope direction (1Y rolling)', 'score': -1, 'raison': 'one_year_rolling_period_most_direction=Down'}, {'critere': 'Most slope direction (5Y rolling)', 'score': 1, 'raison': 'five_year_rolling_period_most_direction=Up'}, {'critere': 'Company news sentiment', 'score': 0, 'raison': 'diff=0.14 neutre'}, {'critere': 'Country news sentiment', 'score': 0, 'raison': 'diff=-0.22 neutre'}, {'critere': 'Insider sentiment', 'score': 1, 'raison': 'insider_sentiment=1'}]}",sell,-1.785
15,anf,2025-07-30,98.5100021362,99.6449966431,95.8600006104,100.0199966431,Retail,0.0,1.0,0.0,1,0.5454545454545454,0.45454545454545453,0.31,0.69,"{'mean_sentiment': '0.75', 'positif': '75.00', 'negatifs': '25.00'}","{'current': 99.645, 'high': 151.0, 'low': 82.0, 'mean': 113.875, 'median': 115.0}",977283,Up,Up,Down,Down,Up,Bullish,Bullish,Bearish,Stagnant,Stagnant,Very bearish,Very bearish,Very bearish,Very bearish,Very bullish,hold,"{'decision': 'sell', 'score_total': -2.365, 'details': [{'critere': 'Analyst recommendation', 'score': 0, 'raison': 'Reco du mois = hold'}, {'critere': 'StrongBuy distribution', 'score': 1.0, 'raison': 'mean_strongBuy=1.0'}, {'critere': 'StrongSell distribution', 'score': -0.0, 'raison': 'mean_strongSell=-0.0'}, {'critere': 'Gap between actual price and the LOW analyst price target', 'score': -0.177, 'raison': '(82.0 - 99.645) / 99.645=-0.17707862913342362'}, {'critere': 'Gap between actual price and the HIGH analyst price target', 'score': 0.515, 'raison': '(151.0 - 99.645) / 99.645=0.5153795975713784'}, {'critere': 'Gap between actual price and the MEDIAN analyst price target', 'score': 0.154, 'raison': '(115.0 - 99.645) / 99.645=0.15409704450800346'}, {'critere': 'Gap between actual price and the MEAN analyst price target', 'score': 0.143, 'raison': '(113.875 - 99.645) / 99.645=0.142806964724773'}, {'critere': 'Price Trend (this month)', 'score': 0.5, 'raison': 'this_month_trend=Bullish'}, {'critere': 'Price Trend (last month)', 'score': 0.5, 'raison': 'last_month_trend=Bullish'}, {'critere': 'Price Trend (YTD)', 'score': -0.5, 'raison': 'year_to_date_trend=Bearish'}, {'critere': 'Price Trend (1Y rolling)', 'score': 0, 'raison': 'one_year_rolling_trend=Stagnant'}, {'critere': 'Price Trend (5Y rolling)', 'score': 0, 'raison': 'five_year_rollingtrend=Stagnant'}, {'critere': 'Volume Trend (this month)', 'score': -2, 'raison': 'this_month_volume=Very bearish'}, {'critere': 'Volume Trend (last month)', 'score': -2, 'raison': 'last_month_volume=Very bearish'}, {'critere': 'Volume Trend (YTD)', 'score': -2, 'raison': 'year_to_date_volume=Very bearish'}, {'critere': 'Volume Trend (1Y rolling)', 'score': -2, 'raison': 'one_year_rolling_volume=Very bearish'}, {'critere': 'Volume Trend (5Y rolling)', 'score': 2, 'raison': 'five_year_rolling_volume=Very bullish'}, {'critere': 'Most slope direction (this month)', 'score': 1, 'raison': 'this_month_most_direction=Up'}, {'critere': 'Most slope direction (last month)', 'score': 1, 'raison': 'last_month_most_direction=Up'}, {'critere': 'Most slope direction (YTD)', 'score': -1, 'raison': 'year_to_date_direction=Down'}, {'critere': 'Most slope direction (1Y rolling)', 'score': -1, 'raison': 'one_year_rolling_period_most_direction=Down'}, {'critere': 'Most slope direction (5Y rolling)', 'score': 1, 'raison': 'five_year_rolling_period_most_direction=Up'}, {'critere': 'Company news sentiment', 'score': 0, 'raison': 'diff=0.09 neutre'}, {'critere': 'Country news sentiment', 'score': -0.5, 'raison': 'diff=-0.38 ≤ -0.25'}, {'critere': 'Insider sentiment', 'score': 1, 'raison': 'insider_sentiment=1'}]}",sell,-2.365
16,anf,2025-07-31,96.3300018311,95.7750015259,95.7300033569,97.8899993896,Retail,0.0,1.0,0.0,1,0.6521739130434783,0.34782608695652173,0.35,0.65,"{'mean_sentiment': '0.75', 'positif': '75.00', 'negatifs': '25.00'}","{'current': 95.775, 'high': 151.0, 'low': 82.0, 'mean': 113.875, 'median': 115.0}",775646,Up,Up,Down,Down,Up,Bullish,Bullish,Bearish,Stagnant,Stagnant,Very bearish,Very bearish,Very bearish,Very bearish,Very bullish,hold,"{'decision': 'sell', 'score_total': -1.677, 'details': [{'critere': 'Analyst recommendation', 'score': 0, 'raison': 'Reco du mois = hold'}, {'critere': 'StrongBuy distribution', 'score': 1.0, 'raison': 'mean_strongBuy=1.0'}, {'critere': 'StrongSell distribution', 'score': -0.0, 'raison': 'mean_strongSell=-0.0'}, {'critere': 'Gap between actual price and the LOW analyst price target', 'score': -0.144, 'raison': '(82.0 - 95.775) / 95.775=-0.1438266771078048'}, {'critere': 'Gap between actual price and the HIGH analyst price target', 'score': 0.577, 'raison': '(151.0 - 95.775) / 95.775=0.5766118506917253'}, {'critere': 'Gap between actual price and the MEDIAN analyst price target', 'score': 0.201, 'raison': '(115.0 - 95.775) / 95.775=0.20073087966588352'}, {'critere': 'Gap between actual price and the MEAN analyst price target', 'score': 0.189, 'raison': '(113.875 - 95.775) / 95.775=0.18898459932132594'}, {'critere': 'Price Trend (this month)', 'score': 0.5, 'raison': 'this_month_trend=Bullish'}, {'critere': 'Price Trend (last month)', 'score': 0.5, 'raison': 'last_month_trend=Bullish'}, {'critere': 'Price Trend (YTD)', 'score': -0.5, 'raison': 'year_to_date_trend=Bearish'}, {'critere': 'Price Trend (1Y rolling)', 'score': 0, 'raison': 'one_year_rolling_trend=Stagnant'}, {'critere': 'Price Trend (5Y rolling)', 'score': 0, 'raison': 'five_year_rollingtrend=Stagnant'}, {'critere': 'Volume Trend (this month)', 'score': -2, 'raison': 'this_month_volume=Very bearish'}, {'critere': 'Volume Trend (last month)', 'score': -2, 'raison': 'last_month_volume=Very bearish'}, {'critere': 'Volume Trend (YTD)', 'score': -2, 'raison': 'year_to_date_volume=Very bearish'}, {'critere': 'Volume Trend (1Y rolling)', 'score': -2, 'raison': 'one_year_rolling_volume=Very bearish'}, {'critere': 'Volume Trend (5Y rolling)', 'score': 2, 'raison': 'five_year_rolling_volume=Very bullish'}, {'critere': 'Most slope direction (this month)', 'score': 1, 'raison': 'this_month_most_direction=Up'}, {'critere': 'Most slope direction (last month)', 'score': 1, 'raison': 'last_month_most_direction=Up'}, {'critere': 'Most slope direction (YTD)', 'score': -1, 'raison': 'year_to_date_direction=Down'}, {'critere': 'Most slope direction (1Y rolling)', 'score': -1, 'raison': 'one_year_rolling_period_most_direction=Down'}, {'critere': 'Most slope direction (5Y rolling)', 'score': 1, 'raison': 'five_year_rolling_period_most_direction=Up'}, {'critere': 'Company news sentiment', 'score': 0.5, 'raison': 'diff=0.30 ≥ 0.25'}, {'critere': 'Country news sentiment', 'score': -0.5, 'raison': 'diff=-0.30 ≤ -0.25'}, {'critere': 'Insider sentiment', 'score': 1, 'raison': 'insider_sentiment=1'}]}",sell,-1.677
71,pfe,2025-07-30,24.3199996948,24.1408996582,24.0699996948,24.3950004578,Pharmaceuticals,0.0,0.8300000000000001,0.17,-1,0.5769230769230769,0.4230769230769231,0.31,0.69,"{'mean_sentiment': '0.17', 'positif': '25.00', 'negatifs': '66.67'}","{'current': 24.1409, 'high': 37.8, 'low': 23.0, 'mean': 28.67273, 'median': 28.0}",16493094,Up,Up,Down,Down,Down,Stagnant,Stagnant,Stagnant,Stagnant,Stagnant,Very bearish,Very bearish,Very bullish,Very bearish,Very bullish,hold,"{'decision': 'sell', 'score_total': -2.974, 'details': [{'critere': 'Analyst recommendation', 'score': 0, 'raison': 'Reco du mois = hold'}, {'critere': 'StrongBuy distribution', 'score': 0.83, 'raison': 'mean_strongBuy=0.8300000000000001'}, {'critere': 'StrongSell distribution', 'score': -0.17, 'raison': 'mean_strongSell=-0.17'}, {'critere': 'Gap between actual price and the LOW analyst price target', 'score': -0.047, 'raison': '(23.0 - 24.1409) / 24.1409=-0.04726004415742572'}, {'critere': 'Gap between actual price and the HIGH analyst price target', 'score': 0.566, 'raison': '(37.8 - 24.1409) / 24.1409=0.5658074056891003'}, {'critere': 'Gap between actual price and the MEDIAN analyst price target', 'score': 0.16, 'raison': '(28.0 - 24.1409) / 24.1409=0.15985733754748174'}, {'critere': 'Gap between actual price and the MEAN analyst price target', 'score': 0.188, 'raison': '(28.67273 - 24.1409) / 24.1409=0.18772415278635027'}, {'critere': 'Price Trend (this month)', 'score': 0, 'raison': 'this_month_trend=Stagnant'}, {'critere': 'Price Trend (last month)', 'score': 0, 'raison': 'last_month_trend=Stagnant'}, {'critere': 'Price Trend (YTD)', 'score': 0, 'raison': 'year_to_date_trend=Stagnant'}, {'critere': 'Price Trend (1Y rolling)', 'score': 0, 'raison': 'one_year_rolling_trend=Stagnant'}, {'critere': 'Price Trend (5Y rolling)', 'score': 0, 'raison': 'five_year_rollingtrend=Stagnant'}, {'critere': 'Volume Trend (this month)', 'score': -2, 'raison': 'this_month_volume=Very bearish'}, {'critere': 'Volume Trend (last month)', 'score': -2, 'raison': 'last_month_volume=Very bearish'}, {'critere': 'Volume Trend (YTD)', 'score': 2, 'raison': 'year_to_date_volume=Very bullish'}, {'critere': 'Volume Trend (1Y rolling)', 'score': -2, 'raison': 'one_year_rolling_volume=Very bearish'}, {'critere': 'Volume Trend (5Y rolling)', 'score': 2, 'raison': 'five_year_rolling_volume=Very bullish'}, {'critere': 'Most slope direction (this month)', 'score': 1, 'raison': 'this_month_most_direction=Up'}, {'critere': 'Most slope direction (last month)', 'score': 1, 'raison': 'last_month_most_direction=Up'}, {'critere': 'Most slope direction (YTD)', 'score': -1, 'raison': 'year_to_date_direction=Down'}, {'critere': 'Most slope direction (1Y rolling)', 'score': -1, 'raison': 'one_year_rolling_period_most_direction=Down'}, {'critere': 'Most slope direction (5Y rolling)', 'score': -1, 'raison': 'five_year_rolling_period_most_direction=Down'}, {'critere': 'Company news sentiment', 'score': 0, 'raison': 'diff=0.15 neutre'}, {'critere': 'Country news sentiment', 'score': -0.5, 'raison': 'diff=-0.38 ≤ -0.25'}, {'critere': 'Insider sentiment', 'score': -1, 'raison': 'insider_sentiment=-1'}]}",sell,-2.974
84,sbux,2025-07-09,96.91057532605424,94.9800033569,94.03951951076968,97.24834303167133,"Hotels, Restaurants & Leisure",0.21,0.6900000000000001,0.1,-1,0.5447761194029851,0.4552238805970149,0.37,0.63,"{'mean_sentiment': '0.50', 'positif': '57.69', 'negatifs': '34.62'}","{'current': 94.98, 'high': 108.0, 'low': 69.0, 'mean': 92.94833, 'median': 95.0}",5719916,Down,Up,Up,Up,Up,Stagnant,Bullish,Stagnant,Stagnant,Stagnant,Very bearish,Very bearish,Very bearish,Very bearish,Very bullish,buy,"{'decision': 'sell', 'score_total': -2.568, 'details': [{'critere': 'Analyst recommendation', 'score': 1, 'raison': 'Reco du mois = buy'}, {'critere': 'StrongBuy distribution', 'score': 0.69, 'raison': 'mean_strongBuy=0.6900000000000001'}, {'critere': 'StrongSell distribution', 'score': -0.1, 'raison': 'mean_strongSell=-0.1'}, {'critere': 'Gap between actual price and the LOW analyst price target', 'score': -0.274, 'raison': '(69.0 - 94.98) / 94.98=-0.2735312697409981'}, {'critere': 'Gap between actual price and the HIGH analyst price target', 'score': 0.137, 'raison': '(108.0 - 94.98) / 94.98=0.13708149084017685'}, {'critere': 'Gap between actual price and the MEDIAN analyst price target', 'score': 0.0, 'raison': '(95.0 - 94.98) / 94.98=0.0002105706464518427'}, {'critere': 'Gap between actual price and the MEAN analyst price target', 'score': -0.021, 'raison': '(92.94833 - 94.98) / 94.98=-0.021390503263845076'}, {'critere': 'Price Trend (this month)', 'score': 0, 'raison': 'this_month_trend=Stagnant'}, {'critere': 'Price Trend (last month)', 'score': 0.5, 'raison': 'last_month_trend=Bullish'}, {'critere': 'Price Trend (YTD)', 'score': 0, 'raison': 'year_to_date_trend=Stagnant'}, {'critere': 'Price Trend (1Y rolling)', 'score': 0, 'raison': 'one_year_rolling_trend=Stagnant'}, {'critere': 'Price Trend (5Y rolling)', 'score': 0, 'raison': 'five_year_rollingtrend=Stagnant'}, {'critere': 'Volume Trend (this month)', 'score': -2, 'raison': 'this_month_volume=Very bearish'}, {'critere': 'Volume Trend (last month)', 'score': -2, 'raison': 'last_month_volume=Very bearish'}, {'critere': 'Volume Trend (YTD)', 'score': -2, 'raison': 'year_to_date_volume=Very bearish'}, {'critere': 'Volume Trend (1Y rolling)', 'score': -2, 'raison': 'one_year_rolling_volume=Very bearish'}, {'critere': 'Volume Trend (5Y rolling)', 'score': 2, 'raison': 'five_year_rolling_volume=Very bullish'}, {'critere': 'Most slope direction (this month)', 'score': -1, 'raison': 'this_month_most_direction=Down'}, {'critere': 'Most slope direction (last month)', 'score': 1, 'raison': 'last_month_most_direction=Up'}, {'critere': 'Most slope direction (YTD)', 'score': 1, 'raison': 'year_to_date_direction=Up'}, {'critere': 'Most slope direction (1Y rolling)', 'score': 1, 'raison': 'one_year_rolling_period_most_direction=Up'}, {'critere': 'Most slope direction (5Y rolling)', 'score': 1, 'raison': 'five_year_rolling_period_most_direction=Up'}, {'critere': 'Company news sentiment', 'score': 0, 'raison': 'diff=0.09 neutre'}, {'critere': 'Country news sentiment', 'score': -0.5, 'raison': 'diff=-0.26 ≤ -0.25'}, {'critere': 'Insider sentiment', 'score': -1, 'raison': 'insider_sentiment=-1'}]}",sell,-2.568
85,sbux,2025-07-10,94.25807172132126,95.1500015259,92.93679545152764,95.11243514414458,"Hotels, Restaurants & Leisure",0.21,0.6900000000000001,0.1,-1,0.5259259259259259,0.4740740740740741,0.4,0.6,"{'mean_sentiment': '0.50', 'positif': '57.69', 'negatifs': '34.62'}","{'current': 95.15, 'high': 108.0, 'low': 69.0, 'mean': 92.94833, 'median': 95.0}",6899420,Down,Up,Up,Up,Up,Stagnant,Bullish,Stagnant,Stagnant,Stagnant,Very bearish,Very bearish,Very bearish,Very bearish,Very bullish,buy,"{'decision': 'sell', 'score_total': -2.074, 'details': [{'critere': 'Analyst recommendation', 'score': 1, 'raison': 'Reco du mois = buy'}, {'critere': 'StrongBuy distribution', 'score': 0.69, 'raison': 'mean_strongBuy=0.6900000000000001'}, {'critere': 'StrongSell distribution', 'score': -0.1, 'raison': 'mean_strongSell=-0.1'}, {'critere': 'Gap between actual price and the LOW analyst price target', 'score': -0.275, 'raison': '(69.0 - 95.15) / 95.15=-0.27482921702574886'}, {'critere': 'Gap between actual price and the HIGH analyst price target', 'score': 0.135, 'raison': '(108.0 - 95.15) / 95.15=0.13504992117708875'}, {'critere': 'Gap between actual price and the MEDIAN analyst price target', 'score': -0.002, 'raison': '(95.0 - 95.15) / 95.15=-0.0015764582238571275'}, {'critere': 'Gap between actual price and the MEAN analyst price target', 'score': -0.023, 'raison': '(92.94833 - 95.15) / 95.15=-0.023138938518129343'}, {'critere': 'Price Trend (this month)', 'score': 0, 'raison': 'this_month_trend=Stagnant'}, {'critere': 'Price Trend (last month)', 'score': 0.5, 'raison': 'last_month_trend=Bullish'}, {'critere': 'Price Trend (YTD)', 'score': 0, 'raison': 'year_to_date_trend=Stagnant'}, {'critere': 'Price Trend (1Y rolling)', 'score': 0, 'raison': 'one_year_rolling_trend=Stagnant'}, {'critere': 'Price Trend (5Y rolling)', 'score': 0, 'raison': 'five_year_rollingtrend=Stagnant'}, {'critere': 'Volume Trend (this month)', 'score': -2, 'raison': 'this_month_volume=Very bearish'}, {'critere': 'Volume Trend (last month)', 'score': -2, 'raison': 'last_month_volume=Very bearish'}, {'critere': 'Volume Trend (YTD)', 'score': -2, 'raison': 'year_to_date_volume=Very bearish'}, {'critere': 'Volume Trend (1Y rolling)', 'score': -2, 'raison': 'one_year_rolling_volume=Very bearish'}, {'critere': 'Volume Trend (5Y rolling)', 'score': 2, 'raison': 'five_year_rolling_volume=Very bullish'}, {'critere': 'Most slope direction (this month)', 'score': -1, 'raison': 'this_month_most_direction=Down'}, {'critere': 'Most slope direction (last month)', 'score': 1, 'raison': 'last_month_most_direction=Up'}, {'critere': 'Most slope direction (YTD)', 'score': 1, 'raison': 'year_to_date_direction=Up'}, {'critere': 'Most slope direction (1Y rolling)', 'score': 1, 'raison': 'one_year_rolling_period_most_direction=Up'}, {'critere': 'Most slope direction (5Y rolling)', 'score': 1, 'raison': 'five_year_rolling_period_most_direction=Up'}, {'critere': 'Company news sentiment', 'score': 0, 'raison': 'diff=0.05 neutre'}, {'critere': 'Country news sentiment', 'score': 0, 'raison': 'diff=-0.20 neutre'}, {'critere': 'Insider sentiment', 'score': -1, 'raison': 'insider_sentiment=-1'}]}",sell,-2.074
86,sbux,2025-07-11,93.75141695422468,94.9400024414,93.52292124595753,94.69518676886655,"Hotels, Restaurants & Leisure",0.21,0.6900000000000001,0.1,-1,0.5174825174825175,0.4825174825174825,0.5,0.5,"{'mean_sentiment': '0.50', 'positif': '57.69', 'negatifs': '34.62'}","{'current': 94.94, 'high': 108.0, 'low': 69.0, 'mean': 92.94833, 'median': 95.0}",6291783,Down,Up,Up,Up,Up,Stagnant,Bullish,Stagnant,Stagnant,Stagnant,Very bearish,Very bearish,Very bearish,Very bearish,Very bullish,buy,"{'decision': 'sell', 'score_total': -2.066, 'details': [{'critere': 'Analyst recommendation', 'score': 1, 'raison': 'Reco du mois = buy'}, {'critere': 'StrongBuy distribution', 'score': 0.69, 'raison': 'mean_strongBuy=0.6900000000000001'}, {'critere': 'StrongSell distribution', 'score': -0.1, 'raison': 'mean_strongSell=-0.1'}, {'critere': 'Gap between actual price and the LOW analyst price target', 'score': -0.273, 'raison': '(69.0 - 94.94) / 94.94=-0.2732251948599115'}, {'critere': 'Gap between actual price and the HIGH analyst price target', 'score': 0.138, 'raison': '(108.0 - 94.94) / 94.94=0.13756056456709503'}, {'critere': 'Gap between actual price and the MEDIAN analyst price target', 'score': 0.001, 'raison': '(95.0 - 94.94) / 94.94=0.0006319780914261879'}, {'critere': 'Gap between actual price and the MEAN analyst price target', 'score': -0.021, 'raison': '(92.94833 - 94.94) / 94.94=-0.02097819675584579'}, {'critere': 'Price Trend (this month)', 'score': 0, 'raison': 'this_month_trend=Stagnant'}, {'critere': 'Price Trend (last month)', 'score': 0.5, 'raison': 'last_month_trend=Bullish'}, {'critere': 'Price Trend (YTD)', 'score': 0, 'raison': 'year_to_date_trend=Stagnant'}, {'critere': 'Price Trend (1Y rolling)', 'score': 0, 'raison': 'one_year_rolling_trend=Stagnant'}, {'critere': 'Price Trend (5Y rolling)', 'score': 0, 'raison': 'five_year_rollingtrend=Stagnant'}, {'critere': 'Volume Trend (this month)', 'score': -2, 'raison': 'this_month_volume=Very bearish'}, {'critere': 'Volume Trend (last month)', 'score': -2, 'raison': 'last_month_volume=Very bearish'}, {'critere': 'Volume Trend (YTD)', 'score': -2, 'raison': 'year_to_date_volume=Very bearish'}, {'critere': 'Volume Trend (1Y rolling)', 'score': -2, 'raison': 'one_year_rolling_volume=Very bearish'}, {'critere': 'Volume Trend (5Y rolling)', 'score': 2, 'raison': 'five_year_rolling_volume=Very bullish'}, {'critere': 'Most slope direction (this month)', 'score': -1, 'raison': 'this_month_most_direction=Down'}, {'critere': 'Most slope direction (last month)', 'score': 1, 'raison': 'last_month_most_direction=Up'}, {'critere': 'Most slope direction (YTD)', 'score': 1, 'raison': 'year_to_date_direction=Up'}, {'critere': 'Most slope direction (1Y rolling)', 'score': 1, 'raison': 'one_year_rolling_period_most_direction=Up'}, {'critere': 'Most slope direction (5Y rolling)', 'score': 1, 'raison': 'five_year_rolling_period_most_direction=Up'}, {'critere': 'Company news sentiment', 'score': 0, 'raison': 'diff=0.03 neutre'}, {'critere': 'Country news sentiment', 'score': 0, 'raison': 'diff=0.00 neutre'}, {'critere': 'Insider sentiment', 'score': -1, 'raison': 'insider_sentiment=-1'}]}",sell,-2.066
87,sbux,2025-07-14,93.06593792572795,93.4199981689,91.66517668677149,93.3441013429828,"Hotels, Restaurants & Leisure",0.21,0.6900000000000001,0.1,-1,0.4934210526315789,0.506578947368421,0.38,0.62,"{'mean_sentiment': '0.50', 'positif': '57.69', 'negatifs': '34.62'}","{'current': 93.42, 'high': 108.0, 'low': 69.0, 'mean': 92.94833, 'median': 95.0}",6008043,Down,Up,Up,Up,Up,Bearish,Bullish,Stagnant,Stagnant,Stagnant,Very bearish,Very bearish,Very bearish,Very bearish,Very bullish,buy,"{'decision': 'sell', 'score_total': -2.503, 'details': [{'critere': 'Analyst recommendation', 'score': 1, 'raison': 'Reco du mois = buy'}, {'critere': 'StrongBuy distribution', 'score': 0.69, 'raison': 'mean_strongBuy=0.6900000000000001'}, {'critere': 'StrongSell distribution', 'score': -0.1, 'raison': 'mean_strongSell=-0.1'}, {'critere': 'Gap between actual price and the LOW analyst price target', 'score': -0.261, 'raison': '(69.0 - 93.42) / 93.42=-0.2614001284521516'}, {'critere': 'Gap between actual price and the HIGH analyst price target', 'score': 0.156, 'raison': '(108.0 - 93.42) / 93.42=0.1560693641618497'}, {'critere': 'Gap between actual price and the MEDIAN analyst price target', 'score': 0.017, 'raison': '(95.0 - 93.42) / 93.42=0.016912866623849263'}, {'critere': 'Gap between actual price and the MEAN analyst price target', 'score': -0.005, 'raison': '(92.94833 - 93.42) / 93.42=-0.005048918861057623'}, {'critere': 'Price Trend (this month)', 'score': -0.5, 'raison': 'this_month_trend=Bearish'}, {'critere': 'Price Trend (last month)', 'score': 0.5, 'raison': 'last_month_trend=Bullish'}, {'critere': 'Price Trend (YTD)', 'score': 0, 'raison': 'year_to_date_trend=Stagnant'}, {'critere': 'Price Trend (1Y rolling)', 'score': 0, 'raison': 'one_year_rolling_trend=Stagnant'}, {'critere': 'Price Trend (5Y rolling)', 'score': 0, 'raison': 'five_year_rollingtrend=Stagnant'}, {'critere': 'Volume Trend (this month)', 'score': -2, 'raison': 'this_month_volume=Very bearish'}, {'critere': 'Volume Trend (last month)', 'score': -2, 'raison': 'last_month_volume=Very bearish'}, {'critere': 'Volume Trend (YTD)', 'score': -2, 'raison': 'year_to_date_volume=Very bearish'}, {'critere': 'Volume Trend (1Y rolling)', 'score': -2, 'raison': 'one_year_rolling_volume=Very bearish'}, {'critere': 'Volume Trend (5Y rolling)', 'score': 2, 'raison': 'five_year_rolling_volume=Very bullish'}, {'critere': 'Most slope direction (this month)', 'score': -1, 'raison': 'this_month_most_direction=Down'}, {'critere': 'Most slope direction (last month)', 'score': 1, 'raison': 'last_month_most_direction=Up'}, {'critere': 'Most slope direction (YTD)', 'score': 1, 'raison': 'year_to_date_direction=Up'}, {'critere': 'Most slope direction (1Y rolling)', 'score': 1, 'raison': 'one_year_rolling_period_most_direction=Up'}, {'critere': 'Most slope direction (5Y rolling)', 'score': 1, 'raison': 'five_year_rolling_period_most_direction=Up'}, {'critere': 'Company news sentiment', 'score': 0, 'raison': 'diff=-0.01 neutre'}, {'critere': 'Country news sentiment', 'score': 0, 'raison': 'diff=-0.24 neutre'}, {'critere': 'Insider sentiment', 'score': -1, 'raison': 'insider_sentiment=-1'}]}",sell,-2.503
88,sbux,2025-07-15,93.00633666686808,92.4800033569,91.54597109944224,93.68187966474586,"Hotels, Restaurants & Leisure",0.21,0.6900000000000001,0.1,-1,0.4666666666666667,0.5333333333333333,0.41,0.59,"{'mean_sentiment': '0.50', 'positif': '57.69', 'negatifs': '34.62'}","{'current': 92.48, 'high': 108.0, 'low': 69.0, 'mean': 92.94833, 'median': 95.0}",8527607,Down,Up,Up,Up,Up,Bearish,Bullish,Stagnant,Stagnant,Stagnant,Very bearish,Very bearish,Very bearish,Very bearish,Very bullish,buy,"{'decision': 'sell', 'score_total': -2.464, 'details': [{'critere': 'Analyst recommendation', 'score': 1, 'raison': 'Reco du mois = buy'}, {'critere': 'StrongBuy distribution', 'score': 0.69, 'raison': 'mean_strongBuy=0.6900000000000001'}, {'critere': 'StrongSell distribution', 'score': -0.1, 'raison': 'mean_strongSell=-0.1'}, {'critere': 'Gap between actual price and the LOW analyst price target', 'score': -0.254, 'raison': '(69.0 - 92.48) / 92.48=-0.2538927335640139'}, {'critere': 'Gap between actual price and the HIGH analyst price target', 'score': 0.168, 'raison': '(108.0 - 92.48) / 92.48=0.1678200692041522'}, {'critere': 'Gap between actual price and the MEDIAN analyst price target', 'score': 0.027, 'raison': '(95.0 - 92.48) / 92.48=0.027249134948096842'}, {'critere': 'Gap between actual price and the MEAN analyst price target', 'score': 0.005, 'raison': '(92.94833 - 92.48) / 92.48=0.00506412197231828'}, {'critere': 'Price Trend (this month)', 'score': -0.5, 'raison': 'this_month_trend=Bearish'}, {'critere': 'Price Trend (last month)', 'score': 0.5, 'raison': 'last_month_trend=Bullish'}, {'critere': 'Price Trend (YTD)', 'score': 0, 'raison': 'year_to_date_trend=Stagnant'}, {'critere': 'Price Trend (1Y rolling)', 'score': 0, 'raison': 'one_year_rolling_trend=Stagnant'}, {'critere': 'Price Trend (5Y rolling)', 'score': 0, 'raison': 'five_year_rollingtrend=Stagnant'}, {'critere': 'Volume Trend (this month)', 'score': -2, 'raison': 'this_month_volume=Very bearish'}, {'critere': 'Volume Trend (last month)', 'score': -2, 'raison': 'last_month_volume=Very bearish'}, {'critere': 'Volume Trend (YTD)', 'score': -2, 'raison': 'year_to_date_volume=Very bearish'}, {'critere': 'Volume Trend (1Y rolling)', 'score': -2, 'raison': 'one_year_rolling_volume=Very bearish'}, {'critere': 'Volume Trend (5Y rolling)', 'score': 2, 'raison': 'five_year_rolling_volume=Very bullish'}, {'critere': 'Most slope direction (this month)', 'score': -1, 'raison': 'this_month_most_direction=Down'}, {'critere': 'Most slope direction (last month)', 'score': 1, 'raison': 'last_month_most_direction=Up'}, {'critere': 'Most slope direction (YTD)', 'score': 1, 'raison': 'year_to_date_direction=Up'}, {'critere': 'Most slope direction (1Y rolling)', 'score': 1, 'raison': 'one_year_rolling_period_most_direction=Up'}, {'critere': 'Most slope direction (5Y rolling)', 'score': 1, 'raison': 'five_year_rolling_period_most_direction=Up'}, {'critere': 'Company news sentiment', 'score': 0, 'raison': 'diff=-0.07 neutre'}, {'critere': 'Country news sentiment', 'score': 0, 'raison': 'diff=-0.18 neutre'}, {'critere': 'Insider sentiment', 'score': -1, 'raison': 'insider_sentiment=-1'}]}",sell,-2.464
89,sbux,2025-07-16,92.05262851346005,92.5100021362,90.95983281728559,92.66855963742954,"Hotels, Restaurants & Leisure",0.21,0.6900000000000001,0.1,-1,0.44171779141104295,0.558282208588957,0.39,0.61,"{'mean_sentiment': '0.50', 'positif': '57.69', 'negatifs': '34.62'}","{'current': 92.51, 'high': 108.0, 'low': 69.0, 'mean': 92.94833, 'median': 95.0}",7065783,Down,Up,Up,Up,Up,Bearish,Bullish,Stagnant,Stagnant,Stagnant,Very bearish,Very bearish,Very bearish,Very bearish,Very bullish,buy,"{'decision': 'sell', 'score_total': -2.465, 'details': [{'critere': 'Analyst recommendation', 'score': 1, 'raison': 'Reco du mois = buy'}, {'critere': 'StrongBuy distribution', 'score': 0.69, 'raison': 'mean_strongBuy=0.6900000000000001'}, {'critere': 'StrongSell distribution', 'score': -0.1, 'raison': 'mean_strongSell=-0.1'}, {'critere': 'Gap between actual price and the LOW analyst price target', 'score': -0.254, 'raison': '(69.0 - 92.51) / 92.51=-0.25413468814182255'}, {'critere': 'Gap between actual price and the HIGH analyst price target', 'score': 0.167, 'raison': '(108.0 - 92.51) / 92.51=0.16744135769106036'}, {'critere': 'Gap between actual price and the MEDIAN analyst price target', 'score': 0.027, 'raison': '(95.0 - 92.51) / 92.51=0.026916009080099394'}, {'critere': 'Gap between actual price and the MEAN analyst price target', 'score': 0.005, 'raison': '(92.94833 - 92.51) / 92.51=0.004738190465895508'}, {'critere': 'Price Trend (this month)', 'score': -0.5, 'raison': 'this_month_trend=Bearish'}, {'critere': 'Price Trend (last month)', 'score': 0.5, 'raison': 'last_month_trend=Bullish'}, {'critere': 'Price Trend (YTD)', 'score': 0, 'raison': 'year_to_date_trend=Stagnant'}, {'critere': 'Price Trend (1Y rolling)', 'score': 0, 'raison': 'one_year_rolling_trend=Stagnant'}, {'critere': 'Price Trend (5Y rolling)', 'score': 0, 'raison': 'five_year_rollingtrend=Stagnant'}, {'critere': 'Volume Trend (this month)', 'score': -2, 'raison': 'this_month_volume=Very bearish'}, {'critere': 'Volume Trend (last month)', 'score': -2, 'raison': 'last_month_volume=Very bearish'}, {'critere': 'Volume Trend (YTD)', 'score': -2, 'raison': 'year_to_date_volume=Very bearish'}, {'critere': 'Volume Trend (1Y rolling)', 'score': -2, 'raison': 'one_year_rolling_volume=Very bearish'}, {'critere': 'Volume Trend (5Y rolling)', 'score': 2, 'raison': 'five_year_rolling_volume=Very bullish'}, {'critere': 'Most slope direction (this month)', 'score': -1, 'raison': 'this_month_most_direction=Down'}, {'critere': 'Most slope direction (last month)', 'score': 1, 'raison': 'last_month_most_direction=Up'}, {'critere': 'Most slope direction (YTD)', 'score': 1, 'raison': 'year_to_date_direction=Up'}, {'critere': 'Most slope direction (1Y rolling)', 'score': 1, 'raison': 'one_year_rolling_period_most_direction=Up'}, {'critere': 'Most slope direction (5Y rolling)', 'score': 1, 'raison': 'five_year_rolling_period_most_direction=Up'}, {'critere': 'Company news sentiment', 'score': 0, 'raison': 'diff=-0.12 neutre'}, {'critere': 'Country news sentiment', 'score': 0, 'raison': 'diff=-0.22 neutre'}, {'critere': 'Insider sentiment', 'score': -1, 'raison': 'insider_sentiment=-1'}]}",sell,-2.465
90,sbux,2025-07-17,90.13527340681028,93.1900024414,89.97631855949717,92.67849032874574,"Hotels, Restaurants & Leisure",0.21,0.6900000000000001,0.1,-1,0.4117647058823529,0.5882352941176471,0.46,0.54,"{'mean_sentiment': '0.46', 'positif': '57.69', 'negatifs': '30.77'}","{'current': 93.19, 'high': 108.0, 'low': 69.0, 'mean': 92.94833, 'median': 95.0}",8556796,Down,Up,Up,Up,Up,Bearish,Bullish,Stagnant,Stagnant,Stagnant,Very bearish,Very bearish,Very bearish,Very bearish,Very bullish,buy,"{'decision': 'sell', 'score_total': -2.494, 'details': [{'critere': 'Analyst recommendation', 'score': 1, 'raison': 'Reco du mois = buy'}, {'critere': 'StrongBuy distribution', 'score': 0.69, 'raison': 'mean_strongBuy=0.6900000000000001'}, {'critere': 'StrongSell distribution', 'score': -0.1, 'raison': 'mean_strongSell=-0.1'}, {'critere': 'Gap between actual price and the LOW analyst price target', 'score': -0.26, 'raison': '(69.0 - 93.19) / 93.19=-0.25957720785492006'}, {'critere': 'Gap between actual price and the HIGH analyst price target', 'score': 0.159, 'raison': '(108.0 - 93.19) / 93.19=0.15892263118360342'}, {'critere': 'Gap between actual price and the MEDIAN analyst price target', 'score': 0.019, 'raison': '(95.0 - 93.19) / 93.19=0.019422684837428934'}, {'critere': 'Gap between actual price and the MEAN analyst price target', 'score': -0.003, 'raison': '(92.94833 - 93.19) / 93.19=-0.0025933040025753746'}, {'critere': 'Price Trend (this month)', 'score': -0.5, 'raison': 'this_month_trend=Bearish'}, {'critere': 'Price Trend (last month)', 'score': 0.5, 'raison': 'last_month_trend=Bullish'}, {'critere': 'Price Trend (YTD)', 'score': 0, 'raison': 'year_to_date_trend=Stagnant'}, {'critere': 'Price Trend (1Y rolling)', 'score': 0, 'raison': 'one_year_rolling_trend=Stagnant'}, {'critere': 'Price Trend (5Y rolling)', 'score': 0, 'raison': 'five_year_rollingtrend=Stagnant'}, {'critere': 'Volume Trend (this month)', 'score': -2, 'raison': 'this_month_volume=Very bearish'}, {'critere': 'Volume Trend (last month)', 'score': -2, 'raison': 'last_month_volume=Very bearish'}, {'critere': 'Volume Trend (YTD)', 'score': -2, 'raison': 'year_to_date_volume=Very bearish'}, {'critere': 'Volume Trend (1Y rolling)', 'score': -2, 'raison': 'one_year_rolling_volume=Very bearish'}, {'critere': 'Volume Trend (5Y rolling)', 'score': 2, 'raison': 'five_year_rolling_volume=Very bullish'}, {'critere': 'Most slope direction (this month)', 'score': -1, 'raison': 'this_month_most_direction=Down'}, {'critere': 'Most slope direction (last month)', 'score': 1, 'raison': 'last_month_most_direction=Up'}, {'critere': 'Most slope direction (YTD)', 'score': 1, 'raison': 'year_to_date_direction=Up'}, {'critere': 'Most slope direction (1Y rolling)', 'score': 1, 'raison': 'one_year_rolling_period_most_direction=Up'}, {'critere': 'Most slope direction (5Y rolling)', 'score': 1, 'raison': 'five_year_rolling_period_most_direction=Up'}, {'critere': 'Company news sentiment', 'score': 0, 'raison': 'diff=-0.18 neutre'}, {'critere': 'Country news sentiment', 'score': 0, 'raison': 'diff=-0.08 neutre'}, {'critere': 'Insider sentiment', 'score': -1, 'raison': 'insider_sentiment=-1'}]}",sell,-2.494
91,sbux,2025-07-18,93.42357483990213,93.7649993896,92.63875232887668,93.84081994822927,"Hotels, Restaurants & Leisure",0.21,0.6900000000000001,0.1,-1,0.40764331210191085,0.5923566878980892,0.42,0.58,"{'mean_sentiment': '0.46', 'positif': '57.69', 'negatifs': '30.77'}","{'current': 93.765, 'high': 108.0, 'low': 69.0, 'mean': 92.94833, 'median': 95.0}",3443984,Down,Up,Up,Up,Up,Stagnant,Bullish,Stagnant,Stagnant,Stagnant,Very bearish,Very bearish,Very bearish,Very bearish,Very bullish,buy,"{'decision': 'sell', 'score_total': -2.018, 'details': [{'critere': 'Analyst recommendation', 'score': 1, 'raison': 'Reco du mois = buy'}, {'critere': 'StrongBuy distribution', 'score': 0.69, 'raison': 'mean_strongBuy=0.6900000000000001'}, {'critere': 'StrongSell distribution', 'score': -0.1, 'raison': 'mean_strongSell=-0.1'}, {'critere': 'Gap between actual price and the LOW analyst price target', 'score': -0.264, 'raison': '(69.0 - 93.765) / 93.765=-0.2641177411614142'}, {'critere': 'Gap between actual price and the HIGH analyst price target', 'score': 0.152, 'raison': '(108.0 - 93.765) / 93.765=0.15181570948648215'}, {'critere': 'Gap between actual price and the MEDIAN analyst price target', 'score': 0.013, 'raison': '(95.0 - 93.765) / 93.765=0.013171225937183378'}, {'critere': 'Gap between actual price and the MEAN analyst price target', 'score': -0.009, 'raison': '(92.94833 - 93.765) / 93.765=-0.0087097531061697'}, {'critere': 'Price Trend (this month)', 'score': 0, 'raison': 'this_month_trend=Stagnant'}, {'critere': 'Price Trend (last month)', 'score': 0.5, 'raison': 'last_month_trend=Bullish'}, {'critere': 'Price Trend (YTD)', 'score': 0, 'raison': 'year_to_date_trend=Stagnant'}, {'critere': 'Price Trend (1Y rolling)', 'score': 0, 'raison': 'one_year_rolling_trend=Stagnant'}, {'critere': 'Price Trend (5Y rolling)', 'score': 0, 'raison': 'five_year_rollingtrend=Stagnant'}, {'critere': 'Volume Trend (this month)', 'score': -2, 'raison': 'this_month_volume=Very bearish'}, {'critere': 'Volume Trend (last month)', 'score': -2, 'raison': 'last_month_volume=Very bearish'}, {'critere': 'Volume Trend (YTD)', 'score': -2, 'raison': 'year_to_date_volume=Very bearish'}, {'critere': 'Volume Trend (1Y rolling)', 'score': -2, 'raison': 'one_year_rolling_volume=Very bearish'}, {'critere': 'Volume Trend (5Y rolling)', 'score': 2, 'raison': 'five_year_rolling_volume=Very bullish'}, {'critere': 'Most slope direction (this month)', 'score': -1, 'raison': 'this_month_most_direction=Down'}, {'critere': 'Most slope direction (last month)', 'score': 1, 'raison': 'last_month_most_direction=Up'}, {'critere': 'Most slope direction (YTD)', 'score': 1, 'raison': 'year_to_date_direction=Up'}, {'critere': 'Most slope direction (1Y rolling)', 'score': 1, 'raison': 'one_year_rolling_period_most_direction=Up'}, {'critere': 'Most slope direction (5Y rolling)', 'score': 1, 'raison': 'five_year_rolling_period_most_direction=Up'}, {'critere': 'Company news sentiment', 'score': 0, 'raison': 'diff=-0.18 neutre'}, {'critere': 'Country news sentiment', 'score': 0, 'raison': 'diff=-0.16 neutre'}, {'critere': 'Insider sentiment', 'score': -1, 'raison': 'insider_sentiment=-1'}]}",sell,-2.018
92,sbux,2025-07-21,93.68187693810582,93.3199996948,92.002952276205,94.66538547512825,"Hotels, Restaurants & Leisure",0.21,0.6900000000000001,0.1,-1,0.41139240506329117,0.5886075949367089,0.39,0.61,"{'mean_sentiment': '0.46', 'positif': '57.69', 'negatifs': '30.77'}","{'current': 93.31, 'high': 108.0, 'low': 69.0, 'mean': 92.94833, 'median': 95.0}",2301176,Down,Up,Up,Up,Up,Stagnant,Bullish,Stagnant,Stagnant,Stagnant,Very bearish,Very bearish,Very bearish,Very bearish,Very bullish,hold,"{'decision': 'sell', 'score_total': -2.999, 'details': [{'critere': 'Analyst recommendation', 'score': 0, 'raison': 'Reco du mois = hold'}, {'critere': 'StrongBuy distribution', 'score': 0.69, 'raison': 'mean_strongBuy=0.6900000000000001'}, {'critere': 'StrongSell distribution', 'score': -0.1, 'raison': 'mean_strongSell=-0.1'}, {'critere': 'Gap between actual price and the LOW analyst price target', 'score': -0.261, 'raison': '(69.0 - 93.31) / 93.31=-0.2605294180688029'}, {'critere': 'Gap between actual price and the HIGH analyst price target', 'score': 0.157, 'raison': '(108.0 - 93.31) / 93.31=0.1574322151966563'}, {'critere': 'Gap between actual price and the MEDIAN analyst price target', 'score': 0.018, 'raison': '(95.0 - 93.31) / 93.31=0.018111670774836542'}, {'critere': 'Gap between actual price and the MEAN analyst price target', 'score': -0.004, 'raison': '(92.94833 - 93.31) / 93.31=-0.00387600471546462'}, {'critere': 'Price Trend (this month)', 'score': 0, 'raison': 'this_month_trend=Stagnant'}, {'critere': 'Price Trend (last month)', 'score': 0.5, 'raison': 'last_month_trend=Bullish'}, {'critere': 'Price Trend (YTD)', 'score': 0, 'raison': 'year_to_date_trend=Stagnant'}, {'critere': 'Price Trend (1Y rolling)', 'score': 0, 'raison': 'one_year_rolling_trend=Stagnant'}, {'critere': 'Price Trend (5Y rolling)', 'score': 0, 'raison': 'five_year_rollingtrend=Stagnant'}, {'critere': 'Volume Trend (this month)', 'score': -2, 'raison': 'this_month_volume=Very bearish'}, {'critere': 'Volume Trend (last month)', 'score': -2, 'raison': 'last_month_volume=Very bearish'}, {'critere': 'Volume Trend (YTD)', 'score': -2, 'raison': 'year_to_date_volume=Very bearish'}, {'critere': 'Volume Trend (1Y rolling)', 'score': -2, 'raison': 'one_year_rolling_volume=Very bearish'}, {'critere': 'Volume Trend (5Y rolling)', 'score': 2, 'raison': 'five_year_rolling_volume=Very bullish'}, {'critere': 'Most slope direction (this month)', 'score': -1, 'raison': 'this_month_most_direction=Down'}, {'critere': 'Most slope direction (last month)', 'score': 1, 'raison': 'last_month_most_direction=Up'}, {'critere': 'Most slope direction (YTD)', 'score': 1, 'raison': 'year_to_date_direction=Up'}, {'critere': 'Most slope direction (1Y rolling)', 'score': 1, 'raison': 'one_year_rolling_period_most_direction=Up'}, {'critere': 'Most slope direction (5Y rolling)', 'score': 1, 'raison': 'five_year_rolling_period_most_direction=Up'}, {'critere': 'Company news sentiment', 'score': 0, 'raison': 'diff=-0.18 neutre'}, {'critere': 'Country news sentiment', 'score': 0, 'raison': 'diff=-0.22 neutre'}, {'critere': 'Insider sentiment', 'score': -1, 'raison': 'insider_sentiment=-1'}]}",sell,-2.999
93,sbux,2025-07-22,92.34072154427716,97.0749969482,92.24137854743111,96.52313219977421,"Hotels, Restaurants & Leisure",0.21,0.6900000000000001,0.1,-1,0.4642857142857143,0.5357142857142857,0.4,0.6,"{'mean_sentiment': '0.46', 'positif': '57.69', 'negatifs': '30.77'}","{'current': 97.075, 'high': 110.0, 'low': 69.0, 'mean': 94.415, 'median': 97.0}",8667748,Down,Up,Up,Up,Up,Stagnant,Bullish,Stagnant,Stagnant,Stagnant,Very bearish,Very bearish,Very bearish,Very bearish,Very bullish,hold,"{'decision': 'sell', 'score_total': -3.094, 'details': [{'critere': 'Analyst recommendation', 'score': 0, 'raison': 'Reco du mois = hold'}, {'critere': 'StrongBuy distribution', 'score': 0.69, 'raison': 'mean_strongBuy=0.6900000000000001'}, {'critere': 'StrongSell distribution', 'score': -0.1, 'raison': 'mean_strongSell=-0.1'}, {'critere': 'Gap between actual price and the LOW analyst price target', 'score': -0.289, 'raison': '(69.0 - 97.075) / 97.075=-0.2892093741952099'}, {'critere': 'Gap between actual price and the HIGH analyst price target', 'score': 0.133, 'raison': '(110.0 - 97.075) / 97.075=0.13314447592067985'}, {'critere': 'Gap between actual price and the MEDIAN analyst price target', 'score': -0.001, 'raison': '(97.0 - 97.075) / 97.075=-0.0007725985063095838'}, {'critere': 'Gap between actual price and the MEAN analyst price target', 'score': -0.027, 'raison': '(94.415 - 97.075) / 97.075=-0.027401493690445495'}, {'critere': 'Price Trend (this month)', 'score': 0, 'raison': 'this_month_trend=Stagnant'}, {'critere': 'Price Trend (last month)', 'score': 0.5, 'raison': 'last_month_trend=Bullish'}, {'critere': 'Price Trend (YTD)', 'score': 0, 'raison': 'year_to_date_trend=Stagnant'}, {'critere': 'Price Trend (1Y rolling)', 'score': 0, 'raison': 'one_year_rolling_trend=Stagnant'}, {'critere': 'Price Trend (5Y rolling)', 'score': 0, 'raison': 'five_year_rollingtrend=Stagnant'}, {'critere': 'Volume Trend (this month)', 'score': -2, 'raison': 'this_month_volume=Very bearish'}, {'critere': 'Volume Trend (last month)', 'score': -2, 'raison': 'last_month_volume=Very bearish'}, {'critere': 'Volume Trend (YTD)', 'score': -2, 'raison': 'year_to_date_volume=Very bearish'}, {'critere': 'Volume Trend (1Y rolling)', 'score': -2, 'raison': 'one_year_rolling_volume=Very bearish'}, {'critere': 'Volume Trend (5Y rolling)', 'score': 2, 'raison': 'five_year_rolling_volume=Very bullish'}, {'critere': 'Most slope direction (this month)', 'score': -1, 'raison': 'this_month_most_direction=Down'}, {'critere': 'Most slope direction (last month)', 'score': 1, 'raison': 'last_month_most_direction=Up'}, {'critere': 'Most slope direction (YTD)', 'score': 1, 'raison': 'year_to_date_direction=Up'}, {'critere': 'Most slope direction (1Y rolling)', 'score': 1, 'raison': 'one_year_rolling_period_most_direction=Up'}, {'critere': 'Most slope direction (5Y rolling)', 'score': 1, 'raison': 'five_year_rolling_period_most_direction=Up'}, {'critere': 'Company news sentiment', 'score': 0, 'raison': 'diff=-0.07 neutre'}, {'critere': 'Country news sentiment', 'score': 0, 'raison': 'diff=-0.20 neutre'}, {'critere': 'Insider sentiment', 'score': -1, 'raison': 'insider_sentiment=-1'}]}",sell,-3.094
112,tsla,2025-07-09,297.54998779296875,296.1900024414,293.54998779296875,300.1499938964844,Automobiles,0.42,0.43,0.15,1,0.3132530120481928,0.6867469879518072,0.37,0.63,"{'mean_sentiment': '0.20', 'positif': '40.00', 'negatifs': '40.00'}","{'current': 296.2, 'high': 500.0, 'low': 115.0, 'mean': 306.07172, 'median': 303.0}",70130208,Up,Down,Down,Down,Up,Bearish,Very bearish,Very bearish,Bullish,Bullish,Very bearish,Very bearish,Very bullish,Very bearish,Very bearish,buy,"{'decision': 'sell', 'score_total': -9.087, 'details': [{'critere': 'Analyst recommendation', 'score': 1, 'raison': 'Reco du mois = buy'}, {'critere': 'StrongBuy distribution', 'score': 0.43, 'raison': 'mean_strongBuy=0.43'}, {'critere': 'StrongSell distribution', 'score': -0.15, 'raison': 'mean_strongSell=-0.15'}, {'critere': 'Gap between actual price and the LOW analyst price target', 'score': -0.612, 'raison': '(115.0 - 296.2) / 296.2=-0.611748818365969'}, {'critere': 'Gap between actual price and the HIGH analyst price target', 'score': 0.688, 'raison': '(500.0 - 296.2) / 296.2=0.6880486158001351'}, {'critere': 'Gap between actual price and the MEDIAN analyst price target', 'score': 0.023, 'raison': '(303.0 - 296.2) / 296.2=0.022957461174881875'}, {'critere': 'Gap between actual price and the MEAN analyst price target', 'score': 0.033, 'raison': '(306.07172 - 296.2) / 296.2=0.03332788656313315'}, {'critere': 'Price Trend (this month)', 'score': -0.5, 'raison': 'this_month_trend=Bearish'}, {'critere': 'Price Trend (last month)', 'score': -2, 'raison': 'last_month_trend=Very bearish'}, {'critere': 'Price Trend (YTD)', 'score': -2, 'raison': 'year_to_date_trend=Very bearish'}, {'critere': 'Price Trend (1Y rolling)', 'score': 0.5, 'raison': 'one_year_rolling_trend=Bullish'}, {'critere': 'Price Trend (5Y rolling)', 'score': 0.5, 'raison': 'five_year_rollingtrend=Bullish'}, {'critere': 'Volume Trend (this month)', 'score': -2, 'raison': 'this_month_volume=Very bearish'}, {'critere': 'Volume Trend (last month)', 'score': -2, 'raison': 'last_month_volume=Very bearish'}, {'critere': 'Volume Trend (YTD)', 'score': 2, 'raison': 'year_to_date_volume=Very bullish'}, {'critere': 'Volume Trend (1Y rolling)', 'score': -2, 'raison': 'one_year_rolling_volume=Very bearish'}, {'critere': 'Volume Trend (5Y rolling)', 'score': -2, 'raison': 'five_year_rolling_volume=Very bearish'}, {'critere': 'Most slope direction (this month)', 'score': 1, 'raison': 'this_month_most_direction=Up'}, {'critere': 'Most slope direction (last month)', 'score': -1, 'raison': 'last_month_most_direction=Down'}, {'critere': 'Most slope direction (YTD)', 'score': -1, 'raison': 'year_to_date_direction=Down'}, {'critere': 'Most slope direction (1Y rolling)', 'score': -1, 'raison': 'one_year_rolling_period_most_direction=Down'}, {'critere': 'Most slope direction (5Y rolling)', 'score': 1, 'raison': 'five_year_rolling_period_most_direction=Up'}, {'critere': 'Company news sentiment', 'score': -0.5, 'raison': 'diff=-0.37 ≤ -0.25'}, {'critere': 'Country news sentiment', 'score': -0.5, 'raison': 'diff=-0.26 ≤ -0.25'}, {'critere': 'Insider sentiment', 'score': 1, 'raison': 'insider_sentiment=1'}]}",sell,-9.087
113,tsla,2025-07-10,300.04998779296875,309.8699951172,300.0,310.4800109863281,Automobiles,0.42,0.43,0.15,1,0.31790123456790126,0.6820987654320988,0.4,0.6,"{'mean_sentiment': '0.20', 'positif': '40.00', 'negatifs': '40.00'}","{'current': 309.87, 'high': 500.0, 'low': 115.0, 'mean': 306.07172, 'median': 303.0}",103503743,Up,Down,Down,Up,Up,Very bullish,Very bearish,Very bearish,Bullish,Bullish,Very bearish,Very bearish,Very bullish,Very bearish,Very bearish,buy,"{'decision': 'sell', 'score_total': -4.27, 'details': [{'critere': 'Analyst recommendation', 'score': 1, 'raison': 'Reco du mois = buy'}, {'critere': 'StrongBuy distribution', 'score': 0.43, 'raison': 'mean_strongBuy=0.43'}, {'critere': 'StrongSell distribution', 'score': -0.15, 'raison': 'mean_strongSell=-0.15'}, {'critere': 'Gap between actual price and the LOW analyst price target', 'score': -0.629, 'raison': '(115.0 - 309.87) / 309.87=-0.6288766256817375'}, {'critere': 'Gap between actual price and the HIGH analyst price target', 'score': 0.614, 'raison': '(500.0 - 309.87) / 309.87=0.6135798883402717'}, {'critere': 'Gap between actual price and the MEDIAN analyst price target', 'score': -0.022, 'raison': '(303.0 - 309.87) / 309.87=-0.022170587665795348'}, {'critere': 'Gap between actual price and the MEAN analyst price target', 'score': -0.012, 'raison': '(306.07172 - 309.87) / 309.87=-0.0122576564365701'}, {'critere': 'Price Trend (this month)', 'score': 2, 'raison': 'this_month_trend=Very bullish'}, {'critere': 'Price Trend (last month)', 'score': -2, 'raison': 'last_month_trend=Very bearish'}, {'critere': 'Price Trend (YTD)', 'score': -2, 'raison': 'year_to_date_trend=Very bearish'}, {'critere': 'Price Trend (1Y rolling)', 'score': 0.5, 'raison': 'one_year_rolling_trend=Bullish'}, {'critere': 'Price Trend (5Y rolling)', 'score': 0.5, 'raison': 'five_year_rollingtrend=Bullish'}, {'critere': 'Volume Trend (this month)', 'score': -2, 'raison': 'this_month_volume=Very bearish'}, {'critere': 'Volume Trend (last month)', 'score': -2, 'raison': 'last_month_volume=Very bearish'}, {'critere': 'Volume Trend (YTD)', 'score': 2, 'raison': 'year_to_date_volume=Very bullish'}, {'critere': 'Volume Trend (1Y rolling)', 'score': -2, 'raison': 'one_year_rolling_volume=Very bearish'}, {'critere': 'Volume Trend (5Y rolling)', 'score': -2, 'raison': 'five_year_rolling_volume=Very bearish'}, {'critere': 'Most slope direction (this month)', 'score': 1, 'raison': 'this_month_most_direction=Up'}, {'critere': 'Most slope direction (last month)', 'score': -1, 'raison': 'last_month_most_direction=Down'}, {'critere': 'Most slope direction (YTD)', 'score': -1, 'raison': 'year_to_date_direction=Down'}, {'critere': 'Most slope direction (1Y rolling)', 'score': 1, 'raison': 'one_year_rolling_period_most_direction=Up'}, {'critere': 'Most slope direction (5Y rolling)', 'score': 1, 'raison': 'five_year_rolling_period_most_direction=Up'}, {'critere': 'Company news sentiment', 'score': -0.5, 'raison': 'diff=-0.36 ≤ -0.25'}, {'critere': 'Country news sentiment', 'score': 0, 'raison': 'diff=-0.20 neutre'}, {'critere': 'Insider sentiment', 'score': 1, 'raison': 'insider_sentiment=1'}]}",sell,-4.27
114,tsla,2025-07-11,307.8900146484375,313.5100097656,305.6499938964844,314.0899963378906,Automobiles,0.42,0.43,0.15,1,0.3507692307692308,0.6492307692307693,0.5,0.5,"{'mean_sentiment': '0.20', 'positif': '40.00', 'negatifs': '40.00'}","{'current': 313.51, 'high': 500.0, 'low': 115.0, 'mean': 306.07172, 'median': 303.0}",77499572,Up,Down,Down,Up,Up,Very bullish,Very bearish,Very bearish,Bullish,Bullish,Very bearish,Very bearish,Very bullish,Very bearish,Very bearish,buy,"{'decision': 'sell', 'score_total': -4.316, 'details': [{'critere': 'Analyst recommendation', 'score': 1, 'raison': 'Reco du mois = buy'}, {'critere': 'StrongBuy distribution', 'score': 0.43, 'raison': 'mean_strongBuy=0.43'}, {'critere': 'StrongSell distribution', 'score': -0.15, 'raison': 'mean_strongSell=-0.15'}, {'critere': 'Gap between actual price and the LOW analyst price target', 'score': -0.633, 'raison': '(115.0 - 313.51) / 313.51=-0.6331855443207554'}, {'critere': 'Gap between actual price and the HIGH analyst price target', 'score': 0.595, 'raison': '(500.0 - 313.51) / 313.51=0.5948454594749769'}, {'critere': 'Gap between actual price and the MEDIAN analyst price target', 'score': -0.034, 'raison': '(303.0 - 313.51) / 313.51=-0.03352365155816399'}, {'critere': 'Gap between actual price and the MEAN analyst price target', 'score': -0.024, 'raison': '(306.07172 - 313.51) / 313.51=-0.023725814168606946'}, {'critere': 'Price Trend (this month)', 'score': 2, 'raison': 'this_month_trend=Very bullish'}, {'critere': 'Price Trend (last month)', 'score': -2, 'raison': 'last_month_trend=Very bearish'}, {'critere': 'Price Trend (YTD)', 'score': -2, 'raison': 'year_to_date_trend=Very bearish'}, {'critere': 'Price Trend (1Y rolling)', 'score': 0.5, 'raison': 'one_year_rolling_trend=Bullish'}, {'critere': 'Price Trend (5Y rolling)', 'score': 0.5, 'raison': 'five_year_rollingtrend=Bullish'}, {'critere': 'Volume Trend (this month)', 'score': -2, 'raison': 'this_month_volume=Very bearish'}, {'critere': 'Volume Trend (last month)', 'score': -2, 'raison': 'last_month_volume=Very bearish'}, {'critere': 'Volume Trend (YTD)', 'score': 2, 'raison': 'year_to_date_volume=Very bullish'}, {'critere': 'Volume Trend (1Y rolling)', 'score': -2, 'raison': 'one_year_rolling_volume=Very bearish'}, {'critere': 'Volume Trend (5Y rolling)', 'score': -2, 'raison': 'five_year_rolling_volume=Very bearish'}, {'critere': 'Most slope direction (this month)', 'score': 1, 'raison': 'this_month_most_direction=Up'}, {'critere': 'Most slope direction (last month)', 'score': -1, 'raison': 'last_month_most_direction=Down'}, {'critere': 'Most slope direction (YTD)', 'score': -1, 'raison': 'year_to_date_direction=Down'}, {'critere': 'Most slope direction (1Y rolling)', 'score': 1, 'raison': 'one_year_rolling_period_most_direction=Up'}, {'critere': 'Most slope direction (5Y rolling)', 'score': 1, 'raison': 'five_year_rolling_period_most_direction=Up'}, {'critere': 'Company news sentiment', 'score': -0.5, 'raison': 'diff=-0.30 ≤ -0.25'}, {'critere': 'Country news sentiment', 'score': 0, 'raison': 'diff=0.00 neutre'}, {'critere': 'Insider sentiment', 'score': 1, 'raison': 'insider_sentiment=1'}]}",sell,-4.316
115,tsla,2025-07-14,317.7300109863281,316.8999938965,312.6700134277344,322.6000061035156,Automobiles,0.42,0.43,0.15,1,0.3742138364779874,0.6257861635220126,0.38,0.62,"{'mean_sentiment': '0.20', 'positif': '40.00', 'negatifs': '40.00'}","{'current': 316.9, 'high': 500.0, 'low': 115.0, 'mean': 306.07172, 'median': 303.0}",77330880,Up,Down,Down,Down,Up,Very bullish,Bearish,Very bearish,Bullish,Bullish,Very bearish,Very bearish,Very bullish,Very bearish,Very bearish,buy,"{'decision': 'sell', 'score_total': -4.857, 'details': [{'critere': 'Analyst recommendation', 'score': 1, 'raison': 'Reco du mois = buy'}, {'critere': 'StrongBuy distribution', 'score': 0.43, 'raison': 'mean_strongBuy=0.43'}, {'critere': 'StrongSell distribution', 'score': -0.15, 'raison': 'mean_strongSell=-0.15'}, {'critere': 'Gap between actual price and the LOW analyst price target', 'score': -0.637, 'raison': '(115.0 - 316.9) / 316.9=-0.6371094982644367'}, {'critere': 'Gap between actual price and the HIGH analyst price target', 'score': 0.578, 'raison': '(500.0 - 316.9) / 316.9=0.577784790154623'}, {'critere': 'Gap between actual price and the MEDIAN analyst price target', 'score': -0.044, 'raison': '(303.0 - 316.9) / 316.9=-0.04386241716629845'}, {'critere': 'Gap between actual price and the MEAN analyst price target', 'score': -0.034, 'raison': '(306.07172 - 316.9) / 316.9=-0.034169390975070844'}, {'critere': 'Price Trend (this month)', 'score': 2, 'raison': 'this_month_trend=Very bullish'}, {'critere': 'Price Trend (last month)', 'score': -0.5, 'raison': 'last_month_trend=Bearish'}, {'critere': 'Price Trend (YTD)', 'score': -2, 'raison': 'year_to_date_trend=Very bearish'}, {'critere': 'Price Trend (1Y rolling)', 'score': 0.5, 'raison': 'one_year_rolling_trend=Bullish'}, {'critere': 'Price Trend (5Y rolling)', 'score': 0.5, 'raison': 'five_year_rollingtrend=Bullish'}, {'critere': 'Volume Trend (this month)', 'score': -2, 'raison': 'this_month_volume=Very bearish'}, {'critere': 'Volume Trend (last month)', 'score': -2, 'raison': 'last_month_volume=Very bearish'}, {'critere': 'Volume Trend (YTD)', 'score': 2, 'raison': 'year_to_date_volume=Very bullish'}, {'critere': 'Volume Trend (1Y rolling)', 'score': -2, 'raison': 'one_year_rolling_volume=Very bearish'}, {'critere': 'Volume Trend (5Y rolling)', 'score': -2, 'raison': 'five_year_rolling_volume=Very bearish'}, {'critere': 'Most slope direction (this month)', 'score': 1, 'raison': 'this_month_most_direction=Up'}, {'critere': 'Most slope direction (last month)', 'score': -1, 'raison': 'last_month_most_direction=Down'}, {'critere': 'Most slope direction (YTD)', 'score': -1, 'raison': 'year_to_date_direction=Down'}, {'critere': 'Most slope direction (1Y rolling)', 'score': -1, 'raison': 'one_year_rolling_period_most_direction=Down'}, {'critere': 'Most slope direction (5Y rolling)', 'score': 1, 'raison': 'five_year_rolling_period_most_direction=Up'}, {'critere': 'Company news sentiment', 'score': -0.5, 'raison': 'diff=-0.25 ≤ -0.25'}, {'critere': 'Country news sentiment', 'score': 0, 'raison': 'diff=-0.24 neutre'}, {'critere': 'Insider sentiment', 'score': 1, 'raison': 'insider_sentiment=1'}]}",sell,-4.857
116,tsla,2025-07-15,319.67999267578125,310.7799987793,310.5,321.20001220703125,Automobiles,0.42,0.43,0.15,1,0.3805031446540881,0.6194968553459119,0.41,0.59,"{'mean_sentiment': '0.20', 'positif': '40.00', 'negatifs': '40.00'}","{'current': 310.78, 'high': 500.0, 'low': 115.0, 'mean': 306.07172, 'median': 303.0}",76091655,Up,Down,Down,Down,Up,Bullish,Bearish,Very bearish,Bullish,Bullish,Very bearish,Very bearish,Very bullish,Very bearish,Very bearish,buy,"{'decision': 'sell', 'score_total': -5.781, 'details': [{'critere': 'Analyst recommendation', 'score': 1, 'raison': 'Reco du mois = buy'}, {'critere': 'StrongBuy distribution', 'score': 0.43, 'raison': 'mean_strongBuy=0.43'}, {'critere': 'StrongSell distribution', 'score': -0.15, 'raison': 'mean_strongSell=-0.15'}, {'critere': 'Gap between actual price and the LOW analyst price target', 'score': -0.63, 'raison': '(115.0 - 310.78) / 310.78=-0.629963318102838'}, {'critere': 'Gap between actual price and the HIGH analyst price target', 'score': 0.609, 'raison': '(500.0 - 310.78) / 310.78=0.6088551386833131'}, {'critere': 'Gap between actual price and the MEDIAN analyst price target', 'score': -0.025, 'raison': '(303.0 - 310.78) / 310.78=-0.025033785957912263'}, {'critere': 'Gap between actual price and the MEAN analyst price target', 'score': -0.015, 'raison': '(306.07172 - 310.78) / 310.78=-0.015149880944719562'}, {'critere': 'Price Trend (this month)', 'score': 0.5, 'raison': 'this_month_trend=Bullish'}, {'critere': 'Price Trend (last month)', 'score': -0.5, 'raison': 'last_month_trend=Bearish'}, {'critere': 'Price Trend (YTD)', 'score': -2, 'raison': 'year_to_date_trend=Very bearish'}, {'critere': 'Price Trend (1Y rolling)', 'score': 0.5, 'raison': 'one_year_rolling_trend=Bullish'}, {'critere': 'Price Trend (5Y rolling)', 'score': 0.5, 'raison': 'five_year_rollingtrend=Bullish'}, {'critere': 'Volume Trend (this month)', 'score': -2, 'raison': 'this_month_volume=Very bearish'}, {'critere': 'Volume Trend (last month)', 'score': -2, 'raison': 'last_month_volume=Very bearish'}, {'critere': 'Volume Trend (YTD)', 'score': 2, 'raison': 'year_to_date_volume=Very bullish'}, {'critere': 'Volume Trend (1Y rolling)', 'score': -2, 'raison': 'one_year_rolling_volume=Very bearish'}, {'critere': 'Volume Trend (5Y rolling)', 'score': -2, 'raison': 'five_year_rolling_volume=Very bearish'}, {'critere': 'Most slope direction (this month)', 'score': 1, 'raison': 'this_month_most_direction=Up'}, {'critere': 'Most slope direction (last month)', 'score': -1, 'raison': 'last_month_most_direction=Down'}, {'critere': 'Most slope direction (YTD)', 'score': -1, 'raison': 'year_to_date_direction=Down'}, {'critere': 'Most slope direction (1Y rolling)', 'score': -1, 'raison': 'one_year_rolling_period_most_direction=Down'}, {'critere': 'Most slope direction (5Y rolling)', 'score': 1, 'raison': 'five_year_rolling_period_most_direction=Up'}, {'critere': 'Company news sentiment', 'score': 0, 'raison': 'diff=-0.24 neutre'}, {'critere': 'Country news sentiment', 'score': 0, 'raison': 'diff=-0.18 neutre'}, {'critere': 'Insider sentiment', 'score': 1, 'raison': 'insider_sentiment=1'}]}",sell,-5.781
117,tsla,2025-07-16,312.79998779296875,321.6700134277,312.6199951171875,323.5,Automobiles,0.42,0.43,0.15,1,0.375,0.625,0.39,0.61,"{'mean_sentiment': '0.20', 'positif': '40.00', 'negatifs': '40.00'}","{'current': 321.67, 'high': 500.0, 'low': 115.0, 'mean': 306.07172, 'median': 303.0}",96170401,Up,Down,Down,Down,Up,Very bullish,Bearish,Very bearish,Bullish,Bullish,Very bearish,Very bearish,Very bullish,Very bearish,Very bearish,buy,"{'decision': 'sell', 'score_total': -4.915, 'details': [{'critere': 'Analyst recommendation', 'score': 1, 'raison': 'Reco du mois = buy'}, {'critere': 'StrongBuy distribution', 'score': 0.43, 'raison': 'mean_strongBuy=0.43'}, {'critere': 'StrongSell distribution', 'score': -0.15, 'raison': 'mean_strongSell=-0.15'}, {'critere': 'Gap between actual price and the LOW analyst price target', 'score': -0.642, 'raison': '(115.0 - 321.67) / 321.67=-0.6424907513911773'}, {'critere': 'Gap between actual price and the HIGH analyst price target', 'score': 0.554, 'raison': '(500.0 - 321.67) / 321.67=0.5543880374296639'}, {'critere': 'Gap between actual price and the MEDIAN analyst price target', 'score': -0.058, 'raison': '(303.0 - 321.67) / 321.67=-0.0580408493176237'}, {'critere': 'Gap between actual price and the MEAN analyst price target', 'score': -0.048, 'raison': '(306.07172 - 321.67) / 321.67=-0.04849155967295672'}, {'critere': 'Price Trend (this month)', 'score': 2, 'raison': 'this_month_trend=Very bullish'}, {'critere': 'Price Trend (last month)', 'score': -0.5, 'raison': 'last_month_trend=Bearish'}, {'critere': 'Price Trend (YTD)', 'score': -2, 'raison': 'year_to_date_trend=Very bearish'}, {'critere': 'Price Trend (1Y rolling)', 'score': 0.5, 'raison': 'one_year_rolling_trend=Bullish'}, {'critere': 'Price Trend (5Y rolling)', 'score': 0.5, 'raison': 'five_year_rollingtrend=Bullish'}, {'critere': 'Volume Trend (this month)', 'score': -2, 'raison': 'this_month_volume=Very bearish'}, {'critere': 'Volume Trend (last month)', 'score': -2, 'raison': 'last_month_volume=Very bearish'}, {'critere': 'Volume Trend (YTD)', 'score': 2, 'raison': 'year_to_date_volume=Very bullish'}, {'critere': 'Volume Trend (1Y rolling)', 'score': -2, 'raison': 'one_year_rolling_volume=Very bearish'}, {'critere': 'Volume Trend (5Y rolling)', 'score': -2, 'raison': 'five_year_rolling_volume=Very bearish'}, {'critere': 'Most slope direction (this month)', 'score': 1, 'raison': 'this_month_most_direction=Up'}, {'critere': 'Most slope direction (last month)', 'score': -1, 'raison': 'last_month_most_direction=Down'}, {'critere': 'Most slope direction (YTD)', 'score': -1, 'raison': 'year_to_date_direction=Down'}, {'critere': 'Most slope direction (1Y rolling)', 'score': -1, 'raison': 'one_year_rolling_period_most_direction=Down'}, {'critere': 'Most slope direction (5Y rolling)', 'score': 1, 'raison': 'five_year_rolling_period_most_direction=Up'}, {'critere': 'Company news sentiment', 'score': -0.5, 'raison': 'diff=-0.25 ≤ -0.25'}, {'critere': 'Country news sentiment', 'score': 0, 'raison': 'diff=-0.22 neutre'}, {'critere': 'Insider sentiment', 'score': 1, 'raison': 'insider_sentiment=1'}]}",sell,-4.915
118,tsla,2025-07-17,323.1499938964844,319.4100036621,317.05999755859375,324.3399963378906,Automobiles,0.42,0.43,0.15,1,0.37383177570093457,0.6261682242990654,0.46,0.54,"{'mean_sentiment': '0.20', 'positif': '40.00', 'negatifs': '40.00'}","{'current': 319.41, 'high': 500.0, 'low': 115.0, 'mean': 306.07172, 'median': 303.0}",73310775,Up,Down,Down,Up,Up,Very bullish,Bearish,Very bearish,Bullish,Bullish,Very bearish,Very bearish,Very bullish,Very bearish,Very bearish,buy,"{'decision': 'sell', 'score_total': -2.888, 'details': [{'critere': 'Analyst recommendation', 'score': 1, 'raison': 'Reco du mois = buy'}, {'critere': 'StrongBuy distribution', 'score': 0.43, 'raison': 'mean_strongBuy=0.43'}, {'critere': 'StrongSell distribution', 'score': -0.15, 'raison': 'mean_strongSell=-0.15'}, {'critere': 'Gap between actual price and the LOW analyst price target', 'score': -0.64, 'raison': '(115.0 - 319.41) / 319.41=-0.6399611784227169'}, {'critere': 'Gap between actual price and the HIGH analyst price target', 'score': 0.565, 'raison': '(500.0 - 319.41) / 319.41=0.565386180770796'}, {'critere': 'Gap between actual price and the MEDIAN analyst price target', 'score': -0.051, 'raison': '(303.0 - 319.41) / 319.41=-0.051375974452897606'}, {'critere': 'Gap between actual price and the MEAN analyst price target', 'score': -0.042, 'raison': '(306.07172 - 319.41) / 319.41=-0.04175911837450298'}, {'critere': 'Price Trend (this month)', 'score': 2, 'raison': 'this_month_trend=Very bullish'}, {'critere': 'Price Trend (last month)', 'score': -0.5, 'raison': 'last_month_trend=Bearish'}, {'critere': 'Price Trend (YTD)', 'score': -2, 'raison': 'year_to_date_trend=Very bearish'}, {'critere': 'Price Trend (1Y rolling)', 'score': 0.5, 'raison': 'one_year_rolling_trend=Bullish'}, {'critere': 'Price Trend (5Y rolling)', 'score': 0.5, 'raison': 'five_year_rollingtrend=Bullish'}, {'critere': 'Volume Trend (this month)', 'score': -2, 'raison': 'this_month_volume=Very bearish'}, {'critere': 'Volume Trend (last month)', 'score': -2, 'raison': 'last_month_volume=Very bearish'}, {'critere': 'Volume Trend (YTD)', 'score': 2, 'raison': 'year_to_date_volume=Very bullish'}, {'critere': 'Volume Trend (1Y rolling)', 'score': -2, 'raison': 'one_year_rolling_volume=Very bearish'}, {'critere': 'Volume Trend (5Y rolling)', 'score': -2, 'raison': 'five_year_rolling_volume=Very bearish'}, {'critere': 'Most slope direction (this month)', 'score': 1, 'raison': 'this_month_most_direction=Up'}, {'critere': 'Most slope direction (last month)', 'score': -1, 'raison': 'last_month_most_direction=Down'}, {'critere': 'Most slope direction (YTD)', 'score': -1, 'raison': 'year_to_date_direction=Down'}, {'critere': 'Most slope direction (1Y rolling)', 'score': 1, 'raison': 'one_year_rolling_period_most_direction=Up'}, {'critere': 'Most slope direction (5Y rolling)', 'score': 1, 'raison': 'five_year_rolling_period_most_direction=Up'}, {'critere': 'Company news sentiment', 'score': -0.5, 'raison': 'diff=-0.25 ≤ -0.25'}, {'critere': 'Country news sentiment', 'score': 0, 'raison': 'diff=-0.08 neutre'}, {'critere': 'Insider sentiment', 'score': 1, 'raison': 'insider_sentiment=1'}]}",sell,-2.888
140,wmt,2025-07-09,96.92362331365887,96.8199996948,96.15541329943636,97.06329647776903,Retail,0.0,1.0,0.0,-1,0.4782608695652174,0.5217391304347826,0.37,0.63,"{'mean_sentiment': '0.97', 'positif': '96.55', 'negatifs': '3.45'}","{'current': 96.82, 'high': 120.0, 'low': 64.0, 'mean': 108.95053, 'median': 110.0}",10368840,Down,Up,Up,Up,Up,Bearish,Stagnant,Stagnant,Stagnant,Stagnant,Very bearish,Very bearish,Very bullish,Very bearish,Very bearish,buy,"{'decision': 'sell', 'score_total': -2.838, 'details': [{'critere': 'Analyst recommendation', 'score': 1, 'raison': 'Reco du mois = buy'}, {'critere': 'StrongBuy distribution', 'score': 1.0, 'raison': 'mean_strongBuy=1.0'}, {'critere': 'StrongSell distribution', 'score': -0.0, 'raison': 'mean_strongSell=-0.0'}, {'critere': 'Gap between actual price and the LOW analyst price target', 'score': -0.339, 'raison': '(64.0 - 96.82) / 96.82=-0.3389795496798182'}, {'critere': 'Gap between actual price and the HIGH analyst price target', 'score': 0.239, 'raison': '(120.0 - 96.82) / 96.82=0.23941334435034092'}, {'critere': 'Gap between actual price and the MEDIAN analyst price target', 'score': 0.136, 'raison': '(110.0 - 96.82) / 96.82=0.13612889898781252'}, {'critere': 'Gap between actual price and the MEAN analyst price target', 'score': 0.125, 'raison': '(108.95053 - 96.82) / 96.82=0.12528950630035124'}, {'critere': 'Price Trend (this month)', 'score': -0.5, 'raison': 'this_month_trend=Bearish'}, {'critere': 'Price Trend (last month)', 'score': 0, 'raison': 'last_month_trend=Stagnant'}, {'critere': 'Price Trend (YTD)', 'score': 0, 'raison': 'year_to_date_trend=Stagnant'}, {'critere': 'Price Trend (1Y rolling)', 'score': 0, 'raison': 'one_year_rolling_trend=Stagnant'}, {'critere': 'Price Trend (5Y rolling)', 'score': 0, 'raison': 'five_year_rollingtrend=Stagnant'}, {'critere': 'Volume Trend (this month)', 'score': -2, 'raison': 'this_month_volume=Very bearish'}, {'critere': 'Volume Trend (last month)', 'score': -2, 'raison': 'last_month_volume=Very bearish'}, {'critere': 'Volume Trend (YTD)', 'score': 2, 'raison': 'year_to_date_volume=Very bullish'}, {'critere': 'Volume Trend (1Y rolling)', 'score': -2, 'raison': 'one_year_rolling_volume=Very bearish'}, {'critere': 'Volume Trend (5Y rolling)', 'score': -2, 'raison': 'five_year_rolling_volume=Very bearish'}, {'critere': 'Most slope direction (this month)', 'score': -1, 'raison': 'this_month_most_direction=Down'}, {'critere': 'Most slope direction (last month)', 'score': 1, 'raison': 'last_month_most_direction=Up'}, {'critere': 'Most slope direction (YTD)', 'score': 1, 'raison': 'year_to_date_direction=Up'}, {'critere': 'Most slope direction (1Y rolling)', 'score': 1, 'raison': 'one_year_rolling_period_most_direction=Up'}, {'critere': 'Most slope direction (5Y rolling)', 'score': 1, 'raison': 'five_year_rolling_period_most_direction=Up'}, {'critere': 'Company news sentiment', 'score': 0, 'raison': 'diff=-0.04 neutre'}, {'critere': 'Country news sentiment', 'score': -0.5, 'raison': 'diff=-0.26 ≤ -0.25'}, {'critere': 'Insider sentiment', 'score': -1, 'raison': 'insider_sentiment=-1'}]}",sell,-2.838
141,wmt,2025-07-10,96.43477055168755,94.8600006104,94.51923867080689,96.55448606125603,Retail,0.0,1.0,0.0,-1,0.5434782608695652,0.45652173913043476,0.4,0.6,"{'mean_sentiment': '0.97', 'positif': '96.55', 'negatifs': '3.45'}","{'current': 94.86, 'high': 120.0, 'low': 64.0, 'mean': 108.95053, 'median': 110.0}",15861149,Down,Up,Up,Up,Up,Bearish,Bearish,Stagnant,Stagnant,Stagnant,Very bearish,Very bearish,Very bullish,Very bearish,Very bearish,buy,"{'decision': 'sell', 'score_total': -2.752, 'details': [{'critere': 'Analyst recommendation', 'score': 1, 'raison': 'Reco du mois = buy'}, {'critere': 'StrongBuy distribution', 'score': 1.0, 'raison': 'mean_strongBuy=1.0'}, {'critere': 'StrongSell distribution', 'score': -0.0, 'raison': 'mean_strongSell=-0.0'}, {'critere': 'Gap between actual price and the LOW analyst price target', 'score': -0.325, 'raison': '(64.0 - 94.86) / 94.86=-0.32532152646004636'}, {'critere': 'Gap between actual price and the HIGH analyst price target', 'score': 0.265, 'raison': '(120.0 - 94.86) / 94.86=0.265022137887413'}, {'critere': 'Gap between actual price and the MEDIAN analyst price target', 'score': 0.16, 'raison': '(110.0 - 94.86) / 94.86=0.1596036263967953'}, {'critere': 'Gap between actual price and the MEAN analyst price target', 'score': 0.149, 'raison': '(108.95053 - 94.86) / 94.86=0.14854026987138944'}, {'critere': 'Price Trend (this month)', 'score': -0.5, 'raison': 'this_month_trend=Bearish'}, {'critere': 'Price Trend (last month)', 'score': -0.5, 'raison': 'last_month_trend=Bearish'}, {'critere': 'Price Trend (YTD)', 'score': 0, 'raison': 'year_to_date_trend=Stagnant'}, {'critere': 'Price Trend (1Y rolling)', 'score': 0, 'raison': 'one_year_rolling_trend=Stagnant'}, {'critere': 'Price Trend (5Y rolling)', 'score': 0, 'raison': 'five_year_rollingtrend=Stagnant'}, {'critere': 'Volume Trend (this month)', 'score': -2, 'raison': 'this_month_volume=Very bearish'}, {'critere': 'Volume Trend (last month)', 'score': -2, 'raison': 'last_month_volume=Very bearish'}, {'critere': 'Volume Trend (YTD)', 'score': 2, 'raison': 'year_to_date_volume=Very bullish'}, {'critere': 'Volume Trend (1Y rolling)', 'score': -2, 'raison': 'one_year_rolling_volume=Very bearish'}, {'critere': 'Volume Trend (5Y rolling)', 'score': -2, 'raison': 'five_year_rolling_volume=Very bearish'}, {'critere': 'Most slope direction (this month)', 'score': -1, 'raison': 'this_month_most_direction=Down'}, {'critere': 'Most slope direction (last month)', 'score': 1, 'raison': 'last_month_most_direction=Up'}, {'critere': 'Most slope direction (YTD)', 'score': 1, 'raison': 'year_to_date_direction=Up'}, {'critere': 'Most slope direction (1Y rolling)', 'score': 1, 'raison': 'one_year_rolling_period_most_direction=Up'}, {'critere': 'Most slope direction (5Y rolling)', 'score': 1, 'raison': 'five_year_rolling_period_most_direction=Up'}, {'critere': 'Company news sentiment', 'score': 0, 'raison': 'diff=0.09 neutre'}, {'critere': 'Country news sentiment', 'score': 0, 'raison': 'diff=-0.20 neutre'}, {'critere': 'Insider sentiment', 'score': -1, 'raison': 'insider_sentiment=-1'}]}",sell,-2.752
142,wmt,2025-07-11,94.78861001084915,94.4000015259,94.01042878321695,95.30739495873178,Retail,0.0,1.0,0.0,-1,0.5445544554455446,0.45544554455445546,0.5,0.5,"{'mean_sentiment': '0.97', 'positif': '96.55', 'negatifs': '3.45'}","{'current': 94.4, 'high': 120.0, 'low': 64.0, 'mean': 108.95053, 'median': 110.0}",11176292,Down,Down,Up,Up,Up,Bearish,Bearish,Stagnant,Stagnant,Stagnant,Very bearish,Very bearish,Very bullish,Very bearish,Very bearish,buy,"{'decision': 'sell', 'score_total': -4.731, 'details': [{'critere': 'Analyst recommendation', 'score': 1, 'raison': 'Reco du mois = buy'}, {'critere': 'StrongBuy distribution', 'score': 1.0, 'raison': 'mean_strongBuy=1.0'}, {'critere': 'StrongSell distribution', 'score': -0.0, 'raison': 'mean_strongSell=-0.0'}, {'critere': 'Gap between actual price and the LOW analyst price target', 'score': -0.322, 'raison': '(64.0 - 94.4) / 94.4=-0.3220338983050848'}, {'critere': 'Gap between actual price and the HIGH analyst price target', 'score': 0.271, 'raison': '(120.0 - 94.4) / 94.4=0.27118644067796605'}, {'critere': 'Gap between actual price and the MEDIAN analyst price target', 'score': 0.165, 'raison': '(110.0 - 94.4) / 94.4=0.1652542372881355'}, {'critere': 'Gap between actual price and the MEAN analyst price target', 'score': 0.154, 'raison': '(108.95053 - 94.4) / 94.4=0.154136970338983'}, {'critere': 'Price Trend (this month)', 'score': -0.5, 'raison': 'this_month_trend=Bearish'}, {'critere': 'Price Trend (last month)', 'score': -0.5, 'raison': 'last_month_trend=Bearish'}, {'critere': 'Price Trend (YTD)', 'score': 0, 'raison': 'year_to_date_trend=Stagnant'}, {'critere': 'Price Trend (1Y rolling)', 'score': 0, 'raison': 'one_year_rolling_trend=Stagnant'}, {'critere': 'Price Trend (5Y rolling)', 'score': 0, 'raison': 'five_year_rollingtrend=Stagnant'}, {'critere': 'Volume Trend (this month)', 'score': -2, 'raison': 'this_month_volume=Very bearish'}, {'critere': 'Volume Trend (last month)', 'score': -2, 'raison': 'last_month_volume=Very bearish'}, {'critere': 'Volume Trend (YTD)', 'score': 2, 'raison': 'year_to_date_volume=Very bullish'}, {'critere': 'Volume Trend (1Y rolling)', 'score': -2, 'raison': 'one_year_rolling_volume=Very bearish'}, {'critere': 'Volume Trend (5Y rolling)', 'score': -2, 'raison': 'five_year_rolling_volume=Very bearish'}, {'critere': 'Most slope direction (this month)', 'score': -1, 'raison': 'this_month_most_direction=Down'}, {'critere': 'Most slope direction (last month)', 'score': -1, 'raison': 'last_month_most_direction=Down'}, {'critere': 'Most slope direction (YTD)', 'score': 1, 'raison': 'year_to_date_direction=Up'}, {'critere': 'Most slope direction (1Y rolling)', 'score': 1, 'raison': 'one_year_rolling_period_most_direction=Up'}, {'critere': 'Most slope direction (5Y rolling)', 'score': 1, 'raison': 'five_year_rolling_period_most_direction=Up'}, {'critere': 'Company news sentiment', 'score': 0, 'raison': 'diff=0.09 neutre'}, {'critere': 'Country news sentiment', 'score': 0, 'raison': 'diff=0.00 neutre'}, {'critere': 'Insider sentiment', 'score': -1, 'raison': 'insider_sentiment=-1'}]}",sell,-4.731
143,wmt,2025-07-14,94.28977875280574,95.7799987793,94.16007680211162,95.61667385578423,Retail,0.0,1.0,0.0,-1,0.599009900990099,0.400990099009901,0.38,0.62,"{'mean_sentiment': '0.97', 'positif': '96.55', 'negatifs': '3.45'}","{'current': 95.78, 'high': 120.0, 'low': 64.0, 'mean': 108.95053, 'median': 110.0}",13763840,Down,Down,Up,Up,Up,Bearish,Bearish,Stagnant,Stagnant,Stagnant,Very bearish,Very bearish,Very bullish,Very bearish,Very bearish,buy,"{'decision': 'sell', 'score_total': -4.793, 'details': [{'critere': 'Analyst recommendation', 'score': 1, 'raison': 'Reco du mois = buy'}, {'critere': 'StrongBuy distribution', 'score': 1.0, 'raison': 'mean_strongBuy=1.0'}, {'critere': 'StrongSell distribution', 'score': -0.0, 'raison': 'mean_strongSell=-0.0'}, {'critere': 'Gap between actual price and the LOW analyst price target', 'score': -0.332, 'raison': '(64.0 - 95.78) / 95.78=-0.33180204635623306'}, {'critere': 'Gap between actual price and the HIGH analyst price target', 'score': 0.253, 'raison': '(120.0 - 95.78) / 95.78=0.25287116308206303'}, {'critere': 'Gap between actual price and the MEDIAN analyst price target', 'score': 0.148, 'raison': '(110.0 - 95.78) / 95.78=0.14846523282522445'}, {'critere': 'Gap between actual price and the MEAN analyst price target', 'score': 0.138, 'raison': '(108.95053 - 95.78) / 95.78=0.13750814366256003'}, {'critere': 'Price Trend (this month)', 'score': -0.5, 'raison': 'this_month_trend=Bearish'}, {'critere': 'Price Trend (last month)', 'score': -0.5, 'raison': 'last_month_trend=Bearish'}, {'critere': 'Price Trend (YTD)', 'score': 0, 'raison': 'year_to_date_trend=Stagnant'}, {'critere': 'Price Trend (1Y rolling)', 'score': 0, 'raison': 'one_year_rolling_trend=Stagnant'}, {'critere': 'Price Trend (5Y rolling)', 'score': 0, 'raison': 'five_year_rollingtrend=Stagnant'}, {'critere': 'Volume Trend (this month)', 'score': -2, 'raison': 'this_month_volume=Very bearish'}, {'critere': 'Volume Trend (last month)', 'score': -2, 'raison': 'last_month_volume=Very bearish'}, {'critere': 'Volume Trend (YTD)', 'score': 2, 'raison': 'year_to_date_volume=Very bullish'}, {'critere': 'Volume Trend (1Y rolling)', 'score': -2, 'raison': 'one_year_rolling_volume=Very bearish'}, {'critere': 'Volume Trend (5Y rolling)', 'score': -2, 'raison': 'five_year_rolling_volume=Very bearish'}, {'critere': 'Most slope direction (this month)', 'score': -1, 'raison': 'this_month_most_direction=Down'}, {'critere': 'Most slope direction (last month)', 'score': -1, 'raison': 'last_month_most_direction=Down'}, {'critere': 'Most slope direction (YTD)', 'score': 1, 'raison': 'year_to_date_direction=Up'}, {'critere': 'Most slope direction (1Y rolling)', 'score': 1, 'raison': 'one_year_rolling_period_most_direction=Up'}, {'critere': 'Most slope direction (5Y rolling)', 'score': 1, 'raison': 'five_year_rolling_period_most_direction=Up'}, {'critere': 'Company news sentiment', 'score': 0, 'raison': 'diff=0.20 neutre'}, {'critere': 'Country news sentiment', 'score': 0, 'raison': 'diff=-0.24 neutre'}, {'critere': 'Insider sentiment', 'score': -1, 'raison': 'insider_sentiment=-1'}]}",sell,-4.793
144,wmt,2025-07-15,95.37723436057732,95.3899993896,94.71877622988671,95.55681523469599,Retail,0.0,1.0,0.0,-1,0.61,0.39,0.41,0.59,"{'mean_sentiment': '0.97', 'positif': '96.55', 'negatifs': '3.45'}","{'current': 95.39, 'high': 120.0, 'low': 64.0, 'mean': 108.95053, 'median': 110.0}",8627621,Down,Down,Up,Up,Up,Bearish,Bearish,Stagnant,Stagnant,Stagnant,Very bearish,Very bearish,Very bullish,Very bearish,Very bearish,buy,"{'decision': 'sell', 'score_total': -4.776, 'details': [{'critere': 'Analyst recommendation', 'score': 1, 'raison': 'Reco du mois = buy'}, {'critere': 'StrongBuy distribution', 'score': 1.0, 'raison': 'mean_strongBuy=1.0'}, {'critere': 'StrongSell distribution', 'score': -0.0, 'raison': 'mean_strongSell=-0.0'}, {'critere': 'Gap between actual price and the LOW analyst price target', 'score': -0.329, 'raison': '(64.0 - 95.39) / 95.39=-0.32907013313764544'}, {'critere': 'Gap between actual price and the HIGH analyst price target', 'score': 0.258, 'raison': '(120.0 - 95.39) / 95.39=0.25799350036691476'}, {'critere': 'Gap between actual price and the MEDIAN analyst price target', 'score': 0.153, 'raison': '(110.0 - 95.39) / 95.39=0.15316070866967188'}, {'critere': 'Gap between actual price and the MEAN analyst price target', 'score': 0.142, 'raison': '(108.95053 - 95.39) / 95.39=0.14215882167942132'}, {'critere': 'Price Trend (this month)', 'score': -0.5, 'raison': 'this_month_trend=Bearish'}, {'critere': 'Price Trend (last month)', 'score': -0.5, 'raison': 'last_month_trend=Bearish'}, {'critere': 'Price Trend (YTD)', 'score': 0, 'raison': 'year_to_date_trend=Stagnant'}, {'critere': 'Price Trend (1Y rolling)', 'score': 0, 'raison': 'one_year_rolling_trend=Stagnant'}, {'critere': 'Price Trend (5Y rolling)', 'score': 0, 'raison': 'five_year_rollingtrend=Stagnant'}, {'critere': 'Volume Trend (this month)', 'score': -2, 'raison': 'this_month_volume=Very bearish'}, {'critere': 'Volume Trend (last month)', 'score': -2, 'raison': 'last_month_volume=Very bearish'}, {'critere': 'Volume Trend (YTD)', 'score': 2, 'raison': 'year_to_date_volume=Very bullish'}, {'critere': 'Volume Trend (1Y rolling)', 'score': -2, 'raison': 'one_year_rolling_volume=Very bearish'}, {'critere': 'Volume Trend (5Y rolling)', 'score': -2, 'raison': 'five_year_rolling_volume=Very bearish'}, {'critere': 'Most slope direction (this month)', 'score': -1, 'raison': 'this_month_most_direction=Down'}, {'critere': 'Most slope direction (last month)', 'score': -1, 'raison': 'last_month_most_direction=Down'}, {'critere': 'Most slope direction (YTD)', 'score': 1, 'raison': 'year_to_date_direction=Up'}, {'critere': 'Most slope direction (1Y rolling)', 'score': 1, 'raison': 'one_year_rolling_period_most_direction=Up'}, {'critere': 'Most slope direction (5Y rolling)', 'score': 1, 'raison': 'five_year_rolling_period_most_direction=Up'}, {'critere': 'Company news sentiment', 'score': 0, 'raison': 'diff=0.22 neutre'}, {'critere': 'Country news sentiment', 'score': 0, 'raison': 'diff=-0.18 neutre'}, {'critere': 'Insider sentiment', 'score': -1, 'raison': 'insider_sentiment=-1'}]}",sell,-4.776
145,wmt,2025-07-16,95.19765119027869,95.1500015259,94.38954108204479,95.60669946486698,Retail,0.0,1.0,0.0,-1,0.625,0.375,0.39,0.61,"{'mean_sentiment': '0.97', 'positif': '96.55', 'negatifs': '3.45'}","{'current': 95.15, 'high': 120.0, 'low': 64.0, 'mean': 108.95053, 'median': 110.0}",8953674,Down,Down,Up,Up,Up,Bearish,Bearish,Stagnant,Stagnant,Stagnant,Very bearish,Very bearish,Very bullish,Very bearish,Very bearish,buy,"{'decision': 'sell', 'score_total': -4.265, 'details': [{'critere': 'Analyst recommendation', 'score': 1, 'raison': 'Reco du mois = buy'}, {'critere': 'StrongBuy distribution', 'score': 1.0, 'raison': 'mean_strongBuy=1.0'}, {'critere': 'StrongSell distribution', 'score': -0.0, 'raison': 'mean_strongSell=-0.0'}, {'critere': 'Gap between actual price and the LOW analyst price target', 'score': -0.327, 'raison': '(64.0 - 95.15) / 95.15=-0.3273778244876511'}, {'critere': 'Gap between actual price and the HIGH analyst price target', 'score': 0.261, 'raison': '(120.0 - 95.15) / 95.15=0.26116657908565416'}, {'critere': 'Gap between actual price and the MEDIAN analyst price target', 'score': 0.156, 'raison': '(110.0 - 95.15) / 95.15=0.15606936416184963'}, {'critere': 'Gap between actual price and the MEAN analyst price target', 'score': 0.145, 'raison': '(108.95053 - 95.15) / 95.15=0.14503972674724114'}, {'critere': 'Price Trend (this month)', 'score': -0.5, 'raison': 'this_month_trend=Bearish'}, {'critere': 'Price Trend (last month)', 'score': -0.5, 'raison': 'last_month_trend=Bearish'}, {'critere': 'Price Trend (YTD)', 'score': 0, 'raison': 'year_to_date_trend=Stagnant'}, {'critere': 'Price Trend (1Y rolling)', 'score': 0, 'raison': 'one_year_rolling_trend=Stagnant'}, {'critere': 'Price Trend (5Y rolling)', 'score': 0, 'raison': 'five_year_rollingtrend=Stagnant'}, {'critere': 'Volume Trend (this month)', 'score': -2, 'raison': 'this_month_volume=Very bearish'}, {'critere': 'Volume Trend (last month)', 'score': -2, 'raison': 'last_month_volume=Very bearish'}, {'critere': 'Volume Trend (YTD)', 'score': 2, 'raison': 'year_to_date_volume=Very bullish'}, {'critere': 'Volume Trend (1Y rolling)', 'score': -2, 'raison': 'one_year_rolling_volume=Very bearish'}, {'critere': 'Volume Trend (5Y rolling)', 'score': -2, 'raison': 'five_year_rolling_volume=Very bearish'}, {'critere': 'Most slope direction (this month)', 'score': -1, 'raison': 'this_month_most_direction=Down'}, {'critere': 'Most slope direction (last month)', 'score': -1, 'raison': 'last_month_most_direction=Down'}, {'critere': 'Most slope direction (YTD)', 'score': 1, 'raison': 'year_to_date_direction=Up'}, {'critere': 'Most slope direction (1Y rolling)', 'score': 1, 'raison': 'one_year_rolling_period_most_direction=Up'}, {'critere': 'Most slope direction (5Y rolling)', 'score': 1, 'raison': 'five_year_rolling_period_most_direction=Up'}, {'critere': 'Company news sentiment', 'score': 0.5, 'raison': 'diff=0.25 ≥ 0.25'}, {'critere': 'Country news sentiment', 'score': 0, 'raison': 'diff=-0.22 neutre'}, {'critere': 'Insider sentiment', 'score': -1, 'raison': 'insider_sentiment=-1'}]}",sell,-4.265
146,wmt,2025-07-17,94.85844461507217,95.0899963379,94.66888492094336,95.40715842771485,Retail,0.0,1.0,0.0,-1,0.6024096385542169,0.39759036144578314,0.46,0.54,"{'mean_sentiment': '0.97', 'positif': '96.55', 'negatifs': '3.45'}","{'current': 95.09, 'high': 120.0, 'low': 64.0, 'mean': 108.95053, 'median': 110.0}",9201445,Down,Down,Up,Up,Up,Bearish,Bearish,Stagnant,Stagnant,Stagnant,Very bearish,Very bearish,Very bullish,Very bearish,Very bearish,buy,"{'decision': 'sell', 'score_total': -4.762, 'details': [{'critere': 'Analyst recommendation', 'score': 1, 'raison': 'Reco du mois = buy'}, {'critere': 'StrongBuy distribution', 'score': 1.0, 'raison': 'mean_strongBuy=1.0'}, {'critere': 'StrongSell distribution', 'score': -0.0, 'raison': 'mean_strongSell=-0.0'}, {'critere': 'Gap between actual price and the LOW analyst price target', 'score': -0.327, 'raison': '(64.0 - 95.09) / 95.09=-0.32695341255652544'}, {'critere': 'Gap between actual price and the HIGH analyst price target', 'score': 0.262, 'raison': '(120.0 - 95.09) / 95.09=0.2619623514565148'}, {'critere': 'Gap between actual price and the MEDIAN analyst price target', 'score': 0.157, 'raison': '(110.0 - 95.09) / 95.09=0.15679882216847194'}, {'critere': 'Gap between actual price and the MEAN analyst price target', 'score': 0.146, 'raison': '(108.95053 - 95.09) / 95.09=0.1457622252602797'}, {'critere': 'Price Trend (this month)', 'score': -0.5, 'raison': 'this_month_trend=Bearish'}, {'critere': 'Price Trend (last month)', 'score': -0.5, 'raison': 'last_month_trend=Bearish'}, {'critere': 'Price Trend (YTD)', 'score': 0, 'raison': 'year_to_date_trend=Stagnant'}, {'critere': 'Price Trend (1Y rolling)', 'score': 0, 'raison': 'one_year_rolling_trend=Stagnant'}, {'critere': 'Price Trend (5Y rolling)', 'score': 0, 'raison': 'five_year_rollingtrend=Stagnant'}, {'critere': 'Volume Trend (this month)', 'score': -2, 'raison': 'this_month_volume=Very bearish'}, {'critere': 'Volume Trend (last month)', 'score': -2, 'raison': 'last_month_volume=Very bearish'}, {'critere': 'Volume Trend (YTD)', 'score': 2, 'raison': 'year_to_date_volume=Very bullish'}, {'critere': 'Volume Trend (1Y rolling)', 'score': -2, 'raison': 'one_year_rolling_volume=Very bearish'}, {'critere': 'Volume Trend (5Y rolling)', 'score': -2, 'raison': 'five_year_rolling_volume=Very bearish'}, {'critere': 'Most slope direction (this month)', 'score': -1, 'raison': 'this_month_most_direction=Down'}, {'critere': 'Most slope direction (last month)', 'score': -1, 'raison': 'last_month_most_direction=Down'}, {'critere': 'Most slope direction (YTD)', 'score': 1, 'raison': 'year_to_date_direction=Up'}, {'critere': 'Most slope direction (1Y rolling)', 'score': 1, 'raison': 'one_year_rolling_period_most_direction=Up'}, {'critere': 'Most slope direction (5Y rolling)', 'score': 1, 'raison': 'five_year_rolling_period_most_direction=Up'}, {'critere': 'Company news sentiment', 'score': 0, 'raison': 'diff=0.20 neutre'}, {'critere': 'Country news sentiment', 'score': 0, 'raison': 'diff=-0.08 neutre'}, {'critere': 'Insider sentiment', 'score': -1, 'raison': 'insider_sentiment=-1'}]}",sell,-4.762
147,wmt,2025-07-18,94.8684218240577,95.1200027466,94.20996368497744,95.25752006595309,Retail,0.0,1.0,0.0,-1,0.5977011494252874,0.40229885057471265,0.42,0.58,"{'mean_sentiment': '0.97', 'positif': '96.55', 'negatifs': '3.45'}","{'current': 95.12, 'high': 120.0, 'low': 64.0, 'mean': 108.95053, 'median': 110.0}",7623836,Down,Down,Up,Up,Up,Bearish,Bearish,Stagnant,Stagnant,Stagnant,Very bearish,Very bearish,Very bullish,Very bearish,Very bearish,buy,"{'decision': 'sell', 'score_total': -4.764, 'details': [{'critere': 'Analyst recommendation', 'score': 1, 'raison': 'Reco du mois = buy'}, {'critere': 'StrongBuy distribution', 'score': 1.0, 'raison': 'mean_strongBuy=1.0'}, {'critere': 'StrongSell distribution', 'score': -0.0, 'raison': 'mean_strongSell=-0.0'}, {'critere': 'Gap between actual price and the LOW analyst price target', 'score': -0.327, 'raison': '(64.0 - 95.12) / 95.12=-0.327165685449958'}, {'critere': 'Gap between actual price and the HIGH analyst price target', 'score': 0.262, 'raison': '(120.0 - 95.12) / 95.12=0.2615643397813288'}, {'critere': 'Gap between actual price and the MEDIAN analyst price target', 'score': 0.156, 'raison': '(110.0 - 95.12) / 95.12=0.15643397813288473'}, {'critere': 'Gap between actual price and the MEAN analyst price target', 'score': 0.145, 'raison': '(108.95053 - 95.12) / 95.12=0.14540086206896546'}, {'critere': 'Price Trend (this month)', 'score': -0.5, 'raison': 'this_month_trend=Bearish'}, {'critere': 'Price Trend (last month)', 'score': -0.5, 'raison': 'last_month_trend=Bearish'}, {'critere': 'Price Trend (YTD)', 'score': 0, 'raison': 'year_to_date_trend=Stagnant'}, {'critere': 'Price Trend (1Y rolling)', 'score': 0, 'raison': 'one_year_rolling_trend=Stagnant'}, {'critere': 'Price Trend (5Y rolling)', 'score': 0, 'raison': 'five_year_rollingtrend=Stagnant'}, {'critere': 'Volume Trend (this month)', 'score': -2, 'raison': 'this_month_volume=Very bearish'}, {'critere': 'Volume Trend (last month)', 'score': -2, 'raison': 'last_month_volume=Very bearish'}, {'critere': 'Volume Trend (YTD)', 'score': 2, 'raison': 'year_to_date_volume=Very bullish'}, {'critere': 'Volume Trend (1Y rolling)', 'score': -2, 'raison': 'one_year_rolling_volume=Very bearish'}, {'critere': 'Volume Trend (5Y rolling)', 'score': -2, 'raison': 'five_year_rolling_volume=Very bearish'}, {'critere': 'Most slope direction (this month)', 'score': -1, 'raison': 'this_month_most_direction=Down'}, {'critere': 'Most slope direction (last month)', 'score': -1, 'raison': 'last_month_most_direction=Down'}, {'critere': 'Most slope direction (YTD)', 'score': 1, 'raison': 'year_to_date_direction=Up'}, {'critere': 'Most slope direction (1Y rolling)', 'score': 1, 'raison': 'one_year_rolling_period_most_direction=Up'}, {'critere': 'Most slope direction (5Y rolling)', 'score': 1, 'raison': 'five_year_rolling_period_most_direction=Up'}, {'critere': 'Company news sentiment', 'score': 0, 'raison': 'diff=0.20 neutre'}, {'critere': 'Country news sentiment', 'score': 0, 'raison': 'diff=-0.16 neutre'}, {'critere': 'Insider sentiment', 'score': -1, 'raison': 'insider_sentiment=-1'}]}",sell,-4.764
148,wmt,2025-07-21,95.03802660369037,96.125,94.87839578324916,96.41480817772181,Retail,0.0,1.0,0.0,-1,0.5698924731182796,0.43010752688172044,0.39,0.61,"{'mean_sentiment': '0.97', 'positif': '96.55', 'negatifs': '3.45'}","{'current': 96.125, 'high': 120.0, 'low': 64.0, 'mean': 108.95053, 'median': 110.0}",5081791,Down,Down,Up,Up,Up,Bearish,Bearish,Stagnant,Stagnant,Stagnant,Very bearish,Very bearish,Very bullish,Very bearish,Very bearish,buy,"{'decision': 'sell', 'score_total': -4.808, 'details': [{'critere': 'Analyst recommendation', 'score': 1, 'raison': 'Reco du mois = buy'}, {'critere': 'StrongBuy distribution', 'score': 1.0, 'raison': 'mean_strongBuy=1.0'}, {'critere': 'StrongSell distribution', 'score': -0.0, 'raison': 'mean_strongSell=-0.0'}, {'critere': 'Gap between actual price and the LOW analyst price target', 'score': -0.334, 'raison': '(64.0 - 96.125) / 96.125=-0.3342002600780234'}, {'critere': 'Gap between actual price and the HIGH analyst price target', 'score': 0.248, 'raison': '(120.0 - 96.125) / 96.125=0.2483745123537061'}, {'critere': 'Gap between actual price and the MEDIAN analyst price target', 'score': 0.144, 'raison': '(110.0 - 96.125) / 96.125=0.14434330299089726'}, {'critere': 'Gap between actual price and the MEAN analyst price target', 'score': 0.133, 'raison': '(108.95053 - 96.125) / 96.125=0.13342553966189857'}, {'critere': 'Price Trend (this month)', 'score': -0.5, 'raison': 'this_month_trend=Bearish'}, {'critere': 'Price Trend (last month)', 'score': -0.5, 'raison': 'last_month_trend=Bearish'}, {'critere': 'Price Trend (YTD)', 'score': 0, 'raison': 'year_to_date_trend=Stagnant'}, {'critere': 'Price Trend (1Y rolling)', 'score': 0, 'raison': 'one_year_rolling_trend=Stagnant'}, {'critere': 'Price Trend (5Y rolling)', 'score': 0, 'raison': 'five_year_rollingtrend=Stagnant'}, {'critere': 'Volume Trend (this month)', 'score': -2, 'raison': 'this_month_volume=Very bearish'}, {'critere': 'Volume Trend (last month)', 'score': -2, 'raison': 'last_month_volume=Very bearish'}, {'critere': 'Volume Trend (YTD)', 'score': 2, 'raison': 'year_to_date_volume=Very bullish'}, {'critere': 'Volume Trend (1Y rolling)', 'score': -2, 'raison': 'one_year_rolling_volume=Very bearish'}, {'critere': 'Volume Trend (5Y rolling)', 'score': -2, 'raison': 'five_year_rolling_volume=Very bearish'}, {'critere': 'Most slope direction (this month)', 'score': -1, 'raison': 'this_month_most_direction=Down'}, {'critere': 'Most slope direction (last month)', 'score': -1, 'raison': 'last_month_most_direction=Down'}, {'critere': 'Most slope direction (YTD)', 'score': 1, 'raison': 'year_to_date_direction=Up'}, {'critere': 'Most slope direction (1Y rolling)', 'score': 1, 'raison': 'one_year_rolling_period_most_direction=Up'}, {'critere': 'Most slope direction (5Y rolling)', 'score': 1, 'raison': 'five_year_rolling_period_most_direction=Up'}, {'critere': 'Company news sentiment', 'score': 0, 'raison': 'diff=0.14 neutre'}, {'critere': 'Country news sentiment', 'score': 0, 'raison': 'diff=-0.22 neutre'}, {'critere': 'Insider sentiment', 'score': -1, 'raison': 'insider_sentiment=-1'}]}",sell,-4.808
149,wmt,2025-07-22,95.6166691200557,95.8000030518,95.51690366327462,96.44473687340995,Retail,0.0,1.0,0.0,-1,0.5228426395939086,0.47715736040609136,0.4,0.6,"{'mean_sentiment': '0.97', 'positif': '96.55', 'negatifs': '3.45'}","{'current': 95.8, 'high': 120.0, 'low': 64.0, 'mean': 108.95053, 'median': 110.0}",7571463,Down,Down,Up,Up,Up,Bearish,Bearish,Stagnant,Stagnant,Stagnant,Very bearish,Very bearish,Very bullish,Very bearish,Very bearish,buy,"{'decision': 'sell', 'score_total': -4.794, 'details': [{'critere': 'Analyst recommendation', 'score': 1, 'raison': 'Reco du mois = buy'}, {'critere': 'StrongBuy distribution', 'score': 1.0, 'raison': 'mean_strongBuy=1.0'}, {'critere': 'StrongSell distribution', 'score': -0.0, 'raison': 'mean_strongSell=-0.0'}, {'critere': 'Gap between actual price and the LOW analyst price target', 'score': -0.332, 'raison': '(64.0 - 95.8) / 95.8=-0.3319415448851774'}, {'critere': 'Gap between actual price and the HIGH analyst price target', 'score': 0.253, 'raison': '(120.0 - 95.8) / 95.8=0.2526096033402923'}, {'critere': 'Gap between actual price and the MEDIAN analyst price target', 'score': 0.148, 'raison': '(110.0 - 95.8) / 95.8=0.1482254697286013'}, {'critere': 'Gap between actual price and the MEAN analyst price target', 'score': 0.137, 'raison': '(108.95053 - 95.8) / 95.8=0.13727066805845514'}, {'critere': 'Price Trend (this month)', 'score': -0.5, 'raison': 'this_month_trend=Bearish'}, {'critere': 'Price Trend (last month)', 'score': -0.5, 'raison': 'last_month_trend=Bearish'}, {'critere': 'Price Trend (YTD)', 'score': 0, 'raison': 'year_to_date_trend=Stagnant'}, {'critere': 'Price Trend (1Y rolling)', 'score': 0, 'raison': 'one_year_rolling_trend=Stagnant'}, {'critere': 'Price Trend (5Y rolling)', 'score': 0, 'raison': 'five_year_rollingtrend=Stagnant'}, {'critere': 'Volume Trend (this month)', 'score': -2, 'raison': 'this_month_volume=Very bearish'}, {'critere': 'Volume Trend (last month)', 'score': -2, 'raison': 'last_month_volume=Very bearish'}, {'critere': 'Volume Trend (YTD)', 'score': 2, 'raison': 'year_to_date_volume=Very bullish'}, {'critere': 'Volume Trend (1Y rolling)', 'score': -2, 'raison': 'one_year_rolling_volume=Very bearish'}, {'critere': 'Volume Trend (5Y rolling)', 'score': -2, 'raison': 'five_year_rolling_volume=Very bearish'}, {'critere': 'Most slope direction (this month)', 'score': -1, 'raison': 'this_month_most_direction=Down'}, {'critere': 'Most slope direction (last month)', 'score': -1, 'raison': 'last_month_most_direction=Down'}, {'critere': 'Most slope direction (YTD)', 'score': 1, 'raison': 'year_to_date_direction=Up'}, {'critere': 'Most slope direction (1Y rolling)', 'score': 1, 'raison': 'one_year_rolling_period_most_direction=Up'}, {'critere': 'Most slope direction (5Y rolling)', 'score': 1, 'raison': 'five_year_rolling_period_most_direction=Up'}, {'critere': 'Company news sentiment', 'score': 0, 'raison': 'diff=0.05 neutre'}, {'critere': 'Country news sentiment', 'score': 0, 'raison': 'diff=-0.20 neutre'}, {'critere': 'Insider sentiment', 'score': -1, 'raison': 'insider_sentiment=-1'}]}",sell,-4.794
150,wmt,2025-07-23,95.78627936868139,95.6800003052,95.06795589677684,96.06562569406283,Retail,0.0,1.0,0.0,-1,0.47668393782383417,0.5233160621761658,0.4,0.6,"{'mean_sentiment': '0.97', 'positif': '96.55', 'negatifs': '3.45'}","{'current': 95.68, 'high': 120.0, 'low': 64.0, 'mean': 109.31895, 'median': 110.0}",8109419,Down,Down,Up,Up,Up,Bearish,Bearish,Stagnant,Stagnant,Stagnant,Very bearish,Very bearish,Very bullish,Very bearish,Very bearish,buy,"{'decision': 'sell', 'score_total': -4.785, 'details': [{'critere': 'Analyst recommendation', 'score': 1, 'raison': 'Reco du mois = buy'}, {'critere': 'StrongBuy distribution', 'score': 1.0, 'raison': 'mean_strongBuy=1.0'}, {'critere': 'StrongSell distribution', 'score': -0.0, 'raison': 'mean_strongSell=-0.0'}, {'critere': 'Gap between actual price and the LOW analyst price target', 'score': -0.331, 'raison': '(64.0 - 95.68) / 95.68=-0.33110367892976594'}, {'critere': 'Gap between actual price and the HIGH analyst price target', 'score': 0.254, 'raison': '(120.0 - 95.68) / 95.68=0.25418060200668885'}, {'critere': 'Gap between actual price and the MEDIAN analyst price target', 'score': 0.15, 'raison': '(110.0 - 95.68) / 95.68=0.1496655518394648'}, {'critere': 'Gap between actual price and the MEAN analyst price target', 'score': 0.143, 'raison': '(109.31895 - 95.68) / 95.68=0.142547554347826'}, {'critere': 'Price Trend (this month)', 'score': -0.5, 'raison': 'this_month_trend=Bearish'}, {'critere': 'Price Trend (last month)', 'score': -0.5, 'raison': 'last_month_trend=Bearish'}, {'critere': 'Price Trend (YTD)', 'score': 0, 'raison': 'year_to_date_trend=Stagnant'}, {'critere': 'Price Trend (1Y rolling)', 'score': 0, 'raison': 'one_year_rolling_trend=Stagnant'}, {'critere': 'Price Trend (5Y rolling)', 'score': 0, 'raison': 'five_year_rollingtrend=Stagnant'}, {'critere': 'Volume Trend (this month)', 'score': -2, 'raison': 'this_month_volume=Very bearish'}, {'critere': 'Volume Trend (last month)', 'score': -2, 'raison': 'last_month_volume=Very bearish'}, {'critere': 'Volume Trend (YTD)', 'score': 2, 'raison': 'year_to_date_volume=Very bullish'}, {'critere': 'Volume Trend (1Y rolling)', 'score': -2, 'raison': 'one_year_rolling_volume=Very bearish'}, {'critere': 'Volume Trend (5Y rolling)', 'score': -2, 'raison': 'five_year_rolling_volume=Very bearish'}, {'critere': 'Most slope direction (this month)', 'score': -1, 'raison': 'this_month_most_direction=Down'}, {'critere': 'Most slope direction (last month)', 'score': -1, 'raison': 'last_month_most_direction=Down'}, {'critere': 'Most slope direction (YTD)', 'score': 1, 'raison': 'year_to_date_direction=Up'}, {'critere': 'Most slope direction (1Y rolling)', 'score': 1, 'raison': 'one_year_rolling_period_most_direction=Up'}, {'critere': 'Most slope direction (5Y rolling)', 'score': 1, 'raison': 'five_year_rolling_period_most_direction=Up'}, {'critere': 'Company news sentiment', 'score': 0, 'raison': 'diff=-0.05 neutre'}, {'critere': 'Country news sentiment', 'score': 0, 'raison': 'diff=-0.20 neutre'}, {'critere': 'Insider sentiment', 'score': -1, 'raison': 'insider_sentiment=-1'}]}",sell,-4.785
151,wmt,2025-07-24,95.34730214535291,96.5999984741,95.12781357226817,96.73406255353405,Retail,0.0,1.0,0.0,-1,0.48,0.52,0.46,0.54,"{'mean_sentiment': '0.97', 'positif': '96.55', 'negatifs': '3.45'}","{'current': 96.6, 'high': 120.0, 'low': 64.0, 'mean': 109.31895, 'median': 110.0}",12363054,Down,Down,Up,Up,Up,Stagnant,Stagnant,Stagnant,Stagnant,Stagnant,Very bearish,Very bearish,Very bullish,Very bearish,Very bearish,buy,"{'decision': 'sell', 'score_total': -3.825, 'details': [{'critere': 'Analyst recommendation', 'score': 1, 'raison': 'Reco du mois = buy'}, {'critere': 'StrongBuy distribution', 'score': 1.0, 'raison': 'mean_strongBuy=1.0'}, {'critere': 'StrongSell distribution', 'score': -0.0, 'raison': 'mean_strongSell=-0.0'}, {'critere': 'Gap between actual price and the LOW analyst price target', 'score': -0.337, 'raison': '(64.0 - 96.6) / 96.6=-0.3374741200828157'}, {'critere': 'Gap between actual price and the HIGH analyst price target', 'score': 0.242, 'raison': '(120.0 - 96.6) / 96.6=0.24223602484472057'}, {'critere': 'Gap between actual price and the MEDIAN analyst price target', 'score': 0.139, 'raison': '(110.0 - 96.6) / 96.6=0.13871635610766053'}, {'critere': 'Gap between actual price and the MEAN analyst price target', 'score': 0.132, 'raison': '(109.31895 - 96.6) / 96.6=0.13166614906832305'}, {'critere': 'Price Trend (this month)', 'score': 0, 'raison': 'this_month_trend=Stagnant'}, {'critere': 'Price Trend (last month)', 'score': 0, 'raison': 'last_month_trend=Stagnant'}, {'critere': 'Price Trend (YTD)', 'score': 0, 'raison': 'year_to_date_trend=Stagnant'}, {'critere': 'Price Trend (1Y rolling)', 'score': 0, 'raison': 'one_year_rolling_trend=Stagnant'}, {'critere': 'Price Trend (5Y rolling)', 'score': 0, 'raison': 'five_year_rollingtrend=Stagnant'}, {'critere': 'Volume Trend (this month)', 'score': -2, 'raison': 'this_month_volume=Very bearish'}, {'critere': 'Volume Trend (last month)', 'score': -2, 'raison': 'last_month_volume=Very bearish'}, {'critere': 'Volume Trend (YTD)', 'score': 2, 'raison': 'year_to_date_volume=Very bullish'}, {'critere': 'Volume Trend (1Y rolling)', 'score': -2, 'raison': 'one_year_rolling_volume=Very bearish'}, {'critere': 'Volume Trend (5Y rolling)', 'score': -2, 'raison': 'five_year_rolling_volume=Very bearish'}, {'critere': 'Most slope direction (this month)', 'score': -1, 'raison': 'this_month_most_direction=Down'}, {'critere': 'Most slope direction (last month)', 'score': -1, 'raison': 'last_month_most_direction=Down'}, {'critere': 'Most slope direction (YTD)', 'score': 1, 'raison': 'year_to_date_direction=Up'}, {'critere': 'Most slope direction (1Y rolling)', 'score': 1, 'raison': 'one_year_rolling_period_most_direction=Up'}, {'critere': 'Most slope direction (5Y rolling)', 'score': 1, 'raison': 'five_year_rolling_period_most_direction=Up'}, {'critere': 'Company news sentiment', 'score': 0, 'raison': 'diff=-0.04 neutre'}, {'critere': 'Country news sentiment', 'score': 0, 'raison': 'diff=-0.08 neutre'}, {'critere': 'Insider sentiment', 'score': -1, 'raison': 'insider_sentiment=-1'}]}",sell,-3.825
153,wmt,2025-07-28,97.2799987793,97.2149963379,97.0800018311,98.125,Retail,0.0,1.0,0.0,-1,0.5081967213114754,0.4918032786885246,0.4,0.6,"{'mean_sentiment': '0.97', 'positif': '96.55', 'negatifs': '3.45'}","{'current': 97.2197, 'high': 120.0, 'low': 64.0, 'mean': 109.54054, 'median': 110.0}",8059631,Down,Down,Up,Up,Up,Stagnant,Stagnant,Stagnant,Stagnant,Stagnant,Very bearish,Very bearish,Very bullish,Very bearish,Very bearish,buy,"{'decision': 'sell', 'score_total': -3.849, 'details': [{'critere': 'Analyst recommendation', 'score': 1, 'raison': 'Reco du mois = buy'}, {'critere': 'StrongBuy distribution', 'score': 1.0, 'raison': 'mean_strongBuy=1.0'}, {'critere': 'StrongSell distribution', 'score': -0.0, 'raison': 'mean_strongSell=-0.0'}, {'critere': 'Gap between actual price and the LOW analyst price target', 'score': -0.342, 'raison': '(64.0 - 97.2197) / 97.2197=-0.3416972074589821'}, {'critere': 'Gap between actual price and the HIGH analyst price target', 'score': 0.234, 'raison': '(120.0 - 97.2197) / 97.2197=0.23431773601440856'}, {'critere': 'Gap between actual price and the MEDIAN analyst price target', 'score': 0.131, 'raison': '(110.0 - 97.2197) / 97.2197=0.13145792467987452'}, {'critere': 'Gap between actual price and the MEAN analyst price target', 'score': 0.127, 'raison': '(109.54054 - 97.2197) / 97.2197=0.12673192778829795'}, {'critere': 'Price Trend (this month)', 'score': 0, 'raison': 'this_month_trend=Stagnant'}, {'critere': 'Price Trend (last month)', 'score': 0, 'raison': 'last_month_trend=Stagnant'}, {'critere': 'Price Trend (YTD)', 'score': 0, 'raison': 'year_to_date_trend=Stagnant'}, {'critere': 'Price Trend (1Y rolling)', 'score': 0, 'raison': 'one_year_rolling_trend=Stagnant'}, {'critere': 'Price Trend (5Y rolling)', 'score': 0, 'raison': 'five_year_rollingtrend=Stagnant'}, {'critere': 'Volume Trend (this month)', 'score': -2, 'raison': 'this_month_volume=Very bearish'}, {'critere': 'Volume Trend (last month)', 'score': -2, 'raison': 'last_month_volume=Very bearish'}, {'critere': 'Volume Trend (YTD)', 'score': 2, 'raison': 'year_to_date_volume=Very bullish'}, {'critere': 'Volume Trend (1Y rolling)', 'score': -2, 'raison': 'one_year_rolling_volume=Very bearish'}, {'critere': 'Volume Trend (5Y rolling)', 'score': -2, 'raison': 'five_year_rolling_volume=Very bearish'}, {'critere': 'Most slope direction (this month)', 'score': -1, 'raison': 'this_month_most_direction=Down'}, {'critere': 'Most slope direction (last month)', 'score': -1, 'raison': 'last_month_most_direction=Down'}, {'critere': 'Most slope direction (YTD)', 'score': 1, 'raison': 'year_to_date_direction=Up'}, {'critere': 'Most slope direction (1Y rolling)', 'score': 1, 'raison': 'one_year_rolling_period_most_direction=Up'}, {'critere': 'Most slope direction (5Y rolling)', 'score': 1, 'raison': 'five_year_rolling_period_most_direction=Up'}, {'critere': 'Company news sentiment', 'score': 0, 'raison': 'diff=0.02 neutre'}, {'critere': 'Country news sentiment', 'score': 0, 'raison': 'diff=-0.20 neutre'}, {'critere': 'Insider sentiment', 'score': -1, 'raison': 'insider_sentiment=-1'}]}",sell,-3.849
154,wmt,2025-07-29,97.7799987793,98.3300018311,97.3399963379,98.7200012207,Retail,0.0,1.0,0.0,-1,0.48258706467661694,0.5174129353233831,0.39,0.61,"{'mean_sentiment': '0.97', 'positif': '96.55', 'negatifs': '3.45'}","{'current': 98.33, 'high': 120.0, 'low': 64.0, 'mean': 109.54054, 'median': 110.0}",10389855,Down,Down,Up,Up,Up,Stagnant,Stagnant,Stagnant,Stagnant,Stagnant,Very bearish,Very bearish,Very bullish,Very bearish,Very bearish,buy,"{'decision': 'sell', 'score_total': -3.896, 'details': [{'critere': 'Analyst recommendation', 'score': 1, 'raison': 'Reco du mois = buy'}, {'critere': 'StrongBuy distribution', 'score': 1.0, 'raison': 'mean_strongBuy=1.0'}, {'critere': 'StrongSell distribution', 'score': -0.0, 'raison': 'mean_strongSell=-0.0'}, {'critere': 'Gap between actual price and the LOW analyst price target', 'score': -0.349, 'raison': '(64.0 - 98.33) / 98.33=-0.3491304789992881'}, {'critere': 'Gap between actual price and the HIGH analyst price target', 'score': 0.22, 'raison': '(120.0 - 98.33) / 98.33=0.2203803518763348'}, {'critere': 'Gap between actual price and the MEDIAN analyst price target', 'score': 0.119, 'raison': '(110.0 - 98.33) / 98.33=0.11868198921997358'}, {'critere': 'Gap between actual price and the MEAN analyst price target', 'score': 0.114, 'raison': '(109.54054 - 98.33) / 98.33=0.11400935624936433'}, {'critere': 'Price Trend (this month)', 'score': 0, 'raison': 'this_month_trend=Stagnant'}, {'critere': 'Price Trend (last month)', 'score': 0, 'raison': 'last_month_trend=Stagnant'}, {'critere': 'Price Trend (YTD)', 'score': 0, 'raison': 'year_to_date_trend=Stagnant'}, {'critere': 'Price Trend (1Y rolling)', 'score': 0, 'raison': 'one_year_rolling_trend=Stagnant'}, {'critere': 'Price Trend (5Y rolling)', 'score': 0, 'raison': 'five_year_rollingtrend=Stagnant'}, {'critere': 'Volume Trend (this month)', 'score': -2, 'raison': 'this_month_volume=Very bearish'}, {'critere': 'Volume Trend (last month)', 'score': -2, 'raison': 'last_month_volume=Very bearish'}, {'critere': 'Volume Trend (YTD)', 'score': 2, 'raison': 'year_to_date_volume=Very bullish'}, {'critere': 'Volume Trend (1Y rolling)', 'score': -2, 'raison': 'one_year_rolling_volume=Very bearish'}, {'critere': 'Volume Trend (5Y rolling)', 'score': -2, 'raison': 'five_year_rolling_volume=Very bearish'}, {'critere': 'Most slope direction (this month)', 'score': -1, 'raison': 'this_month_most_direction=Down'}, {'critere': 'Most slope direction (last month)', 'score': -1, 'raison': 'last_month_most_direction=Down'}, {'critere': 'Most slope direction (YTD)', 'score': 1, 'raison': 'year_to_date_direction=Up'}, {'critere': 'Most slope direction (1Y rolling)', 'score': 1, 'raison': 'one_year_rolling_period_most_direction=Up'}, {'critere': 'Most slope direction (5Y rolling)', 'score': 1, 'raison': 'five_year_rolling_period_most_direction=Up'}, {'critere': 'Company news sentiment', 'score': 0, 'raison': 'diff=-0.03 neutre'}, {'critere': 'Country news sentiment', 'score': 0, 'raison': 'diff=-0.22 neutre'}, {'critere': 'Insider sentiment', 'score': -1, 'raison': 'insider_sentiment=-1'}]}",sell,-3.896
155,wmt,2025-07-30,98.6100006104,97.7399978638,97.4100036621,98.8799972534,Retail,0.0,1.0,0.0,-1,0.5025641025641026,0.49743589743589745,0.3,0.7,"{'mean_sentiment': '0.97', 'positif': '96.55', 'negatifs': '3.45'}","{'current': 97.74, 'high': 120.0, 'low': 64.0, 'mean': 109.54054, 'median': 110.0}",6560385,Down,Up,Up,Up,Up,Stagnant,Stagnant,Stagnant,Stagnant,Stagnant,Very bearish,Very bearish,Very bullish,Very bearish,Very bearish,buy,"{'decision': 'sell', 'score_total': -2.371, 'details': [{'critere': 'Analyst recommendation', 'score': 1, 'raison': 'Reco du mois = buy'}, {'critere': 'StrongBuy distribution', 'score': 1.0, 'raison': 'mean_strongBuy=1.0'}, {'critere': 'StrongSell distribution', 'score': -0.0, 'raison': 'mean_strongSell=-0.0'}, {'critere': 'Gap between actual price and the LOW analyst price target', 'score': -0.345, 'raison': '(64.0 - 97.74) / 97.74=-0.3452015551463065'}, {'critere': 'Gap between actual price and the HIGH analyst price target', 'score': 0.228, 'raison': '(120.0 - 97.74) / 97.74=0.22774708410067532'}, {'critere': 'Gap between actual price and the MEDIAN analyst price target', 'score': 0.125, 'raison': '(110.0 - 97.74) / 97.74=0.1254348270922857'}, {'critere': 'Gap between actual price and the MEAN analyst price target', 'score': 0.121, 'raison': '(109.54054 - 97.74) / 97.74=0.12073398813177817'}, {'critere': 'Price Trend (this month)', 'score': 0, 'raison': 'this_month_trend=Stagnant'}, {'critere': 'Price Trend (last month)', 'score': 0, 'raison': 'last_month_trend=Stagnant'}, {'critere': 'Price Trend (YTD)', 'score': 0, 'raison': 'year_to_date_trend=Stagnant'}, {'critere': 'Price Trend (1Y rolling)', 'score': 0, 'raison': 'one_year_rolling_trend=Stagnant'}, {'critere': 'Price Trend (5Y rolling)', 'score': 0, 'raison': 'five_year_rollingtrend=Stagnant'}, {'critere': 'Volume Trend (this month)', 'score': -2, 'raison': 'this_month_volume=Very bearish'}, {'critere': 'Volume Trend (last month)', 'score': -2, 'raison': 'last_month_volume=Very bearish'}, {'critere': 'Volume Trend (YTD)', 'score': 2, 'raison': 'year_to_date_volume=Very bullish'}, {'critere': 'Volume Trend (1Y rolling)', 'score': -2, 'raison': 'one_year_rolling_volume=Very bearish'}, {'critere': 'Volume Trend (5Y rolling)', 'score': -2, 'raison': 'five_year_rolling_volume=Very bearish'}, {'critere': 'Most slope direction (this month)', 'score': -1, 'raison': 'this_month_most_direction=Down'}, {'critere': 'Most slope direction (last month)', 'score': 1, 'raison': 'last_month_most_direction=Up'}, {'critere': 'Most slope direction (YTD)', 'score': 1, 'raison': 'year_to_date_direction=Up'}, {'critere': 'Most slope direction (1Y rolling)', 'score': 1, 'raison': 'one_year_rolling_period_most_direction=Up'}, {'critere': 'Most slope direction (5Y rolling)', 'score': 1, 'raison': 'five_year_rolling_period_most_direction=Up'}, {'critere': 'Company news sentiment', 'score': 0, 'raison': 'diff=0.01 neutre'}, {'critere': 'Country news sentiment', 'score': -0.5, 'raison': 'diff=-0.40 ≤ -0.25'}, {'critere': 'Insider sentiment', 'score': -1, 'raison': 'insider_sentiment=-1'}]}",sell,-2.371
156,wmt,2025-07-31,97.4400024414,98.0950012207,97.3199996948,98.6200027466,Retail,0.0,1.0,0.0,-1,0.48514851485148514,0.5148514851485149,0.35,0.65,"{'mean_sentiment': '0.97', 'positif': '96.55', 'negatifs': '3.45'}","{'current': 98.085, 'high': 120.0, 'low': 64.0, 'mean': 109.54054, 'median': 110.0}",8799295,Down,Up,Up,Up,Up,Stagnant,Stagnant,Stagnant,Stagnant,Stagnant,Very bearish,Very bearish,Very bullish,Very bearish,Very bearish,buy,"{'decision': 'sell', 'score_total': -2.386, 'details': [{'critere': 'Analyst recommendation', 'score': 1, 'raison': 'Reco du mois = buy'}, {'critere': 'StrongBuy distribution', 'score': 1.0, 'raison': 'mean_strongBuy=1.0'}, {'critere': 'StrongSell distribution', 'score': -0.0, 'raison': 'mean_strongSell=-0.0'}, {'critere': 'Gap between actual price and the LOW analyst price target', 'score': -0.348, 'raison': '(64.0 - 98.085) / 98.085=-0.3475047152979558'}, {'critere': 'Gap between actual price and the HIGH analyst price target', 'score': 0.223, 'raison': '(120.0 - 98.085) / 98.085=0.22342865881633284'}, {'critere': 'Gap between actual price and the MEDIAN analyst price target', 'score': 0.121, 'raison': '(110.0 - 98.085) / 98.085=0.12147627058163844'}, {'critere': 'Gap between actual price and the MEAN analyst price target', 'score': 0.117, 'raison': '(109.54054 - 98.085) / 98.085=0.1167919661518071'}, {'critere': 'Price Trend (this month)', 'score': 0, 'raison': 'this_month_trend=Stagnant'}, {'critere': 'Price Trend (last month)', 'score': 0, 'raison': 'last_month_trend=Stagnant'}, {'critere': 'Price Trend (YTD)', 'score': 0, 'raison': 'year_to_date_trend=Stagnant'}, {'critere': 'Price Trend (1Y rolling)', 'score': 0, 'raison': 'one_year_rolling_trend=Stagnant'}, {'critere': 'Price Trend (5Y rolling)', 'score': 0, 'raison': 'five_year_rollingtrend=Stagnant'}, {'critere': 'Volume Trend (this month)', 'score': -2, 'raison': 'this_month_volume=Very bearish'}, {'critere': 'Volume Trend (last month)', 'score': -2, 'raison': 'last_month_volume=Very bearish'}, {'critere': 'Volume Trend (YTD)', 'score': 2, 'raison': 'year_to_date_volume=Very bullish'}, {'critere': 'Volume Trend (1Y rolling)', 'score': -2, 'raison': 'one_year_rolling_volume=Very bearish'}, {'critere': 'Volume Trend (5Y rolling)', 'score': -2, 'raison': 'five_year_rolling_volume=Very bearish'}, {'critere': 'Most slope direction (this month)', 'score': -1, 'raison': 'this_month_most_direction=Down'}, {'critere': 'Most slope direction (last month)', 'score': 1, 'raison': 'last_month_most_direction=Up'}, {'critere': 'Most slope direction (YTD)', 'score': 1, 'raison': 'year_to_date_direction=Up'}, {'critere': 'Most slope direction (1Y rolling)', 'score': 1, 'raison': 'one_year_rolling_period_most_direction=Up'}, {'critere': 'Most slope direction (5Y rolling)', 'score': 1, 'raison': 'five_year_rolling_period_most_direction=Up'}, {'critere': 'Company news sentiment', 'score': 0, 'raison': 'diff=-0.03 neutre'}, {'critere': 'Country news sentiment', 'score': -0.5, 'raison': 'diff=-0.30 ≤ -0.25'}, {'critere': 'Insider sentiment', 'score': -1, 'raison': 'insider_sentiment=-1'}]}",sell,-2.386
